uid,civilite,prenom,nom,date_naissance,ville_naissance,groupe_politique,departement,circonscription,profession_declaree,insee_cat_socpro,insee_fam_socpro,wikidata_url,frwiki_url,plus_haut_diplome,domaines_etudes,a_travaille_prive,a_travaille_public,carriere_politique_seule,profil_carriere,confiance,notes
PA793214,Mme,Audrey,Abadie-Amiel,1974-11-16,Toulouse,"Libertés, Indépendants, Outre-mer et Territoires",Ariège,2,Enseignante,Professeurs et professions scientifiques supérieures,Cadres et professions intellectuelles supérieures,http://www.wikidata.org/entity/Q136485468,https://fr.wikipedia.org/wiki/Audrey_Abadie-Amiel,bac+5,education | lettres-sciences humaines,0,1,0,public_uniquement,moyenne,A aussi été collaboratrice parlementaire juste avant de devenir députée elle-même.
PA795228,Mme,Nadège,Abomangoli,1975-09-15,Brazzaville,La France insoumise - Nouveau Front Populaire,Seine-Saint-Denis,10,Contrôleure interne et risk manager,Cadres administratifs et techniques de la fonction publique,Cadres et professions intellectuelles supérieures,http://www.wikidata.org/entity/Q63765036,https://fr.wikipedia.org/wiki/Nad%C3%A8ge_Abomangoli,bac+5,communication-journalisme | lettres-sciences humaines | sciences politiques,0,1,0,public_uniquement,haute,A aussi été collaboratrice parlementaire au Sénat entre deux postes à la Mairie de Paris.
PA794278,M.,Xavier,Albertini,1970-01-28,Royan,Horizons & Indépendants,Marne,1,Profession libérale,Professions libérales,Cadres et professions intellectuelles supérieures,http://www.wikidata.org/entity/Q61951618,https://fr.wikipedia.org/wiki/Xavier_Albertini,bac+5,droit,1,0,0,prive_uniquement,moyenne,Diplôme d'avocat inféré de sa profession déclarée (non détaillé explicitement dans la source); a aussi été assistant parlementaire au début de sa carrière.
PA793262,M.,Laurent,Alexandre,1973-06-09,Decazeville,La France insoumise - Nouveau Front Populaire,Aveyron,2,Ouvrier qualifié de type industriel,Ouvriers qualifiés de type industriel,Ouvriers,http://www.wikidata.org/entity/Q98249705,https://fr.wikipedia.org/wiki/Laurent_Alexandre_(homme_politique),bac+2,ingenierie,1,0,0,prive_uniquement,haute,
PA793992,M.,Henri,Alfandari,1979-10-02,Chambray-lès-Tours,Horizons & Indépendants,Indre-et-Loire,3,"Ancien artisan, commerçant, chef d'entreprise",Sans profession déclarée,Sans profession déclarée,http://www.wikidata.org/entity/Q98238527,https://fr.wikipedia.org/wiki/Henri_Alfandari,bac_ou_moins,economie-gestion,1,0,0,prive_uniquement,haute,"Selon Mag'Centre, il part étudier l'économie-gestion à Paris à 18 ans mais n'achève pas ce cursus (aucun diplôme obtenu, d'où bac_ou_moins) avant de bifurquer vers le cinéma documentaire (assistanat de production/décoration, réalisation). Sa déclaration HATVP confirme ensuite un poste salarié de directeur de la communication du Groupe/Holding Saint-Gatien (clinique privée familiale) de janvier 2016 à février 2021, avec rémunérations déclarées. Carrière donc intégralement privée. Institution précise des études non retrouvée."
PA841067,M.,Alexandre,Allegret-Pilot,1989-01-11,Annecy,Union des droites pour la République,Gard,5,(33) - Cadre de la fonction publique,Cadres administratifs et techniques de la fonction publique,Cadres et professions intellectuelles supérieures,http://www.wikidata.org/entity/Q126693963,https://fr.wikipedia.org/wiki/Alexandre_Allegret-Pilot,bac+5,gestion-commerce | sciences politiques | sciences,1,1,0,mixte_public_prive,haute,
PA840665,Mme,Marie-José,Allemand,1970-01-27,Manosque,Socialistes et apparentés,Hautes-Alpes,1,(12) - Agriculteur sur moyenne exploitation,Agriculteurs exploitants,Agriculteurs exploitants,http://www.wikidata.org/entity/Q126688999,https://fr.wikipedia.org/wiki/Marie-Jos%C3%A9_Allemand,inconnu,,1,0,0,prive_uniquement,haute,"Aucune information sur son parcours d'études trouvée malgré plusieurs recherches ciblées (formation agricole, BTSA, lycée agricole). Carrière agricole en revanche bien documentée : conjointe collaboratrice puis exploitante dans le GAEC familial (élevage ovin), présidente de longue date de l'association Ciel d'Azur. Profession agricole = liberal_independant, compte comme privé selon la convention du schéma. - Aucune nouvelle information sur son parcours d'études : la fiche HATVP locale (activités/mandats/dirigeant/bénévole) ne mentionne aucune formation, l'infobox du wikitext brut Wikipédia laisse le champ « université » vide, et la fiche AN se limite à la catégorie socio-professionnelle déclarée. Carrière enrichie par la lecture directe du JSON HATVP local : confirme le statut d'agricultrice depuis 04/2021, ajoute une fonction de dirigeante du Parti socialiste des Hautes-Alpes depuis 01/2018 (non présente dans le lot précédent), et situe le début de son rôle de dirigeante de l'association Ciel d'Azur en 01/2018 (cohérent avec « plus de 20 ans » si elle était déjà impliquée avant sans être déclarante). Diplôme laissé à « inconnu » : aucune profession réglementée ne s'applique (agricultrice = liberal_independant, ne présume aucun niveau de diplôme précis)."
PA793432,M.,Franck,Allisio,1980-08-04,Marseille,Rassemblement National,Bouches-du-Rhône,12,Profession libérale,Professions libérales,Cadres et professions intellectuelles supérieures,http://www.wikidata.org/entity/Q47539353,https://fr.wikipedia.org/wiki/Franck_Allisio,bac+5,droit | sciences politiques,0,0,1,politique_principalement,moyenne,Déclare une 'profession libérale' mais la biographie ne décrit qu'une carrière de collaborateur politique.
PA841207,M.,Charles,Alloncle,1993-10-21,Nancy,Union des droites pour la République,Hérault,9,(37) - Cadre administratif et commercial d'entreprise,Cadres des services administratifs et commerciaux d’entreprise,Cadres et professions intellectuelles supérieures,http://www.wikidata.org/entity/Q126539921,https://fr.wikipedia.org/wiki/Charles_Alloncle,bac+5,sciences politiques | gestion-commerce,,,1,politique_principalement,moyenne,"La profession déclarée (cadre administratif et commercial d'entreprise) n'est pas détaillée dans la biographie, qui ne mentionne que des engagements politiques et partisans."
PA794906,M.,Gabriel,Amard,1967-05-05,Juvisy-sur-Orge,La France insoumise - Nouveau Front Populaire,Rhône,6,Cadre administratif et commercial d'entreprise,Cadres des services administratifs et commerciaux d’entreprise,Cadres et professions intellectuelles supérieures,http://www.wikidata.org/entity/Q3093583,https://fr.wikipedia.org/wiki/Gabriel_Amard,inconnu,,1,1,0,mixte_public_prive,haute,"Aucun diplôme ou établissement d'études retrouvé malgré plusieurs recherches (site personnel gabrielamard.fr, presse, biographies en ligne) ; son site 'Qui suis-je' ne mentionne aucune formation. La déclaration HATVP documente en revanche précisément son activité salariée de directeur de formation au FDC (société privée de formation des élus locaux) de 2019 à 2022, complétée par une mission ponctuelle rémunérée pour le CNFPT (organisme public) en 2019. Avant cela, longue carrière élective locale (maire de Viry-Châtillon 1995-2006, président d'agglomération 2004-2014) non comptée comme 'carrière professionnelle' au sens du schéma. - Aucun diplôme ni établissement d'études retrouvé. Le wikitext brut Wikipédia apporte un détail biographique nouveau (père expert-comptable, mère magistrate, scoutisme laïque aux Éclaireuses Éclaireurs de France) mais rien sur son propre parcours scolaire ou universitaire ; le champ infobox « université » n'existe même pas dans son modèle d'infobox. Fiche AN vérifiée : ne donne que la catégorie socio-professionnelle déclarée. Relecture du JSON HATVP local : confirme précisément l'activité de directeur de formation au FDC, avec une déclaration antérieure indiquant un début en janvier 2016 (plus ancien que les janvier 2019 retenus précédemment) et la mission ponctuelle rémunérée au CNFPT en 2019. N'a pas re-testé gabrielamard.fr ni la presse déjà consultée par le chercheur précédent (sources jugées épuisées)."
PA841495,M.,Maxime,Amblard,1996-09-06,L'Isle-d'Espagnac,Rassemblement National,Meuse,1,(38) - Ingénieur et cadre technique d'entreprise,Cadres des services administratifs et commerciaux d’entreprise,Cadres et professions intellectuelles supérieures,http://www.wikidata.org/entity/Q127253515,https://fr.wikipedia.org/wiki/Maxime_Amblard,bac+5,ingenierie | sciences,1,0,0,prive_uniquement,haute,Également représentant syndical CFDT chez Framatome.
PA794138,Mme,Ségolène,Amiot,1986-02-23,Chatenay-Malabry,La France insoumise - Nouveau Front Populaire,Loire-Atlantique,3,Employé administratif d'entreprise,Employés administratifs d'entreprise,Employés,http://www.wikidata.org/entity/Q112650690,https://fr.wikipedia.org/wiki/S%C3%A9gol%C3%A8ne_Amiot,bac_ou_moins,,1,0,0,prive_uniquement,moyenne,"A abandonné des études d'ostéopathie faute de moyens financiers, sans obtenir de diplôme."
PA610968,M.,Pouria,Amirshahi,1972-03-27,Shemran,Écologiste et Social,Paris,5,Cadre territorial de catégorie A,Cadres administratifs et techniques de la fonction publique,Cadres et professions intellectuelles supérieures,http://www.wikidata.org/entity/Q3400568,https://fr.wikipedia.org/wiki/Pouria_Amirshahi,bac+3_4,droit | economie,0,1,0,public_uniquement,moyenne,"Sa fiche IRIS indique qu'il est diplome en droit et en administration economique et sociale (AES) a Paris 1 Pantheon-Sorbonne, sans preciser le niveau exact (licence/maitrise); il a ete president de l'Unef-ID pendant ses etudes (source: https://www.iris-france.org/en/chercheurs/pouria-amirshahi-2/)."
PA795588,Mme,Farida,Amrani,1976-09-03,Ajdir,La France insoumise - Nouveau Front Populaire,Essonne,1,Cadre de la fonction publique,"Employés administratifs de la fonction publique, agents de service et auxiliaires de santé",Employés,http://www.wikidata.org/entity/Q40289093,https://fr.wikipedia.org/wiki/Farida_Amrani,bac+2,gestion-commerce,0,1,0,public_uniquement,haute,Engagement syndical (CGT) mentionné mais non détaillé comme emploi.
PA721158,M.,Pieyre-Alexandre,Anglade,1986-11-02,Paris,Ensemble pour la République,Français établis hors de France,4,Agent contractuel au Parlement européen,Cadres administratifs et techniques de la fonction publique,Cadres et professions intellectuelles supérieures,http://www.wikidata.org/entity/Q30342405,https://fr.wikipedia.org/wiki/Pieyre-Alexandre_Anglade,bac+5,lettres-sciences humaines | sciences politiques,0,0,1,politique_principalement,haute,
PA795084,M.,Rodrigo,Arenas,1974-04-24,El Almendral,La France insoumise - Nouveau Front Populaire,Paris,10,Cadre de la fonction publique,Cadres administratifs et techniques de la fonction publique,Cadres et professions intellectuelles supérieures,http://www.wikidata.org/entity/Q109043455,https://fr.wikipedia.org/wiki/Rodrigo_Arenas_(homme_politique),bac+5,economie | communication-journalisme,0,1,0,public_uniquement,haute,A aussi eu un engagement associatif marqué (coprésidence de la FCPE) avant son mandat.
PA842105,M.,Raphaël,Arnault,1995-01-08,Lyon,La France insoumise - Nouveau Front Populaire,Vaucluse,1,(52) - Employé civil et agent de service de la fonction publique,"Employés administratifs de la fonction publique, agents de service et auxiliaires de santé",Employés,http://www.wikidata.org/entity/Q116870344,https://fr.wikipedia.org/wiki/Rapha%C3%ABl_Arnault,bac+3_4,sciences-politiques,0,1,0,public_uniquement,haute,"StreetPress confirme qu'il a obtenu une licence de sciences politiques à l'université Lumière Lyon 2 (débutée en 2014). Sa carrière professionnelle avant le mandat est celle d'assistant d'éducation (fonction publique) dans deux lycées lyonnais, confirmée par sa déclaration HATVP avec dates et rémunérations précises. Son activité militante (Jeune Garde antifasciste) n'est pas un emploi salarié."
PA793780,Mme,Christine,Arrighi,1959-09-19,Lannemezan,Écologiste et Social,Haute-Garonne,9,Ancien cadre,Cadres des services administratifs et commerciaux d’entreprise,Cadres et professions intellectuelles supérieures,http://www.wikidata.org/entity/Q112650093,https://fr.wikipedia.org/wiki/Christine_Arrighi,bac+5,sciences politiques,0,1,0,public_uniquement,haute,
PA722190,M.,Gabriel,Attal,1989-03-16,Clamart,Ensemble pour la République,Hauts-de-Seine,10,Consultant,Cadres des services administratifs et commerciaux d’entreprise,Cadres et professions intellectuelles supérieures,http://www.wikidata.org/entity/Q30339350,https://fr.wikipedia.org/wiki/Gabriel_Attal,bac+5,sciences politiques,0,0,1,politique_principalement,haute,A étudié le droit à Assas pendant trois ans sans obtenir la licence.
PA588884,Mme,Clémentine,Autain,1973-05-26,Saint-Cloud,Écologiste et Social,Seine-Saint-Denis,11,Journaliste et autre média,Cadres administratifs et techniques de la fonction publique,Cadres et professions intellectuelles supérieures,http://www.wikidata.org/entity/Q2980738,https://fr.wikipedia.org/wiki/Cl%C3%A9mentine_Autain,bac+5,lettres-sciences humaines,1,0,0,politique_principalement,moyenne,"Activité de journaliste/écrivaine connue via la profession déclarée, non détaillée dans la biographie qui insiste sur son parcours de collaboratrice politique."
PA796118,Mme,Bénédicte,Auzanot,1972-08-05,Besançon,Rassemblement National,Vaucluse,2,(85) - Personne diverse sans activité professionnelle de moins de 60 ans (sauf r,Sans profession déclarée,Sans profession déclarée,http://www.wikidata.org/entity/Q112653224,https://fr.wikipedia.org/wiki/B%C3%A9n%C3%A9dicte_Auzanot,inconnu,,1,0,0,prive_uniquement,moyenne,"Ni sa fiche HATVP (aucune activité professionnelle antérieure déclarée, uniquement mandats électifs depuis 2022) ni l'Assemblée nationale ne détaillent son parcours pré-politique. Un article de France Bleu / ici.fr (2020) la présente comme 'ancienne assistante juridique' ; d'autres agrégateurs évoquent aussi 'conseillère en image'. Nom du cabinet employeur non retrouvé, d'où confiance moyenne malgré une source de presse fiable et directement consultée. Aucune information sur ses études. - Fiche HATVP relue en local : la liste « activites » est entièrement vide (aucune activité professionnelle antérieure déclarée), ce qui confirme l'absence de corroboration officielle déjà notée au tour précédent. La fiche AN ne donne que la catégorie socio-professionnelle déclarée. Élément nouveau et non concluant : la page de liste Wikipédia « Femmes à l'Assemblée nationale française » (wikitext brut consulté) classe sa profession en « Consultante en communication » dans le tableau de la XVIIe législature (contre « Sans activité professionnelle » dans un tableau d'une législature antérieure) — cette ligne n'est pas sourcée dans la liste elle-même et n'a pas pu être vérifiée par une source primaire, mais elle recoupe la mention « conseillère en image » déjà relevée par le chercheur précédent auprès d'agrégateurs non vérifiés. Je ne l'intègre donc pas comme fait établi ; la carrière retenue reste celle d'assistante juridique, seule confirmée par une source de presse fiable (France Bleu/ici.fr, déjà consultée au tour précédent). Aucune information sur ses études."
PA642764,M.,Joël,Aviragnet,1956-06-16,Encausse-les-Thermes,Socialistes et apparentés,Haute-Garonne,8,Directeur d'un établissement pour l'enfance handicapée,Cadres des services administratifs et commerciaux d’entreprise,Cadres et professions intellectuelles supérieures,http://www.wikidata.org/entity/Q17350680,https://fr.wikipedia.org/wiki/Jo%C3%ABl_Aviragnet,bac+5,sociologie,1,0,0,prive_uniquement,haute,"Carrière et formation exceptionnellement bien documentées par l'article Wikipédia (sections « Études » et « Carrière d'éducateur spécialisé » dédiées) : bac B (1974), école d'éducateurs spécialisés à Dijon (diplômé 1979), carrière d'éducateur spécialisé puis chef de service puis adjoint de direction dans des ITEP (établissements médico-sociaux de statut associatif) du Comminges, de Bordeaux et d'Aspet, obtention du CAFDES (diplôme de directeur) après une formation à l'École nationale de la santé publique, puis directeur de La Grande Allée à Toulouse jusqu'à son élection comme député (2014). Secteur associatif classé « prive_uniquement » faute de catégorie dédiée dans le référentiel de synthèse (les ITEP sont des établissements médico-sociaux de statut associatif, non des services de l'État)."
PA841701,Mme,Léa,Balage El Mariky,1990-04-09,Evry,Écologiste et Social,Paris,3,(37) - Cadre administratif et commercial d'entreprise,Cadres des services administratifs et commerciaux d’entreprise,Cadres et professions intellectuelles supérieures,http://www.wikidata.org/entity/Q112526631,https://fr.wikipedia.org/wiki/L%C3%A9a_Balage_El_Mariky,bac+5,droit | sciences politiques,0,0,1,politique_principalement,moyenne,"Certains éléments (entrée à Sciences Po, échec au concours de l'ENA) sont signalés comme non sourcés dans la biographie."
PA719558,M.,Erwan,Balanant,1971-02-21,Lorient,Les Démocrates,Finistère,8,Photographe et réalisateur,Cadres administratifs et techniques de la fonction publique,Cadres et professions intellectuelles supérieures,http://www.wikidata.org/entity/Q30348579,https://fr.wikipedia.org/wiki/Erwan_Balanant,bac+3_4,lettres-sciences humaines | arts,1,0,0,prive_uniquement,moyenne,"A aussi été athlète de haut niveau (saut en hauteur) avant sa reconversion, statut professionnel non précisé."
PA794562,M.,Philippe,Ballard,1960-11-24,Champigny-sur-Marne,Rassemblement National,Oise,2,Ancien journaliste,Cadres administratifs et techniques de la fonction publique,Cadres et professions intellectuelles supérieures,http://www.wikidata.org/entity/Q106635078,https://fr.wikipedia.org/wiki/Philippe_Ballard,bac+3_4,communication-journalisme,1,1,0,mixte_public_prive,haute,
PA842279,Mme,Anchya,Bamana,1971-03-12,Sada,Rassemblement National,Mayotte,2,(33) - Cadre de la fonction publique,Cadres administratifs et techniques de la fonction publique,Cadres et professions intellectuelles supérieures,http://www.wikidata.org/entity/Q65564667,https://fr.wikipedia.org/wiki/Anchya_Bamana,bac+3_4,medecine-sante,0,1,0,public_uniquement,moyenne,"Sa fiche HATVP documente précisément son poste rémunéré d'inspectrice de l'action sanitaire et sociale à l'ARS Mayotte (2019-2024, fonction publique), cohérent avec la profession déclarée 'cadre de la fonction publique'. Wikipédia (en) confirme qu'elle est infirmière de formation ('trained as a nurse') sans préciser l'établissement. Des sources secondaires (non vérifiées via fetch direct) évoquent un diplôme en santé publique à l'université Henri Poincaré de Nancy, information que je n'ai pas pu confirmer par une source primaire — je m'en tiens donc à l'inférence réglementée standard (infirmière = diplôme d'État, bac+3_4), d'où confiance plafonnée à moyenne conformément à la règle sur les inférences de profession réglementée."
PA720256,Mme,Géraldine,Bannier,1979-11-22,Laval,Les Démocrates,Mayenne,2,Professeur du secondaire et technique,Cadres administratifs et techniques de la fonction publique,Cadres et professions intellectuelles supérieures,http://www.wikidata.org/entity/Q30339354,https://fr.wikipedia.org/wiki/G%C3%A9raldine_Bannier,bac+3_4,lettres-sciences humaines | education,0,1,0,public_uniquement,haute,
PA643143,M.,Christian,Baptiste,1962-06-18,Pointe-à-Pitre,Socialistes et apparentés,Guadeloupe,2,Directeur d'association,Cadres administratifs et techniques de la fonction publique,Cadres et professions intellectuelles supérieures,http://www.wikidata.org/entity/Q63610735,https://fr.wikipedia.org/wiki/Christian_Baptiste,bac+3_4,lettres-sciences humaines | education,0,0,0,public_uniquement,basse,"Sources consultées : article Wikipédia (très bref, centré sur sa carrière politique : maire de Sainte-Anne 2014-2022, député depuis 2022) ; déclaration HATVP (fichier local, 3 déclarations) qui ne mentionne aucune activité professionnelle rémunérée nommée (postes/employeurs déclarés « NON »/« NEANT » pour la rubrique activités professionnelles ; seules figurent des fonctions de dirigeant/administrateur non rémunérées dans des structures locales : SPL Sainte Anne 2.00, Syndicat mixte des transports, association « Force d'Action pour le Rassemblement et le Développement de Sainte Anne », probablement liées à son mandat de maire plutôt qu'à un emploi). La fiche AN (assemblee-nationale.fr) et la page HATVP directe n'ont pas restitué de texte exploitable en statique. Une note d'un précédent passage de recherche évoquait un parcours de « professeur de lettres modernes » avant de devenir directeur d'association, attribué à « plusieurs médias guadeloupéens » sans URL fournie : je n'ai pas pu retrouver ni vérifier cette source (moteurs de recherche indisponibles dans cette session), donc je ne la retiens pas comme fait établi. Profession déclarée officielle « Directeur d'association », sans nom d'organisme identifié."
PA368,M.,Michel,Barnier,1951-01-09,La Tronche,Droite Républicaine,Paris,2,Ancien Premier ministre,Cadres administratifs et techniques de la fonction publique,Cadres et professions intellectuelles supérieures,http://www.wikidata.org/entity/Q438465,https://fr.wikipedia.org/wiki/Michel_Barnier,bac+5,gestion-commerce | sciences politiques,0,0,1,politique_principalement,haute,
PA840829,M.,Fabrice,Barusseau,1970-06-01,Saintes,Socialistes et apparentés,Charente-Maritime,3,"(34) - Professeur, profession scientifique",Cadres administratifs et techniques de la fonction publique,Cadres et professions intellectuelles supérieures,http://www.wikidata.org/entity/Q63765892,https://fr.wikipedia.org/wiki/Fabrice_Barusseau,bac+3_4,enseignement,0,1,0,public_uniquement,moyenne,"Sa fiche HATVP le déclare 'enseignant' au sein de l'Éducation nationale depuis janvier 2019 (avec rémunération), et plusieurs sources (Wikipédia, fiche du collège Beauregard de Burie) précisent qu'il enseigne la technologie à ce collège. Un professeur titulaire de technologie en collège suppose la réussite d'un concours (CAPES/CAPLP) impliquant au minimum une licence, d'où l'inférence bac+3_4 ; confiance plafonnée à moyenne car il s'agit d'une inférence de profession réglementée, aucun diplôme nommé n'ayant été trouvé (recherches sur IUFM/ESPÉ, whoswho.fr et Trombinoscope infructueuses ou payantes)."
PA267763,M.,Jean-Pierre,Bataille,1963-10-24,Hazebrouck,"Libertés, Indépendants, Outre-mer et Territoires",Nord,15,Pharmacien,Professions libérales,Cadres et professions intellectuelles supérieures,http://www.wikidata.org/entity/Q63106692,https://fr.wikipedia.org/wiki/Jean-Pierre_Bataille,doctorat,medecine-sante,1,0,0,prive_uniquement,moyenne,"Déclaration HATVP (fichier local, 5 déclarations) confirme « GERANT PHARMACIE » à la SELARL Pharmacie Bataille depuis 09/2016, cohérent avec la profession déclarée « Pharmacien ». Wikipédia confirme qu'il a repris l'officine de son père Jean-Paul Bataille (lui-même pharmacien, sénateur et maire de Steenvoorde) ; le wikitexte de l'article le classe dans la catégorie « Étudiant de l'université Lille-II » (qui abrite la faculté de pharmacie régionale), établissement cohérent avec sa région d'origine (Nord). Le diplôme de docteur en pharmacie est requis légalement pour être titulaire d'une officine, mais aucune source ne précise explicitement l'année d'obtention ni l'intitulé exact du diplôme — inférence de profession réglementée, confiance ramenée à moyenne malgré l'établissement identifié."
PA335999,Mme,Delphine,Batho,1973-03-23,Paris,Écologiste et Social,Deux-Sèvres,2,Cadre territorial,Cadres administratifs et techniques de la fonction publique,Cadres et professions intellectuelles supérieures,http://www.wikidata.org/entity/Q291385,https://fr.wikipedia.org/wiki/Delphine_Batho,bac_ou_moins,,0,0,0,politique_principalement,moyenne,"Baccalauréat obtenu en 1992, études d'histoire à Paris-7 entamées puis abandonnées ; carrière faite de militantisme associatif puis de fonctions politiques."
PA342415,Mme,Marie-Noëlle,Battistel,1956-08-20,Grenoble,Socialistes et apparentés,Isère,4,Autre cadre (secteur privé),Cadres des services administratifs et commerciaux d’entreprise,Cadres et professions intellectuelles supérieures,http://www.wikidata.org/entity/Q3292159,https://fr.wikipedia.org/wiki/Marie-No%C3%ABlle_Battistel,inconnu,,1,0,0,prive_uniquement,haute,"Aucun diplôme ni établissement d'études retrouvé malgré plusieurs recherches (whoswho.fr inaccessible en scraping, autres biographies muettes sur ce point). Carrière professionnelle en revanche bien établie et documentée dans le lot précédent : cofondatrice en 1977 et directrice jusqu'en 2021 de MNJ Voyages, confirmée par la déclaration HATVP (poste, dates, rémunérations) qui couvre la fin de cette activité. - Aucun diplôme ni établissement d'études retrouvé (whoswho.fr non re-testé, toujours inaccessible en scraping ; wikitext brut Wikipédia muet sur ce point, fiche AN idem). Relecture du JSON HATVP local : la déclaration la plus ancienne fait remonter l'activité de directrice de MNJ Voyages à janvier 2011 (et non 2019 comme retenu au tour précédent), avec fin en avril 2021, confirmant la cession de l'entreprise à cette date."
PA793374,M.,Romain,Baubry,1989-01-28,Mont-saint-Aignan,Rassemblement National,Bouches-du-Rhône,15,Policier et militaire,"Employés administratifs de la fonction publique, agents de service et auxiliaires de santé",Employés,http://www.wikidata.org/entity/Q112640513,https://fr.wikipedia.org/wiki/Romain_Baubry,inconnu,armee-securite,0,1,0,public_uniquement,haute,"Extrait Wikipédia déjà consulté : fils de fleuristes, engagé comme gendarme adjoint volontaire à 18 ans (2 ans), puis surveillant pénitentiaire, puis policier à Nîmes — carrière entièrement dans la fonction publique de sécurité. D'autres sources secondaires (non vérifiées directement) ajoutent des détails (unité PSIG, police municipale de Vitrolles, brigade de nuit de Cavaillon) que je n'ai pas pu confirmer par une source primaire fetchée, donc non repris tels quels dans les entrées 'career' ci-dessus. Aucune information sur le niveau d'études au-delà du fait que ces métiers s'entrent généralement au niveau bac ; pas de diplôme précis trouvé, donc diplôme laissé à inconnu plutôt que de deviner un niveau. - Carrière précisée et corrigée grâce au JSON HATVP local, non consulté lors du tour précédent : elle documente très précisément trois postes successifs (policier municipal à Vitrolles 01/2017-09/2019, puis à Cavaillon 09/2019-10/2021, puis élève gardien de la paix au ministère de l'Intérieur 11/2021-06/2022), ce qui remplace avantageusement la mention vague « policier à Nîmes » de Wikipédia, non datée et non confirmée par le HATVP — je ne la reprends donc plus telle quelle, la donnée HATVP étant plus précise et primaire. En amont, gendarme adjoint volontaire puis surveillant pénitentiaire restent connus uniquement par Wikipédia (période antérieure à la fenêtre HATVP). Toujours aucune information sur son niveau d'études : les métiers occupés (gendarme adjoint volontaire, policier municipal, gardien de la paix) ne figurent pas dans la liste des professions réglementées permettant une inférence de diplôme fiable."
PA606793,M.,Laurent,Baumel,1965-08-13,Charleville-Mezières,Socialistes et apparentés,Indre-et-Loire,4,Cadre supérieur du secteur public,Cadres des services administratifs et commerciaux d’entreprise,Cadres et professions intellectuelles supérieures,http://www.wikidata.org/entity/Q3219028,https://fr.wikipedia.org/wiki/Laurent_Baumel,bac+5,ingenierie | sciences-politiques,0,1,0,public_uniquement,haute,"Portrait de presse dédié de La Nouvelle République (1er juillet 2012), consulté et vérifié directement (texte réellement présent sur la page, pas un résumé fabriqué) : « Ingénieur centralien formé à Lyon ; diplômé de Sciences Po. Ancien président du syndicat Unef-Id. Attaché parlementaire de Roland Carras (1992-1993). Ancien conseiller technique de Pierre Moscovici alors ministre des Affaires européennes. Économiste à la Banque de France et directeur adjoint de la balance des paiements. Secrétaire national adjoint au Parti socialiste [...] Élu maire de Ballan-Miré en 2008. » L'article précise aussi qu'il est « désormais détaché de la Banque de France » lors de son élection comme député en 2012, confirmant que la Banque de France était son employeur principal jusqu'à son entrée à l'Assemblée. Wikidata corrobore les deux établissements (École centrale de Lyon, IEP Paris). Carrière mêlant secteur public (Banque de France, l'essentiel de sa carrière professionnelle non élective) et rôles politiques (attaché parlementaire, conseiller ministériel, parti) — classée « public_uniquement » conformément à la convention retenue dans ce jeu de données lorsque les secteurs « public » et « politique » coexistent sans secteur privé."
PA642847,M.,Thibault,Bazin,1984-10-27,Nancy,Droite Républicaine,Meurthe-et-Moselle,4,Autre cadre (secteur privé),Cadres des services administratifs et commerciaux d’entreprise,Cadres et professions intellectuelles supérieures,http://www.wikidata.org/entity/Q30342506,https://fr.wikipedia.org/wiki/Thibault_Bazin,bac+5,sciences politiques | gestion-commerce,1,0,0,prive_uniquement,moyenne,Employeur et dates de son activité d'urbaniste non précisés par la source.
PA718884,Mme,Valérie,Bazin-Malgras,1969-10-31,Romilly-sur-Seine,Droite Républicaine,Aube,2,Commerçante,Cadres des services administratifs et commerciaux d’entreprise,Cadres et professions intellectuelles supérieures,http://www.wikidata.org/entity/Q30333733,https://fr.wikipedia.org/wiki/Val%C3%A9rie_Bazin-Malgras,inconnu,,1,0,0,prive_uniquement,haute,"Aucune information sur son parcours d'études trouvée malgré plusieurs recherches (BTS, whoswho.fr inaccessible en scraping). Sa carrière professionnelle est en revanche bien documentée et cohérente entre plusieurs sources : elle a dirigé pendant vingt ans les magasins Villeroy & Boch de Troyes, devenant directrice France des magasins d'usine en 2003, avant de présider l'association des commerçants de marques à Troyes. - Aucune information sur son parcours d'études trouvée (BTS non confirmé, whoswho.fr toujours inaccessible en scraping, fiche AN muette). Deux nouveaux éléments de carrière extraits du JSON HATVP local (rubrique « dirigeant », absente du lot précédent) : elle est dirigeante bénévole de l'association « La Maison du Boulanger - Centre Culturel » à Troyes depuis juin 2017, et de l'association « Génération Entreprise - Entrepreneurs Associés » depuis septembre 2021. J'ai vérifié la nature juridique de ces deux structures via l'API officielle recherche-entreprises.api.gouv.fr : toutes deux sont des associations déclarées (et non des sociétés commerciales), d'où le classement en secteur associatif plutôt que privé — il s'agit d'engagements bénévoles parallèles à son mandat local, non de son activité professionnelle principale (qui reste Villeroy & Boch), donc le profil de carrière reste « prive_uniquement »."
PA793158,M.,José,Beaurain,1971-07-27,Chauny,Rassemblement National,Aisne,4,Artisan,Artisans,"Artisans, commerçants et chefs d'entreprise",http://www.wikidata.org/entity/Q112637895,https://fr.wikipedia.org/wiki/Jos%C3%A9_Beaurain,bac_ou_moins,autre,1,0,0,prive_uniquement,moyenne,"Titulaire d'un CAP, exercice indépendant comme accordeur de piano et pianiste."
PA642935,M.,Olivier,Becht,1976-04-28,Strasbourg,Ensemble pour la République,Haut-Rhin,5,Magistrat,Cadres administratifs et techniques de la fonction publique,Cadres et professions intellectuelles supérieures,http://www.wikidata.org/entity/Q30348845,https://fr.wikipedia.org/wiki/Olivier_Becht,bac+5,sciences politiques | droit,0,1,0,public_uniquement,haute,
PA720362,M.,Belkhir,Belhaddad,1969-07-09,Timgad,Socialistes et apparentés,Moselle,1,Industriel-Chef d'entreprise,Chefs d'entreprise de plus de 10 personnes,"Artisans, commerçants et chefs d'entreprise",http://www.wikidata.org/entity/Q30348849,https://fr.wikipedia.org/wiki/Belkhir_Belhaddad,inconnu,,1,1,0,mixte_public_prive,haute,"Sa déclaration HATVP documente précisément deux activités : chef d'entreprise (Gem Energy Services, créée en 2012, activité de conseil RSE) et enseignant en STAPS et management de l'immobilier à l'université de Lorraine depuis 2019 (poste public). Wikipédia mentionne un 'passage par l'université de Metz' (Wikidata) mais aucun diplôme précis n'est confirmé par une source vérifiée ; le fait qu'il enseigne à l'université ne prouve pas à lui seul un diplôme spécifique (enseignement possible en tant que vacataire sur la base de l'expérience professionnelle), donc diplôme laissé à inconnu plutôt que déduit. - L'infobox du wikitext brut Wikipédia confirme (indépendamment de Wikidata) le champ « université = Université de Metz », donc deux sources convergent sur cet établissement fréquenté, mais ni l'une ni l'autre ne précise le diplôme obtenu ni la filière ; je l'ajoute donc comme établissement fréquenté avec diplôme et domaine « inconnu » plutôt que de risquer une invention. Le fait qu'il enseigne à l'université de Lorraine ne suffit pas à inférer un diplôme précis (vacation possible sur profil professionnel). Carrière confirmée en détail par le JSON HATVP local : Gem Energy Services (conseil RSE aux entreprises et collectivités) depuis 2012, activité non rémunérée selon la dernière déclaration ; enseignement à l'université de Lorraine depuis 2019."
PA842211,Mme,Béatrice,Bellay,1975-07-25,Villepinte,Socialistes et apparentés,Martinique,3,(33) - Cadre de la fonction publique,Cadres administratifs et techniques de la fonction publique,Cadres et professions intellectuelles supérieures,http://www.wikidata.org/entity/Q127220622,https://fr.wikipedia.org/wiki/B%C3%A9atrice_Bellay,bac+5,economie-gestion,0,1,0,public_uniquement,haute,"Profil professionnel en ligne (Viadeo) détaillant un parcours cohérent : bac économique (1994), maîtrise à Paris 1 Panthéon-Sorbonne (1994-1999) puis DESS de gestion des entreprises et des collectivités territoriales à l'UAG de Schœlcher (1999-2000, avec un complément 'International Management and Leadership' aux îles Vierges), soit un niveau bac+5. Carrière entièrement publique ensuite : DRH à la mairie de Schœlcher, chef de bureau juridique au Conseil général, puis directrice de services à la Communauté d'agglomération de l'Espace Sud — ce dernier poste confirmé indépendamment par sa déclaration HATVP (dates et rémunérations 2019-2024). Le domaine exact de la maîtrise Paris 1 n'est pas précisé par la source ; classé par prudence dans le même champ 'economie-gestion' que le DESS."
PA795362,Mme,Lisa,Belluco,1988-07-20,Metz,Écologiste et Social,Vienne,1,Cadre de la fonction publique,Cadres administratifs et techniques de la fonction publique,Cadres et professions intellectuelles supérieures,http://www.wikidata.org/entity/Q112654007,https://fr.wikipedia.org/wiki/Lisa_Belluco,bac+5,ingenierie,0,1,0,public_uniquement,haute,
PA841657,Mme,Anaïs,Belouassa-Cherifi,1995-02-07,Thionville,La France insoumise - Nouveau Front Populaire,Rhône,1,(37) - Cadre administratif et commercial d'entreprise,Cadres des services administratifs et commerciaux d’entreprise,Cadres et professions intellectuelles supérieures,http://www.wikidata.org/entity/Q126870256,https://fr.wikipedia.org/wiki/Ana%C3%AFs_Belouassa-Cherifi,bac+3_4,sciences politiques,0,0,0,politique_principalement,moyenne,"A aussi été éducatrice sportive, mais l'essentiel de son parcours documenté relève du militantisme et de la politique."
PA795454,M.,Karim,Ben Cheikh,1977-03-19,Tunis,Écologiste et Social,Français établis hors de France,9,Cadre de la fonction publique,Cadres administratifs et techniques de la fonction publique,Cadres et professions intellectuelles supérieures,http://www.wikidata.org/entity/Q73414972,https://fr.wikipedia.org/wiki/Karim_Ben_Che%C3%AFkh,bac+5,sciences politiques | economie,0,1,0,public_uniquement,haute,Carrière de diplomate de carrière au ministère des Affaires étrangères avant son élection.
PA841315,M.,Karim,Benbrahim,1980-04-13,Salon-de-Provence,Socialistes et apparentés,Loire-Atlantique,1,(38) - Ingénieur et cadre technique d'entreprise,Cadres des services administratifs et commerciaux d’entreprise,Cadres et professions intellectuelles supérieures,http://www.wikidata.org/entity/Q126946380,https://fr.wikipedia.org/wiki/Karim_Benbrahim,bac+5,ingenierie | economie,1,0,0,prive_uniquement,moyenne,L'institution de formation d'ingénieur n'est pas précisée.
PA332228,M.,Thierry,Benoit,1966-09-13,Fougères,Horizons & Indépendants,Ille-et-Vilaine,6,Représentant de commerce,Cadres des services administratifs et commerciaux d’entreprise,Cadres et professions intellectuelles supérieures,http://www.wikidata.org/entity/Q3182341,https://fr.wikipedia.org/wiki/Thierry_Benoit,bac_ou_moins,agriculture,1,0,0,prive_uniquement,moyenne,"Formation en Maison Familiale Rurale, sans mention de diplôme précis."
PA841531,Mme,Shéhérazade,Bentorki,1986-11-06,Tourcoing,La France insoumise - Nouveau Front Populaire,Nord,8,Collaboratrice parlementaire,,,http://www.wikidata.org/entity/Q28672336,https://fr.wikipedia.org/wiki/Sh%C3%A9h%C3%A9razade_Bentorki,inconnu,sciences-politiques | sport,1,0,0,prive_uniquement,moyenne,"roubaixxl.fr (interview) confirme qu'elle a fait des études de sciences politiques à l'université Paris II Panthéon-Assas tout en s'entraînant à l'INSEP, mais aucun diplôme précis (licence, master) n'est mentionné comme obtenu — highest_degree_level laissé à 'inconnu' par prudence plutôt que de présumer une licence. Carrière professionnelle avant la politique = carrière sportive de haut niveau (lutte), dont le statut d'emploi (fédération, INSEP, sponsor) n'est pas documenté, d'où secteur 'inconnu' pour cette ligne. Devenue collaboratrice parlementaire suppléante de David Guiraud puis députée en avril 2026 à sa suite. Sources vérifiées: wikipédia (thin), roubaixxl.fr (fetché), x-pression.media (fetch échoué, contenu illisible). - J'ai retrouvé et vérifié directement par curl+grep l'article cité vaguement au tour précédent (« roubaixxl.fr (interview) ») : il s'agit de « 5 questions à Shéhérazade Bentorki », roubaixxl.fr, 15 mai 2026, qui confirme noir sur blanc : « Elle intègre ensuite l'INSEP tout en suivant des études à l'université parisienne ASSAS, en sciences politiques. » Aucune mention d'un diplôme obtenu (licence ou master), donc highest_degree_level reste « inconnu » par prudence, mais j'ajoute l'établissement (Paris II Panthéon-Assas) aux « degrees » avec diplôme inconnu. Le HATVP n'a aucune fiche pour elle (députée depuis avril 2026, déclaration non encore publiée). Le statut d'emploi de sa carrière sportive de haut niveau (fédération, INSEP, sponsor) reste non documenté, d'où secteur « inconnu » sur cette ligne et career_profile global laissé à « inconnu » (impossible de trancher entre un profil principalement sportif/associatif et un profil politique)."
PA794434,M.,Christophe,Bentz,1987-07-04,Boulogne-Billancourt,Rassemblement National,Haute-Marne,1,"Professeur, profession scientifique",Cadres administratifs et techniques de la fonction publique,Cadres et professions intellectuelles supérieures,http://www.wikidata.org/entity/Q43970855,https://fr.wikipedia.org/wiki/Christophe_Bentz,bac+3_4,lettres-sciences humaines | sciences politiques | communication-journalisme,1,0,0,politique_principalement,moyenne,"Diplômé en histoire, sciences politiques et communication (musique et culture française) selon Wikipedia anglais ; niveau exact (licence/master) non précisé (source: en.wikipedia.org/wiki/Christophe_Bentz, whoswho.fr/biographie/christophe-bentz_84945)."
PA805166,Mme,Anne,Bergantz,1968-09-17,Chalon-sur-Saône,Les Démocrates,Yvelines,2,responsable de service social,Cadres administratifs et techniques de la fonction publique,Cadres et professions intellectuelles supérieures,http://www.wikidata.org/entity/Q113754610,https://fr.wikipedia.org/wiki/Anne_Bergantz,bac+5,gestion-commerce,0,1,0,public_uniquement,moyenne,Le diplôme précis obtenu à l'École supérieure de gestion n'est pas précisé.
PA720430,M.,Ugo,Bernalicis,1989-09-25,Arras,La France insoumise - Nouveau Front Populaire,Nord,2,Fonctionnaire de catégorie A,Cadres administratifs et techniques de la fonction publique,Cadres et professions intellectuelles supérieures,http://www.wikidata.org/entity/Q30339370,https://fr.wikipedia.org/wiki/Ugo_Bernalicis,bac+3_4,lettres-sciences humaines,0,1,0,public_uniquement,haute,Master de science politique commencé à Lille-II mais non achevé.
PA841645,M.,Théo,Bernhardt,2000-06-29,Angers,Rassemblement National,Bas-Rhin,8,Ingénieur de recherche,"Professions de l’enseignement primaire et professionnel, de la formation continue et du sport",Professions intermédiaires,http://www.wikidata.org/entity/Q127256562,https://fr.wikipedia.org/wiki/Th%C3%A9o_Bernhardt,bac+5,sciences | medecine-sante,1,1,0,mixte_public_prive,haute,"Très jeune député (né en 2000, élu à 24 ans) sans véritable carrière pré-politique: la déclaration HATVP ne montre que des jobs étudiants (vendeur Jules, Lidl), un service civique en lycée public et un stage de fin de master au laboratoire de virologie moléculaire de l'IBMC/CNRS à Strasbourg (2023-2024), cohérent avec l'article ici.fr qui le dit 'fraîchement diplômé d'un master en recherche biomédicale, obtenu à l'IUT Louis Pasteur de Schiltigheim'. La profession déclarée 'ingénieur de recherche' semble correspondre à ce master tout juste obtenu plutôt qu'à un poste effectivement occupé et documenté."
PA687214,M.,Sylvain,Berrios,1968-05-06,Maisons-Alfort,Horizons & Indépendants,Val-de-Marne,1,(33) - Cadre de la fonction publique,Cadres administratifs et techniques de la fonction publique,Cadres et professions intellectuelles supérieures,http://www.wikidata.org/entity/Q3506922,https://fr.wikipedia.org/wiki/Sylvain_Berrios,bac+3_4,droit | economie-gestion,1,1,0,mixte_public_prive,haute,"Carrière très bien documentée sur sa propre page Wikipédia et confirmée par son site de campagne (études de droit/économie à Paris XII Val-de-Marne). Le niveau exact du diplôme (licence, maîtrise) n'est pas précisé par la source, d'où le choix conservateur de 'bac+3_4' plutôt qu'un niveau supérieur. La déclaration HATVP fetchée ne détaille pas d'activités professionnelles récentes (poste de maire/député uniquement), ce qui est cohérent avec une carrière privée/publique achevée avant son entrée en politique locale en 2008."
PA719218,M.,Hervé,Berville,1990-01-15,Madanzh Buhimga,Ensemble pour la République,Côtes-d'Armor,2,Economiste,Cadres administratifs et techniques de la fonction publique,Cadres et professions intellectuelles supérieures,http://www.wikidata.org/entity/Q30223120,https://fr.wikipedia.org/wiki/Herv%C3%A9_Berville,bac+5,sciences politiques | economie,1,1,0,mixte_public_prive,haute,
PA309643,Mme,Véronique,Besse,1963-08-11,La Roche-sur-Yon,Non inscrit,Vendée,4,Journaliste,Cadres administratifs et techniques de la fonction publique,Cadres et professions intellectuelles supérieures,http://www.wikidata.org/entity/Q3564277,https://fr.wikipedia.org/wiki/V%C3%A9ronique_Besse,bac+2,droit | communication-journalisme,1,0,0,politique_principalement,haute,Brève expérience en radio privée avant une longue carrière de collaboratrice politique.
PA793772,M.,Christophe,Bex,1961-11-14,Neufchâteau,La France insoumise - Nouveau Front Populaire,Haute-Garonne,7,Retraité,Sans profession déclarée,Sans profession déclarée,http://www.wikidata.org/entity/Q112650053,https://fr.wikipedia.org/wiki/Christophe_Bex,bac+3_4,,0,1,0,public_uniquement,haute,"Carrière publique bien documentée (Wikipédia + déclaration HATVP fetchée, qui confirme le poste d'attaché d'administration à l'Université Toulouse Jean-Jaurès de septembre 2016 à juin 2022 avec les salaires annuels). Aucune information sur son niveau de diplôme n'a été trouvée (ni Wikipédia, ni HATVP, ni fiche AN). Le poste d'attaché d'administration n'est pas dans la liste des professions réglementées permettant une inférence fiable (recrutement possible par concours interne sans licence obligatoire), donc pas d'inférence de diplôme. - Carrière publique confirmée à l'identique par relecture du HATVP (attaché d'administration à l'université Toulouse Jean-Jaurès, 09/2016-06/2022) ; aucune nouvelle source n'a livré de diplôme ou d'établissement nommé. Application de la règle d'inférence de ce deuxième passage : « attaché d'administration » est un poste de catégorie A de la fonction publique d'État, assimilable à « attaché territorial / catégorie A » dans la liste des professions réglementées fournie — j'infère donc highest_degree_level = bac+3_4, avec confiance plafonnée à « moyenne » comme demandé. Le chercheur précédent avait explicitement refusé cette inférence en notant que le recrutement en interne (concours interne, sans licence obligatoire pour les agents déjà titulaires) rendait l'inférence fragile pour un ancien agent des PTT promu en interne ; je note cette réserve mais applique la catégorie telle qu'elle est listée dans la consigne de ce tour."
PA842001,M.,Guillaume,Bigot,1969-11-14,Paris,Rassemblement National,Territoire de Belfort,2,"(35) - Profession de l'information, des arts et des spectacles",Cadres administratifs et techniques de la fonction publique,Cadres et professions intellectuelles supérieures,http://www.wikidata.org/entity/Q15869276,https://fr.wikipedia.org/wiki/Guillaume_Bigot_(homme_politique),bac+5,sciences politiques | droit,1,0,0,prive_uniquement,haute,Le passage par Paris-Panthéon-Assas provient uniquement de Wikidata et n'est pas détaillé dans la biographie.
PA720822,M.,Bruno,Bilde,1976-09-22,Laxou,Rassemblement National,Pas-de-Calais,12,Juriste,Professions libérales,Cadres et professions intellectuelles supérieures,http://www.wikidata.org/entity/Q19606880,https://fr.wikipedia.org/wiki/Bruno_Bilde,bac+3_4,droit,0,0,1,politique_principalement,moyenne,"L'article Wikipédia (vérifié en wikitexte brut) indique « En 2001, il obtient une maîtrise en droit à l'université d'Artois » mais la phrase porte un bandeau [réf. souhaitée] (citation manquante signalée par les contributeurs de Wikipédia eux-mêmes). Wikidata liste indépendamment « université d'Artois » comme établissement fréquenté, ce qui apporte une corroboration partielle (les deux sources appartiennent toutefois à l'écosystème Wikipédia/Wikidata, non pleinement indépendant) — diplôme retenu avec confiance ramenée à moyenne. La déclaration HATVP (fichier local, 2 déclarations) ne comporte aucune activité professionnelle rémunérée (« activites »: []), seulement des mandats électifs non détaillés : cohérent avec un engagement militant très précoce (adhésion au FN dès 1991, à 15 ans) et une carrière quasi ininterrompue d'élu (conseiller régional de Lorraine 2004, du Nord-Pas-de-Calais 2010, adjoint au maire d'Hénin-Beaumont 2014-2017, conseiller régional des Hauts-de-France 2016-2017, député depuis 2017) sans emploi non-politique jamais documenté, malgré la profession déclarée officielle « Juriste »."
PA795616,M.,Carlos Martens,Bilongo,1990-12-31,Villiers Le Bel,La France insoumise - Nouveau Front Populaire,Val-d'Oise,8,"Professeur, profession scientifique",Cadres administratifs et techniques de la fonction publique,Cadres et professions intellectuelles supérieures,http://www.wikidata.org/entity/Q112641003,https://fr.wikipedia.org/wiki/Carlos_Martens_Bilongo,bac+3_4,gestion-commerce,1,1,0,mixte_public_prive,haute,
PA840997,M.,Benoît,Biteau,1967-04-07,Royan,Écologiste et Social,Charente-Maritime,2,(12) - Agriculteur sur moyenne exploitation,Agriculteurs exploitants,Agriculteurs exploitants,http://www.wikidata.org/entity/Q63348995,https://fr.wikipedia.org/wiki/Beno%C3%AEt_Biteau,bac+5,agriculture | ingenierie,1,0,0,prive_uniquement,haute,
PA720668,M.,Emmanuel,Blairy,1986-03-14,Lens,Rassemblement National,Pas-de-Calais,1,Fonctionnaire territorial,"Professions de l’enseignement primaire et professionnel, de la formation continue et du sport",Professions intermédiaires,http://www.wikidata.org/entity/Q110464124,https://fr.wikipedia.org/wiki/Emmanuel_Blairy,inconnu,,0,1,0,public_uniquement,haute,"Carrière publique confirmée par la déclaration HATVP (agent territorial de la Communauté d'agglomération de Lens-Liévin, septembre 2018-décembre 2021) et par Wikipédia (fonctionnaire territorial depuis 2006, référence non sourcée sur Wikipédia lui-même). Aucune information sur ses études ou son établissement de formation n'a été trouvée dans la fiche AN, HATVP, Wikipédia ou la presse consultée. - Relecture du JSON HATVP local : révèle un épisode non identifié au tour précédent, un passage comme attaché parlementaire auprès du député José Evrard de septembre 2017 à mai 2018, entre deux périodes comme agent territorial de la Communauté d'agglomération de Lens-Liévin (01-08/2017 puis 09/2018-12/2021). Le corps principal de sa carrière reste la fonction publique territoriale, d'où le maintien de career_profile = « public_uniquement » malgré cet intermède politique bref. Toujours aucune information sur ses études ou son établissement de formation dans la fiche AN, Wikipédia ou le HATVP."
PA794886,Mme,Sophie,Blanc,1968-02-20,Toulouse,Rassemblement National,Pyrénées-Orientales,1,Profession libérale,Professions libérales,Cadres et professions intellectuelles supérieures,http://www.wikidata.org/entity/Q63411806,https://fr.wikipedia.org/wiki/Sophie_Blanc,bac+5,droit,1,0,0,prive_uniquement,moyenne,"Niveau de diplôme déduit de la profession d'avocate, formation non détaillée dans la biographie."
PA842183,M.,Benoît,Blanchard,1961-05-01,La Rochelle,Horizons & Indépendants,Val-d'Oise,4,Directeur d'un laboratoire de recherche,Ingénieurs et cadres techniques d’entreprise,Cadres et professions intellectuelles supérieures,http://www.wikidata.org/entity/Q136772110,https://fr.wikipedia.org/wiki/Beno%C3%AEt_Blanchard,inconnu,,1,0,0,prive_uniquement,moyenne,"La fiche AN et Wikipédia disent seulement 'directeur d'un laboratoire de recherche en aérodynamique, retraité'. Le nom précis de l'employeur ('Institut Aérodynamique Eiffel', société privée exploitant la soufflerie Eiffel à Paris) provient d'une synthèse de recherche web (LinkedIn, societe.com) et n'a pas pu être confirmé par la lecture directe d'une page fetchée nommant explicitement Benoît Blanchard à ce poste — d'où confiance 'moyenne' plutôt que 'haute'. Aucune information sur son diplôme d'ingénieur ou son établissement de formation n'a été trouvée malgré la recherche. - Aucune fiche HATVP disponible (déclaration non publiée pour ce député très récent, entré le 13 novembre 2025). J'ai remonté et vérifié par curl+grep l'unique source citée par tout l'article Wikipédia (balise ref « actufr »), actu.fr, 12 novembre 2025 : elle confirme mot pour mot « ce retraité, ancien directeur d'un laboratoire de recherche en aérodynamique », mais ne nomme jamais l'employeur. Le nom « Institut Aérodynamique Eiffel » avancé au tour précédent (via LinkedIn/societe.com, non fetchés) reste donc non confirmé par une source primaire directement consultée ; je ne le reprends pas comme fait établi et laisse l'employeur « non identifié avec certitude », conformément à la règle sur les résumés WebFetch fabriqués. Fiche AN vérifiée : n'ajoute rien. Aucune information sur son diplôme d'ingénieur ou son établissement de formation ; « directeur de laboratoire de recherche » ne figure pas dans la liste des professions réglementées permettant une inférence de diplôme."
PA719024,M.,Christophe,Blanchet,1973-04-09,Caen,Les Démocrates,Calvados,4,Commerçant,Commerçants et assimilés,"Artisans, commerçants et chefs d'entreprise",http://www.wikidata.org/entity/Q30348928,https://fr.wikipedia.org/wiki/Christophe_Blanchet,bac+5,commerce,1,0,0,prive_uniquement,moyenne,"Wikipédia signale la section « Famille et études » comme non sourcée (bandeau depuis 2020) et ne donne ni institution ni diplôme précis, juste « de retour en France et diplômé ». Wikidata mentionne Omnes Éducation (groupe d'écoles de commerce privées) comme établissement fréquenté, mais sans niveau ni diplôme identifiable : niveau d'études laissé « inconnu » plutôt que déduit. La carrière entrepreneuriale (bars, hôtels-restaurants, boîte de nuit à Caen, gestion immobilière) est en revanche bien documentée par la déclaration HATVP (SARL LMB, SARL Beach, SNC TBJL, SARL 3B, SARL Nuit Blanche) et corroborée par Wikipédia (ancien représentant syndical des débits de boisson en Normandie)."
PA774954,Mme,Anne-Laure,Blin,1983-06-12,Toul,Droite Républicaine,Maine-et-Loire,3,Juriste,Cadres des services administratifs et commerciaux d’entreprise,Cadres et professions intellectuelles supérieures,http://www.wikidata.org/entity/Q99627308,https://fr.wikipedia.org/wiki/Anne-Laure_Blin,bac+5,droit,0,0,1,politique_principalement,haute,"Niveau exact du diplôme de droit non précisé; profession déclarée de juriste, mais carrière connue uniquement de collaboratrice parlementaire."
PA840889,M.,Matthieu,Bloch,1983-04-26,Audincourt,Union des droites pour la République,Doubs,3,(37) - Cadre administratif et commercial d'entreprise,Cadres des services administratifs et commerciaux d’entreprise,Cadres et professions intellectuelles supérieures,http://www.wikidata.org/entity/Q98229814,https://fr.wikipedia.org/wiki/Matthieu_Bloch,bac+5,droit,1,0,0,prive_uniquement,haute,"Études de droit confirmées par letrois.info (droit privé à Franche-Comté puis droit de la famille à Paris Panthéon-Assas), carrière de clerc de notaire chez LEX NOTAIRES confirmée avec dates précises par la déclaration HATVP fetchée. Le niveau exact du diplôme parisien (master 1 ou 2) n'est pas précisé par la source, mais des études de droit de la famille poursuivies après une première université correspondent normalement à un cursus de master, d'où bac+5."
PA796042,M.,Frédéric,Boccaletti,1973-11-23,Martigues,Rassemblement National,Var,7,(85) - Personne diverse sans activité professionnelle de moins de 60 ans,Sans profession déclarée,Sans profession déclarée,http://www.wikidata.org/entity/Q32979246,https://fr.wikipedia.org/wiki/Fr%C3%A9d%C3%A9ric_Boccaletti,bac_ou_moins,,1,0,0,politique_principalement,haute,"lechodusud.com (fetché) confirme qu'il a interrompu ses études en classe de cinquième, puis a été apprenti cuisinier avant de reprendre une librairie à Toulon (Alaïs, devenue Anthinéa en 1997), fermée en 1998 après controverse pour vente d'ouvrages antisémites/négationnistes. Depuis 2010 il est conseiller régional PACA à plein temps (président du groupe RN), poste qu'il occupe depuis 15 ans contre environ 4 ans de librairie indépendante — d'où le choix de 'politique_principalement' pour le profil de carrière global, tout en documentant l'épisode indépendant antérieur."
PA841543,M.,Jean,Bodart,1946-02-21,Aniche,"Libertés, Indépendants, Outre-mer et Territoires",Nord,13,Retraité de la sidérurgie,Sans profession déclarée,Sans profession déclarée,http://www.wikidata.org/entity/Q12061051,https://fr.wikipedia.org/wiki/Jean_Bodart_(homme_politique_fran%C3%A7ais),inconnu,,1,0,0,prive_uniquement,basse,"Député très récent (avril 2026), sa déclaration HATVP est marquée 'publication à venir' au moment de la recherche — aucun détail de carrière disponible par ce canal. Sa page Wikipédia personnelle ne documente que son parcours politique et associatif (adjoint au maire, président du comité des Quatre Jours de Dunkerque, maire) et confirme seulement la catégorie déclarée AN 'retraité de la sidérurgie', sans nommer d'employeur. Une recherche web a fait remonter un lien 'Arbèl' (bureau d'études ferroviaire, 1970) associé au nom 'Jean Bodart', mais celui-ci provient d'une page Wikipédia distincte ('Jean Bodart (cyclisme)') concernant potentiellement une autre personne du même nom — ce détail n'a donc pas été retenu par prudence. Sources vérifiées: Wikipédia, HATVP (non publiée), fiche AN, ici.fr/francebleu.fr (aucune info carrière/études), PDF ville-dunkerque.fr (non accessible). - Aucune amélioration possible ce tour-ci : la déclaration HATVP de ce député très récent (député depuis le 20 avril 2026) reste marquée comme non publiée. Sa page Wikipédia (wikitext brut relu en entier) ne documente toujours que son parcours politique et sportif associatif (adjoint au maire, président des Quatre Jours de Dunkerque, maire) sans nommer d'employeur pour la période sidérurgie, et précise elle-même qu'il existe un homonyme « Jean Bodart » (bandeau {{Voir homonymes}}) — ce qui confirme que la piste « Arbèl » relevée au tour précédent concernait bien une autre personne et a été correctement écartée. La fiche AN, relue, n'ajoute rien de plus que la catégorie déclarée. Tentative de consultation de l'article de Nord Littoral cité par Wikipédia (« Jean Bodart, l'adjoint que le maire attendait ») : page bloquée (HTTP 403, contenu payant), donc pas de nouvelle information exploitable. Je conserve l'enregistrement inchangé, sourcé uniquement par la catégorie socio-professionnelle déclarée à l'Assemblée nationale."
PA793444,M.,Manuel,Bompard,1986-03-30,Firminy,La France insoumise - Nouveau Front Populaire,Bouches-du-Rhône,4,Ingénieur,Cadres des services administratifs et commerciaux d’entreprise,Cadres et professions intellectuelles supérieures,http://www.wikidata.org/entity/Q29575749,https://fr.wikipedia.org/wiki/Manuel_Bompard,doctorat,ingenierie | sciences,1,0,0,prive_uniquement,haute,
PA569,M.,Philippe,Bonnecarrère,1955-07-12,TOULOUSE,Non inscrit,Tarn,1,Avocat,Professions libérales,Cadres et professions intellectuelles supérieures,http://www.wikidata.org/entity/Q3379387,https://fr.wikipedia.org/wiki/Philippe_Bonnecarr%C3%A8re,bac+5,droit,1,0,0,prive_uniquement,moyenne,Profession d'avocat explicitement mentionnée dans la biographie ; diplôme précis non détaillé.
PA841885,M.,Arnaud,Bonnet,1977-02-23,Argenteuil,Écologiste et Social,Seine-et-Marne,8,"(34) - Professeur, profession scientifique","Professions de l’enseignement primaire et professionnel, de la formation continue et du sport",Professions intermédiaires,http://www.wikidata.org/entity/Q126590286,https://fr.wikipedia.org/wiki/Arnaud_Bonnet,bac+5,enseignement | sciences,0,1,0,public_uniquement,haute,"Carrière d'enseignant du public bien confirmée par la déclaration HATVP fetchée (employeur 'Éducation nationale', dates précises, mise en disponibilité au 1er septembre 2023). Aucune source ne nomme l'université ou le master fréquenté. highest_degree_level='bac+5' est une inférence à partir de la profession réglementée: le CAPES de SVT (professeur certifié) exige aujourd'hui un master MEEF ou équivalent (mastérisation 2010) — confiance donc limitée à 'moyenne' plutôt que 'haute', conformément à la règle sur les inférences."
PA841507,M.,Nicolas,Bonnet,1981-02-11,Clermont-Ferrand,Écologiste et Social,Puy-de-Dôme,3,(38) - Ingénieur et cadre technique d'entreprise,Cadres des services administratifs et commerciaux d’entreprise,Cadres et professions intellectuelles supérieures,http://www.wikidata.org/entity/Q127224962,https://fr.wikipedia.org/wiki/Nicolas_Bonnet_(homme_politique),bac+5,informatique | ingenierie,1,0,0,prive_uniquement,moyenne,Employeur précis non mentionné par la source.
PA719968,Mme,Sylvie,Bonnet,1969-12-21,Saint-Just-Saint-Rambert,Droite Républicaine,Loire,4,Collaboratrice parlementaire,Cadres administratifs et techniques de la fonction publique,Cadres et professions intellectuelles supérieures,http://www.wikidata.org/entity/Q123643795,https://fr.wikipedia.org/wiki/Sylvie_Bonnet,bac+5,sciences,0,1,0,public_uniquement,moyenne,"La déclaration HATVP fetchée confirme trois activités simultanées 2019-2023: cadre à la Maison de retraite de la Loire, chargée de mission à la Région AURA (secteur public confirmé) et collaboratrice parlementaire de Dino Cinieri (secteur politique). Le statut de la Maison de retraite de la Loire (publique, privée ou associative) n'a pas pu être déterminé, d'où secteur 'inconnu' pour cette ligne. lechodusud.com confirme qu'elle est 'ergonome de formation' mais ne précise ni établissement ni niveau de diplôme; highest_degree_level='bac+5' est une inférence (la pratique professionnelle de l'ergonomie repose généralement sur un master 2 ergonomie), inférence plus fragile que les exemples de professions strictement réglementées du prompt, d'où confiance 'moyenne'."
PA721410,Mme,Émilie,Bonnivard,1980-08-02,Chambéry,Droite Républicaine,Savoie,3,Cadre à la Caisse des Dépôts et Consignations,Cadres des services administratifs et commerciaux d’entreprise,Cadres et professions intellectuelles supérieures,http://www.wikidata.org/entity/Q30339419,https://fr.wikipedia.org/wiki/%C3%89milie_Bonnivard,bac+5,lettres-sciences humaines | sciences politiques,1,1,0,mixte_public_prive,haute,
PA266793,M.,Jean-Yves,Bony,1955-03-11,Aurillac,Droite Républicaine,Cantal,2,Exploitant agricole,Agriculteurs exploitants,Agriculteurs exploitants,http://www.wikidata.org/entity/Q3170101,https://fr.wikipedia.org/wiki/Jean-Yves_Bony,inconnu,agriculture,1,0,0,prive_uniquement,haute,"La déclaration HATVP officielle (déjà identifiée dans les notes existantes, revérifiée) confirme des revenus d'exploitant agricole sur 2019-2023. Aucune information sur son parcours de formation (lycée agricole, BTA/BTS) n'a été trouvée malgré la consultation de nosdeputes.fr, datan.fr, reussir.fr (page fetchée, sans contenu biographique utile), Wikipédia et la fiche AN — highest_degree_level reste 'inconnu'. Le métier d'exploitant agricole n'exige pas légalement de diplôme spécifique, donc pas d'inférence de niveau. - Deuxième passage sans amélioration. HATVP relue en détail (5 lignes d'activités 2019-2024, toutes ""Exploitant agricole/agri"", employeur ""Individuel"") : rien de nouveau sur la formation. Wikitext brut de l'article (action=raw, 118 lignes) entièrement dépouillé : aucune section ""jeunesse""/""formation"", aucune référence, section ""Liens externes"" vide de contenu utile ({{liens}} générique). Le métier d'exploitant agricole n'impose légalement aucun diplôme, donc pas d'inférence de niveau. Carrière inchangée par rapport au passage précédent, portée telle quelle."
PA717161,Mme,Élisabeth,Borne,1961-04-18,Paris,Ensemble pour la République,Calvados,6,Ingénieur et cadre technique d'entreprise,Cadres des services administratifs et commerciaux d’entreprise,Cadres et professions intellectuelles supérieures,http://www.wikidata.org/entity/Q20020731,https://fr.wikipedia.org/wiki/%C3%89lisabeth_Borne,bac+5,ingenierie | gestion-commerce,0,1,0,public_uniquement,haute,Carrière entière dans la haute fonction publique et le gouvernement avant son élection comme députée en 2022.
PA642695,M.,Éric,Bothorel,1966-10-20,Paimpol,Ensemble pour la République,Côtes-d'Armor,5,Cadre supérieur (secteur privé),Cadres des services administratifs et commerciaux d’entreprise,Cadres et professions intellectuelles supérieures,http://www.wikidata.org/entity/Q29791418,https://fr.wikipedia.org/wiki/%C3%89ric_Bothorel,bac+5,informatique | gestion-commerce,1,0,0,prive_uniquement,moyenne,"Carrière professionnelle décrite de façon très succincte dans la source, sans employeur ni dates précises."
PA721816,M.,Ian,Boucard,1988-05-05,Belfort,Droite Républicaine,Territoire de Belfort,1,Autre cadre (secteur privé),Cadres administratifs et techniques de la fonction publique,Cadres et professions intellectuelles supérieures,http://www.wikidata.org/entity/Q30341918,https://fr.wikipedia.org/wiki/Ian_Boucard,bac+5,commerce,0,0,1,politique_principalement,moyenne,"Aucune activité professionnelle hors politique n'est mentionnée ni dans la biographie Wikipédia (qui ne comporte même pas de section « études ») ni dans la déclaration HATVP, dont le champ « activités » est entièrement vide (seuls des mandats et des sièges d'administrateur ès qualités d'élu : OPH Territoire Habitat, SDIS90, Mission Locale, Collège Vauban, etc., qui reflètent ses fonctions électives locales et non un emploi). Il devient assistant parlementaire de Damien Meslot dès 2013 à 25 ans puis enchaîne les mandats locaux et le mandat de député sans interruption documentée. Le libellé officiel de profession déclarée (« Autre cadre secteur privé ») n'est corroboré par aucun emploi identifiable et n'est donc pas retenu comme carrière. L'établissement d'études (ESC Dijon-Bourgogne) vient de Wikidata, sans confirmation par une source de presse indépendante."
PA606507,M.,Florent,Boudié,1973-09-22,Sainte-Foy-la-Grande,Ensemble pour la République,Gironde,10,Cadre supérieur du secteur public,Cadres administratifs et techniques de la fonction publique,Cadres et professions intellectuelles supérieures,http://www.wikidata.org/entity/Q2856427,https://fr.wikipedia.org/wiki/Florent_Boudi%C3%A9,bac+5,sciences politiques | droit,0,1,0,public_uniquement,haute,
PA841487,M.,Anthony,Boulogne,1993-06-08,Laxou,Rassemblement National,Meurthe-et-Moselle,6,(37) - Cadre administratif et commercial d'entreprise,Cadres des services administratifs et commerciaux d’entreprise,Cadres et professions intellectuelles supérieures,http://www.wikidata.org/entity/Q126595907,https://fr.wikipedia.org/wiki/Anthony_Boulogne,bac+3_4,commerce,1,0,0,prive_uniquement,haute,"Carrière entièrement documentée via sa déclaration HATVP consultée directement : quatre employeurs privés successifs dans le commercial/vente B2B (expertise-comptable en ligne, conseil en création d'entreprise, édition de logiciels RH), plus une société de conseil en construction dont il est président depuis 2021. Aucune information sur ses études ou diplômes trouvée malgré vérification de la fiche Assemblée nationale, Wikipédia (fr/en), HATVP et recherches presse ciblées (BTS commerce, formation) : reste inconnu. - Amélioration diplôme : le wikitexte brut de l'article (non visible dans l'extrait trimmé) contient une section ""Vie personnelle"" absente du passage précédent : ""Diplômé de l'IDRAC Business School à Lyon, il est responsable commercial de profession"", sourcée à data.projetarcadie.com/content/anthony-boulogne. Cette page bloque curl (HTTP 418, pare-feu anti-bot) ; une capture d'archive.org (20250212) confirme au moins la cohérence du profil (""Responsable commercial dans une entreprise d'informatique"", collant à son poste FOEDERIS) sans toutefois montrer explicitement la mention IDRAC dans le texte visible de la capture - donc source Wikipédia retenue mais non vérifiée de façon indépendante à 100%, d'où confiance ""moyenne"" et non ""haute"". IDRAC Business School propose des cursus bachelor (bac+3) et programme grande école (bac+5) : rien ne permet de trancher, donc bac+3_4 retenu comme niveau plancher prudent plutôt que bac+5. Carrière : la déclaration HATVP révèle une ligne inédite absente du passage précédent, une alternance ""attaché commercial"" chez La Poste (01/2018-08/2018), cohérente avec la fin d'études en alternance ; ajoutée en tête de la carrière déjà connue, qui reste par ailleurs inchangée (quatre employeurs privés du commercial B2B + présidence d'une société de conseil en construction)."
PA794094,M.,Mickaël,Bouloux,1972-08-16,Dinan,Socialistes et apparentés,Ille-et-Vilaine,8,Ingénieur et cadre technique d'entreprise,Cadres des services administratifs et commerciaux d’entreprise,Cadres et professions intellectuelles supérieures,http://www.wikidata.org/entity/Q65569133,https://fr.wikipedia.org/wiki/Micka%C3%ABl_Bouloux,bac+5,ingenierie | informatique,1,0,0,prive_uniquement,haute,
PA794938,M.,Idir,Boumertit,1974-10-04,Lyon,La France insoumise - Nouveau Front Populaire,Rhône,14,Employé administratif d'entreprise,"Professions de l’enseignement primaire et professionnel, de la formation continue et du sport",Professions intermédiaires,http://www.wikidata.org/entity/Q112652345,https://fr.wikipedia.org/wiki/Idir_Boumertit,inconnu,,1,0,0,prive_uniquement,haute,"Déclaration HATVP consultée directement : deux employeurs nommés et datés, tous deux de statut associatif (mission locale loi 1901, club sportif) et non fonction publique - comptés comme secteur privé/non-public au sens du champ worked_private, avec secteur précis ""associatif"" indiqué par poste. Aucun diplôme mentionné dans la déclaration HATVP ; la bio Wikipédia le présente comme ""conseiller en insertion professionnelle"" sans préciser de diplôme obtenu (BPJEPS/DEFA envisageables mais non confirmés par une source primaire) - reste inconnu par prudence. - Aucune amélioration sur le diplôme malgré recherches ciblées. HATVP relue : au-delà des deux employeurs déjà connus, la déclaration liste onze mandats de ""dirigeant"" (fédération de taekwondo, collèges, mission locale, Bioforce...) mais ce sont des sièges ès qualités d'élu local (conseiller municipal puis métropolitain de Vénissieux depuis 2001), pas des emplois - aucun ne renseigne un diplôme. Wikitexte brut (208 lignes, bien plus riche que l'extrait trimmé, il est même devenu maire de Vénissieux en mars 2026) entièrement lu : les deux articles de presse cités pour sa jeunesse (Le Progrès, 17/05/2021 et 19/06/2022) sont payants/chargés en JS - curl+grep ne renvoie que du code publicitaire, aucun texte d'article. Recherche via l'API Wikipédia (""Idir Boumertit"" diplôme) : zéro résultat. Le métier de ""conseiller en insertion professionnelle"" n'est pas une profession réglementée listée dans la grille d'inférence fournie (le titre professionnel CIP existe mais n'y figure pas) ; ""éducateur sportif"" rémunéré suppose légalement un brevet d'État (BPJEPS/DEJEPS) mais n'est pas non plus dans la liste des inférences autorisées - je m'abstiens donc de toute inférence pour ne pas extrapoler au-delà des règles données. Carrière inchangée, portée telle quelle."
PA841131,Mme,Manon,Bouquin,1992-06-02,Evreux,Rassemblement National,Hérault,4,(33) - Cadre de la fonction publique,Cadres administratifs et techniques de la fonction publique,Cadres et professions intellectuelles supérieures,http://www.wikidata.org/entity/Q126373195,https://fr.wikipedia.org/wiki/Manon_Bouquin,inconnu,,0,0,1,politique_principalement,haute,"Déclaration HATVP consultée directement : hormis un court stage (5 mois) dans un syndicat professionnel, toute sa carrière rémunérée avant le mandat est de la collaboration politique RN (assistante parlementaire européenne puis nationale), confirmant le profil politique_principalement déjà retenu. Des sources secondaires (non vérifiées sur page primaire) évoquent des études d'histoire à la Sorbonne visant le professorat, sans confirmation d'obtention d'un diplôme : le niveau de diplôme reste donc inconnu par prudence. - Diplôme toujours inconnu, mais la piste ""études d'histoire à la Sorbonne"" déjà évoquée au passage précédent (comme rumeur non vérifiée) est désormais présente telle quelle dans le corps de l'article Wikipédia lui-même (pas seulement dans une synthèse tierce) : ""Elle effectue ses études à la Sorbonne-Université, en vue de devenir professeure d'histoire"", sourcée à ruralites2024.fr (Hugo Clément, 1/04/2025). Cette URL renvoie désormais un 404 (lien mort, vérifié par curl -I) : impossible de la revérifier directement, et aucune mention d'obtention d'un diplôme n'apparaît nulle part - le niveau reste donc ""inconnu"" par prudence plutôt que présumé bac+3/5. Carrière entièrement confirmée par HATVP (stage syndical professionnel puis collaboration politique RN continue), inchangée par rapport au passage précédent."
PA342240,M.,Jean-Luc,Bourgeaux,1963-04-10,Saint-Malo,Droite Républicaine,Ille-et-Vilaine,7,Agriculteur,Sans profession déclarée,Sans profession déclarée,http://www.wikidata.org/entity/Q63765024,https://fr.wikipedia.org/wiki/Jean-Luc_Bourgeaux,inconnu,agriculture,1,0,0,prive_uniquement,haute,"Déclaration HATVP consultée directement : statut d'exploitant agricole individuel confirmé avec dates précises, activité cessée en 2024 (mandat de député + non-cumul). La presse locale le décrit comme ancien éleveur de vaches laitières devenu céréalier. Site personnel (jeanlucbourgeaux.fr/biographie) consulté : ne mentionne que ""agriculteur de profession"" sans détail sur sa formation. Aucune information fiable sur ses études trouvée malgré vérification HATVP, site personnel et presse : diplôme reste inconnu. - Aucune amélioration sur le diplôme. HATVP relue : deux déclarations concordantes montrent que l'activité d'exploitant agricole individuel remonte en réalité à janvier 2014 (et non 2019 comme retenu au passage précédent), avec un résultat négatif en 2020 et 2023 ; activité cessée au 1er janvier 2024, confirmé. Date de début de carrière donc précisée/corrigée (2014 au lieu de 2019). Wikitexte brut (89 lignes) entièrement lu : aucune section formation, aucun lien externe utile au-delà de la palette de portails. Le site personnel avait déjà été consulté au passage précédent sans résultat sur la formation. Profession d'agriculteur sans exigence légale de diplôme particulier."
PA720838,Mme,Soumya,Bourouaha,1964-03-16,Gazahouet,Gauche Démocrate et Républicaine,Seine-Saint-Denis,4,Professeure,"Professions de l’enseignement primaire et professionnel, de la formation continue et du sport",Professions intermédiaires,http://www.wikidata.org/entity/Q112653866,https://fr.wikipedia.org/wiki/Soumya_Bourouaha,bac+3_4,arts | enseignement,1,1,0,mixte_public_prive,moyenne,"Carrière double bien documentée par le site du PCF (consulté directement) : 5 ans comme modéliste/patronnière dans le privé, puis 32 ans dans l'Éducation nationale (SEGPA, lycée professionnel, direction déléguée à Aubervilliers), confirmant mixte_public_prive avec confiance haute sur ce point. Le niveau de diplôme est en revanche une inférence : sa formation initiale relève des métiers de la mode (niveau CAP/BEP), mais son statut de ""professeure"" titularisée en 2021 après un parcours de maître-auxiliaire suppose un niveau licence a minima (CAPLP/intégration) - inférence de profession réglementée, non confirmée par une source primaire citant un diplôme précis ; confiance donc fixée à moyenne, jamais haute, conformément à la règle sur les inférences."
PA719032,M.,Bertrand,Bouyx,1970-05-26,Juvisy-sur-Orge,Horizons & Indépendants,Calvados,5,Pharmacien,"Professions de l’enseignement primaire et professionnel, de la formation continue et du sport",Professions intermédiaires,http://www.wikidata.org/entity/Q30349021,https://fr.wikipedia.org/wiki/Bertrand_Bouyx,doctorat,medecine-sante,1,0,0,prive_uniquement,haute,
PA793182,M.,Jorys,Bovet,1993-03-30,Saint Martin d'Hères,Rassemblement National,Allier,2,Chauffeur-livreur,Ouvriers peu qualifiés de type industriel,Ouvriers,http://www.wikidata.org/entity/Q112638094,https://fr.wikipedia.org/wiki/Jorys_Bovet,inconnu,,1,0,0,prive_uniquement,haute,"Déclaration HATVP consultée directement : quatre employeurs de transport/livraison nommés et datés (2017-2022), confirmant une carrière entièrement salariée dans le privé comme chauffeur-livreur, cohérent avec la profession déclarée. Une synthèse de recherche web a fait apparaître une affirmation isolée et non recoupée selon laquelle il serait diplômé de Sciences Po Lyon et serait passé par Saint-Cyr/l'INSP : cette information contredit frontalement son parcours de chauffeur-livreur documenté par l'Assemblée nationale, Wikipédia et HATVP, et n'a été retrouvée nulle part ailleurs (probable erreur d'agrégation de résultats de recherche) - elle est donc écartée. Aucun diplôme fiable trouvé : reste inconnu. - Aucune amélioration. HATVP relue en intégralité : les quatre employeurs de transport/livraison sont confirmés avec des libellés de poste identiques, plus une ligne ""Parlementaire @ Assemblée nationale 06/2022-06/2024"" qui correspond au mandat lui-même (exclue de la carrière pré-mandat). Wikitexte brut (95 lignes) entièrement lu : aucune section formation, aucune référence biographique en dehors du parcours électoral. La rumeur isolée d'un diplôme Sciences Po Lyon / Saint-Cyr / INSP relevée au passage précédent reste non recoupée par aucune source primaire et continue d'être écartée comme fabrication probable, incompatible avec le parcours de chauffeur-livreur documenté par trois sources indépendantes (AN, Wikipédia, HATVP)."
PA795318,M.,Louis,Boyard,2000-08-26,Fontenay-le-Comte,La France insoumise - Nouveau Front Populaire,Val-de-Marne,3,"Elève, étudiant",Sans profession déclarée,Sans profession déclarée,http://www.wikidata.org/entity/Q112654108,https://fr.wikipedia.org/wiki/Louis_Boyard,inconnu,droit,1,0,0,prive_uniquement,moyenne,"Inscrit en licence de droit à l'Université Paris-Panthéon-Assas à l'automne 2019 (source vérifiée directement) ; a mis ses études en pause à la rentrée de septembre 2022 après son élection comme député en juin 2022 - aucune source ne confirme l'obtention d'une licence, le niveau de diplôme reste donc inconnu plutôt que présumé bac+3. Avant son mandat, activité de syndicaliste lycéen (président UNL, non rémunéré/associatif) puis chroniqueur média nommément identifié sur RMC et C8 à partir de 2021, ce qui relève du secteur privé. - Diplôme toujours inconnu, mais le wikitexte brut (233 lignes, bien plus détaillé que l'extrait trimmé) révèle un fait absent du passage précédent : en parallèle de sa licence de droit à Assas (déjà connue), il s'était aussi inscrit à un BTS communication suivi par correspondance (""Parallèlement, il s'inscrit à un BTS en communication, suivi par correspondance"", sourcé Le Parisien). Aucune des deux formations n'est confirmée obtenue - il ""met en pause"" ses études en septembre 2022 à son élection - donc le niveau reste inconnu plutôt que présumé bac+2/3. Carrière précisée grâce à HATVP : les dates de ses activités de chroniqueur/soutien scolaire, auparavant regroupées de façon vague (""à partir de l'été 2021""), sont maintenant datées précisément mois par mois (chronique RMC 05-08/2021, puis TPMP en auto-entrepreneur 08/2021-02/2022, plus un job de soutien scolaire en 03-04/2021 non repéré au passage précédent), en plus de la présidence UNL déjà connue."
PA841339,M.,Jean-Michel,Brard,1968-04-03,Pornic,Horizons & Indépendants,Loire-Atlantique,9,(22) - Commerçant et assimilé,Commerçants et assimilés,"Artisans, commerçants et chefs d'entreprise",http://www.wikidata.org/entity/Q65569826,https://fr.wikipedia.org/wiki/Jean-Michel_Brard,bac_ou_moins,,1,0,0,prive_uniquement,haute,"La biographie enchaîne directement le lycée technique et l'entrée dans la vie professionnelle, sans mention d'études supérieures."
PA721908,Mme,Yaël,Braun-Pivet,1970-12-07,Nancy,Ensemble pour la République,Yvelines,5,Avocate,Professions libérales,Cadres et professions intellectuelles supérieures,http://www.wikidata.org/entity/Q30339422,https://fr.wikipedia.org/wiki/Ya%C3%ABl_Braun-Pivet,bac+5,droit,1,0,0,prive_uniquement,haute,
PA840175,Mme,Dorine,Bregman,1962-03-04,Paris,Socialistes et apparentés,Paris,7,Consultante en participation citoyenne,Professions libérales,Cadres et professions intellectuelles supérieures,http://www.wikidata.org/entity/Q133499947,https://fr.wikipedia.org/wiki/Dorine_Bregman,doctorat,sciences politiques,1,0,0,prive_uniquement,moyenne,Biographie très courte; consultante indépendante en participation citoyenne.
PA330008,M.,Xavier,Breton,1962-11-25,Darney,Droite Républicaine,Ain,1,Cadre territorial,Cadres des services administratifs et commerciaux d’entreprise,Cadres et professions intellectuelles supérieures,http://www.wikidata.org/entity/Q427080,https://fr.wikipedia.org/wiki/Xavier_Breton,bac+5,sciences politiques,0,1,0,politique_principalement,moyenne,"Carrière essentiellement faite de postes de cabinet politique, avec un poste d'agent territorial de la fonction publique."
PA793508,M.,Hubert,Brigand,1952-07-28,Chatillon-sur-Seine,Droite Républicaine,Côte-d'Or,4,Ancienne profession intermédiaire,Sans profession déclarée,Sans profession déclarée,http://www.wikidata.org/entity/Q63765981,https://fr.wikipedia.org/wiki/Hubert_Brigand,bac+2,informatique,0,0,0,inconnu,moyenne,"Sources consultées : fiche Assemblée nationale (aucune info professionnelle), Wikipédia fr/en (idem, biographie centrée sur ses mandats de maire), France 3 Bourgogne-Franche-Comté (article bloqué, 403 Forbidden), Dijon l'Hebdo (non accessible). Une synthèse de recherche web (mon-maire.fr, non vérifiée sur page primaire) indique une profession antérieure d'""informaticien"", technicien en études/R&D informatique, aujourd'hui retraité, cohérent avec sa profession déclarée ""ancienne profession intermédiaire"" - mais aucun employeur nommé ni secteur (public/privé) précisé, et aucune information sur ses études ou diplômes. Reste inconnu sur les deux plans. - Amélioration diplôme par inférence de profession réglementée. La page Wikipédia ""Liste des députés de la XVIe législature de la Cinquième République"" (source indépendante de l'article personnel, consultée en wikitexte brut) liste sa profession déclarée à son élection de 2022 comme ""Technicien à la retraite"" - ce qui corrobore, sans dépendre d'elle, la piste ""informaticien, technicien en études/R&D informatique"" trouvée au passage précédent sur mon-maire.fr (URL aujourd'hui en 404, revérifiée par curl - lien mort, non ré-exploitable directement). Deux mentions indépendantes convergent donc sur ""technicien"", ce qui autorise l'inférence de la grille (catégorie B fonction publique / technicien → bac+2), plafonnée à confiance ""moyenne"" comme demandé. HATVP relue : aucune ""activité"" salariée n'y figure (seulement des mandats et sièges de représentant d'élu local dans des structures type ORVITIS, EHPAD, hôpital, EPAGE), donc aucun employeur ni secteur (public/privé) n'a pu être confirmé pour sa carrière de technicien - le profil de carrière reste ""inconnu"". Article Wikipédia personnel (107 lignes) entièrement lu sans nouvelle information biographique au-delà des mandats de maire."
PA721336,Mme,Blandine,Brocard,1981-11-03,Strasbourg,Les Démocrates,Rhône,5,Employée (secteur privé),Employés administratifs d'entreprise,Employés,http://www.wikidata.org/entity/Q30337966,https://fr.wikipedia.org/wiki/Blandine_Brocard,bac+5,droit,1,0,0,prive_uniquement,moyenne,"Wikidata précise licence à Lyon-II et master à Lyon-III ; le domaine (droit) est déduit de sa profession de juriste, cohérente avec les facultés de ces deux universités, mais non nommé explicitement comme « droit » dans les sources. La carrière de juriste pendant sept ans à l'Association des maires ruraux de France (association loi 1901) est mentionnée par Wikipédia ; classée en secteur associatif, comptée comme secteur privé au sens large (convention retenue pour les autres déclarations de ce projet), d'où career_profile prive_uniquement malgré la nature associative de l'employeur."
PA794330,M.,Anthony,Brosse,1980-11-04,Saint-Calais,Ensemble pour la République,Loiret,5,Profession intermédiaire de la santé et du travail social,"Professions de l’enseignement primaire et professionnel, de la formation continue et du sport",Professions intermédiaires,http://www.wikidata.org/entity/Q112650781,https://fr.wikipedia.org/wiki/Anthony_Brosse,bac+2,sciences,0,1,0,public_uniquement,basse,"Wikipédia (repris par France Bleu/ici.fr, vérifié par curl) mentionne des « études en environnement à Tours » sans nommer d'établissement ni de diplôme ; le niveau bac+2 est une estimation compatible avec un poste de technicien obtenu directement après ces études, non un diplôme confirmé. Poste de technicien assainissement à la communauté de communes du Pithiverais (collectivité territoriale, secteur public) confirmé par deux sources de presse. Le second emploi (directeur-adjoint d'un établissement médico-social pour personnes âgées handicapées) n'est nommé nulle part et son statut (public/privé/associatif) reste inconnu. Le stage HATVP (UNIFAF, 2018-2019) est une formation non rémunérée, non comptée comme emploi. Les nombreux mandats de « dirigeant » figurant dans sa déclaration HATVP (EPF Loiret, SITOMAP, SMORE, CNAS, etc.) correspondent à des sièges d'administrateur liés à ses fonctions d'élu local, non à une activité professionnelle."
PA794710,M.,Julien,Brugerolles,1982-07-05,Beaumont,Gauche Démocrate et Républicaine,Puy-de-Dôme,5,Collaborateur parlementaire,Cadres administratifs et techniques de la fonction publique,Cadres et professions intellectuelles supérieures,http://www.wikidata.org/entity/Q131956247,https://fr.wikipedia.org/wiki/Julien_Brugerolles,bac+5,sciences politiques,0,1,0,politique_principalement,haute,"A été enseignant dans le public avant treize ans comme collaborateur parlementaire, activité dominante avant son mandat."
PA719890,Mme,Danielle,Brulebois,1947-07-04,Longwy-sur-le-Doubs,Ensemble pour la République,Jura,1,Retraitée de l'enseignement,Sans profession déclarée,Sans profession déclarée,http://www.wikidata.org/entity/Q30342796,https://fr.wikipedia.org/wiki/Danielle_Brulebois,bac+2,education,0,1,0,public_uniquement,moyenne,"Le niveau exact de la formation à l'École normale (équivalence bac+2) est une estimation, non précisée dans la source."
PA718838,M.,Fabrice,Brun,1968-04-02,Avignon,Droite Républicaine,Ardèche,3,Industriel-Chef d'entreprise,Commerçants et assimilés,"Artisans, commerçants et chefs d'entreprise",http://www.wikidata.org/entity/Q30339239,https://fr.wikipedia.org/wiki/Fabrice_Brun,bac+2,agriculture | informatique,0,1,0,public_uniquement,moyenne,"La profession déclarée (« Industriel-Chef d'entreprise ») n'est pas détaillée par la biographie, qui ne documente que des emplois publics, associatifs et politiques."
PA793624,M.,Philippe,Brun,1991-10-16,Rouen,Socialistes et apparentés,Eure,4,Magistrat administratif,Cadres administratifs et techniques de la fonction publique,Cadres et professions intellectuelles supérieures,http://www.wikidata.org/entity/Q112649913,https://fr.wikipedia.org/wiki/Philippe_Brun,bac+5,sciences politiques | gestion-commerce,1,1,0,mixte_public_prive,haute,
PA840817,M.,Joël,Bruneau,1963-09-07,Levroux,"Libertés, Indépendants, Outre-mer et Territoires",Calvados,1,(31) - Profession libérale,Professions libérales,Cadres et professions intellectuelles supérieures,http://www.wikidata.org/entity/Q16646407,https://fr.wikipedia.org/wiki/Jo%C3%ABl_Bruneau,bac+5,droit | sciences politiques,1,1,0,mixte_public_prive,haute,
PA722000,M.,Stéphane,Buchou,1974-03-14,Strasbourg,Ensemble pour la République,Vendée,3,Cadre supérieur (secteur privé),Cadres des services administratifs et commerciaux d’entreprise,Cadres et professions intellectuelles supérieures,http://www.wikidata.org/entity/Q30342812,https://fr.wikipedia.org/wiki/St%C3%A9phane_Buchou,bac+5,economie-gestion,1,0,0,prive_uniquement,moyenne,"L'infobox Wikipédia confirme les deux établissements (Université de Nantes, École de management de Normandie) et le texte détaille la carrière : immobilier puis banque, manager de centre-ville chez Oryon (SEM, classée secteur privé par convention car de statut de droit privé) de 2006 à 2009, puis directeur-adjoint de Cocktail Vision/SAS Cocktail Développement de 2009 à juin 2017, confirmé pour la dernière période par sa déclaration HATVP. L'intitulé précis du mastère spécialisé EM Normandie (« management du développement territorial »), noté lors d'une recherche antérieure sur legislatives.en-marche.fr, n'a pas pu être re-vérifié : le site renvoie une erreur HTTP 520 (domaine de campagne 2017 hors service). Niveau bac+5 retenu car cohérent avec les deux établissements d'enseignement supérieur nommés indépendamment."
PA794798,Mme,Françoise,Buffet,1953-12-11,Strasbourg,Ensemble pour la République,Bas-Rhin,4,"Ancien artisan, commerçant, chef d'entreprise",Sans profession déclarée,Sans profession déclarée,http://www.wikidata.org/entity/Q63766741,https://fr.wikipedia.org/wiki/Fran%C3%A7oise_Buffet,inconnu,,1,0,0,prive_uniquement,haute,"Son propre site (francoisebuffet.fr, consulté directement) et un article ICI (ex-France Bleu) confirment de façon concordante qu'elle a créé et développé un restaurant à Strasbourg dans les années 1990, élu meilleur bistrot d'Alsace puis de France par Gault & Millau, revendu en 2001 par choix personnel - cohérent avec sa profession déclarée ""ancien artisan, commerçant, chef d'entreprise"". Le nom exact de l'établissement n'a pas pu être confirmé avec certitude. Aucune information sur ses études ou diplômes trouvée : reste inconnu. - Aucune amélioration. HATVP relue : aucune ""activité"" professionnelle enregistrée (seulement des mandats et sièges dans des structures intercommunales - SAMINS, CEEAC, ACMISA, association des maires, caisse des écoles - qui relèvent de son mandat d'élue, pas d'un emploi), donc rien de nouveau sur le restaurant ni sur ses études. Le site personnel francoisebuffet.fr/biographie, déjà consulté au passage précédent, renvoie maintenant un 404 (vérifié par curl -I) - lien mort, non ré-exploitable. Wikitexte brut (77 lignes) entièrement lu : rien sur sa formation, seulement sa carrière de commerçante puis élue municipale. Carrière inchangée, portée telle quelle."
PA793134,M.,Jérôme,Buisson,1973-01-15,Roanne,Rassemblement National,Ain,4,Professeur d'italien,Cadres administratifs et techniques de la fonction publique,Cadres et professions intellectuelles supérieures,http://www.wikidata.org/entity/Q112637681,https://fr.wikipedia.org/wiki/J%C3%A9r%C3%B4me_Buisson,bac+3_4,lettres-sciences humaines | education,1,0,0,prive_uniquement,moyenne,Enseignement dans le privé sous contrat puis en indépendant; plusieurs informations sourcées 'réf. souhaitée'.
PA796106,M.,Édouard,Bénard,1995-02-18,Rouen,Gauche Démocrate et Républicaine,Seine-Maritime,3,Collaborateur d'élu,"Employés administratifs de la fonction publique, agents de service et auxiliaires de santé",Employés,http://www.wikidata.org/entity/Q124021781,https://fr.wikipedia.org/wiki/%C3%89douard_B%C3%A9nard,inconnu,lettres-langues,1,1,0,mixte_public_prive,haute,"Source L'Écho du Sud consultée directement : orienté à 15 ans vers un CAP en apprentissage boucherie, puis reprise d'un cursus général au lycée, puis études de philosophie à La Sorbonne (aucune confirmation d'obtention d'un diplôme, ni CAP ni licence) tout en travaillant en boulangerie ; devient ensuite agent de la fonction publique territoriale. Le mélange privé (boulangerie)/public (collectivité territoriale) est confirmé mais sans employeur nommé précis, d'où confiance moyenne et non haute. Diplôme final non confirmé : reste inconnu. - Carrière nettement précisée grâce à HATVP (nouvel index local) : le passage précédent ne savait que ""agent de la fonction publique territoriale @ collectivité non précisée (probablement Saint-Étienne-du-Rouvray ou intercommunalité)"" ; la déclaration HATVP nomme désormais quatre postes datés et deux employeurs publics précis - collaborateur de cabinet puis chargé de mission à la Ville de Saint-Étienne-du-Rouvray (01-12/2019), puis directeur de cabinet à la Mairie de Tourville-la-Rivière (01/2020-09/2022) - plus un passage comme collaborateur parlementaire d'Hubert Wulfranc (09-11/2023, secteur politique) non identifié précédemment. Le mélange privé (boulangerie étudiante)/public (deux mairies) est donc confirmé avec des employeurs nommés : confiance relevée de ""moyenne"" à ""haute"" sur la carrière. Diplôme en revanche toujours inconnu : le wikitexte brut confirme via l'infobox ""université = Université Paris-Sorbonne"" (études de philosophie), cohérent avec le passage précédent, mais aucune source ne confirme l'obtention d'un diplôme (le jeune homme quitte apparemment ses études pour devenir agent public) - niveau maintenu ""inconnu"" par prudence."
PA841023,M.,Pierre-Yves,Cadalen,1992-07-09,Brest,La France insoumise - Nouveau Front Populaire,Finistère,2,"(34) - Professeur, profession scientifique",Cadres administratifs et techniques de la fonction publique,Cadres et professions intellectuelles supérieures,http://www.wikidata.org/entity/Q126595850,https://fr.wikipedia.org/wiki/Pierre-Yves_Cadalen,doctorat,sciences politiques | lettres-sciences humaines,0,1,0,public_uniquement,haute,
PA795762,M.,Elie,Califer,1954-04-19,Saint-Claude,Socialistes et apparentés,Guadeloupe,4,Ancien cadre,Sans profession déclarée,Sans profession déclarée,http://www.wikidata.org/entity/Q63766059,https://fr.wikipedia.org/wiki/%C3%89lie_Califer,bac+3_4,enseignement,0,1,0,public_uniquement,moyenne,"Déclaration HATVP consultée directement : enseignant à l'IME Les Gommiers jusqu'en août 2017, retraité depuis septembre 2017 (cohérent avec profession déclarée ""ancien cadre""). Une base biographique (Who's Who, snippet de recherche non vérifié sur la fiche complète) le qualifie de ""professeur des écoles"". Le niveau de diplôme est une inférence de profession réglementée (enseignant du premier degré nécessitant a minima une licence) plutôt qu'une confirmation directe ; sa carrière d'enseignant étant vraisemblablement antérieure à 2010 (déjà maire en 2003), le niveau retenu est bac+3_4 et non bac+5, avec confiance moyenne conformément à la règle sur les inférences de profession réglementée."
PA721750,Mme,Céline,Calvez,1979-07-24,Rennes,Ensemble pour la République,Hauts-de-Seine,5,Consultante communication,Commerçants et assimilés,"Artisans, commerçants et chefs d'entreprise",http://www.wikidata.org/entity/Q30342940,https://fr.wikipedia.org/wiki/C%C3%A9line_Calvez,bac+5,sciences politiques | communication-journalisme,1,1,0,mixte_public_prive,haute,
PA608264,Mme,Colette,Capdevielle,1958-10-14,Orthez,Socialistes et apparentés,Pyrénées-Atlantiques,5,Avocate,Professions libérales,Cadres et professions intellectuelles supérieures,http://www.wikidata.org/entity/Q2982476,https://fr.wikipedia.org/wiki/Colette_Capdevielle,bac+5,droit,1,0,0,prive_uniquement,moyenne,Le parcours universitaire est présenté de façon anecdotique (abandon de Sciences Po Bordeaux); l'obtention du CAPA est déduite de sa profession d'avocate.
PA841973,M.,Pierre-Henri,Carbonnel,1990-03-23,Montauban,Union des droites pour la République,Tarn-et-Garonne,1,Agriculteur,Agriculteurs exploitants,Agriculteurs exploitants,http://www.wikidata.org/entity/Q127385663,https://fr.wikipedia.org/wiki/Pierre-Henri_Carbonnel,inconnu,agriculture,1,0,0,prive_uniquement,haute,"Déclaration HATVP consultée directement : carrière entièrement d'agriculteur/chef d'exploitation indépendant à Saint-Cirq (GAEC de polyculture-élevage depuis 2020, société de production solaire SASU PAG depuis 2023, administrateur de la coopérative Natera depuis 2024), confirmant prive_uniquement (liberal_independant) avec confiance haute. Aucune information sur ses études ou diplômes trouvée malgré vérification HATVP, site du parti UDR et Wikipédia : reste inconnu. - Aucune amélioration sur le diplôme. HATVP relue : confirme intégralement l'exploitation agricole (GAEC de polyculture-élevage depuis 2020), la SASU de production solaire (depuis 2023) et ajoute une précision - administrateur de la CUMA d'accueil de Saint-Cirq en plus de la coopérative Natera déjà connue. Wikitexte brut (118 lignes) entièrement lu : les seules références biographiques concernent son passé de rugbyman (itsrugby.fr, uniquement sportif) et sa candidature politique de 2025 ; aucune mention de lycée agricole, BTSA ou autre formation. Recherche Wikipédia (""Pierre-Henri Carbonnel"" BTS/lycée/diplôme) : aucun résultat pertinent au-delà de sa fiche personnelle. Statut d'agriculteur/chef d'exploitation n'impose légalement aucun diplôme."
PA796090,M.,Aymeric,Caron,1971-12-04,Boulogne Sur Mer,La France insoumise - Nouveau Front Populaire,Paris,18,"Profession de l'information, des arts et des spectacles",Cadres administratifs et techniques de la fonction publique,Cadres et professions intellectuelles supérieures,http://www.wikidata.org/entity/Q2874956,https://fr.wikipedia.org/wiki/Aymeric_Caron,bac+5,lettres-sciences humaines | communication-journalisme,1,1,0,mixte_public_prive,haute,
PA793912,M.,Sylvain,Carrière,1991-05-21,Béziers,La France insoumise - Nouveau Front Populaire,Hérault,8,Employé de commerce,Employés de commerce,Employés,http://www.wikidata.org/entity/Q112650404,https://fr.wikipedia.org/wiki/Sylvain_Carri%C3%A8re,bac+2,agriculture | gestion-commerce,1,0,0,prive_uniquement,haute,
PA841801,Mme,Danièle,Carteron,1984-10-31,Annecy,Ensemble pour la République,Haute-Savoie,2,Cheffe d'entreprise,Cadres d'entreprise,Cadres et professions intellectuelles supérieures,http://www.wikidata.org/entity/Q127413477,https://fr.wikipedia.org/wiki/Dani%C3%A8le_Carteron,bac+5,droit,1,0,0,prive_uniquement,haute,"France 3 Auvergne-Rhône-Alpes (article du 28/04/2026) précise: ""Diplômée en droit public, droit de l'urbanisme et construction à l'Université Savoie Mont-Blanc de Chambéry, elle a créé une petite entreprise d'assistance à maîtrise d'ouvrage"", et qu'elle a été ""formatrice en droit de la construction, droit de la copropriété et droit de l'urbanisme à la CCI Haute-Savoie"". Mandats locaux (première adjointe au maire, conseillère communautaire) exercés en parallèle de son activité professionnelle, non comptés comme carrière séparée. Fiche HATVP consultée mais déclaration non encore publiée à ce jour."
PA719138,M.,Michel,Castellani,1945-09-28,Bastia,"Libertés, Indépendants, Outre-mer et Territoires",Haute-Corse,1,Professeur des Universités,Cadres administratifs et techniques de la fonction publique,Cadres et professions intellectuelles supérieures,http://www.wikidata.org/entity/Q30342903,https://fr.wikipedia.org/wiki/Michel_Castellani_(homme_politique),doctorat,economie,0,1,0,public_uniquement,haute,
PA840075,M.,Eddy,Casterman,1996-07-28,Lille,Rassemblement National,Aisne,3,(37) - Cadre administratif et commercial d'entreprise,Sans profession déclarée,Sans profession déclarée,http://www.wikidata.org/entity/Q126949238,https://fr.wikipedia.org/wiki/Eddy_Casterman,inconnu,,0,0,1,politique_principalement,haute,"La déclaration d'intérêts HATVP (consultée en PDF) ne recense aucune activité professionnelle en dehors de postes de collaborateur parlementaire et de collaborateur de cabinet, plus un mandat local d'adjoint au maire. La profession déclarée officiellement à l'Assemblée (""cadre administratif et commercial d'entreprise"") ne correspond à aucun emploi identifié dans ces sources. Aucun diplôme trouvé malgré recherche (HATVP, fiche AN, Datan, LinkedIn non accessible en détail). - Aucune amélioration sur le diplôme. HATVP relue : confirme exactement les trois lignes déjà connues (collaborateur parlementaire de Vincent Segouin puis collaborateur de cabinet AFEMM, plus les associations ""Racines d'avenir""), toujours aucune activité professionnelle en dehors de la sphère politique/associative. Wikitexte brut (133 lignes) entièrement lu : le champ ""université"" de l'infobox est explicitement laissé vide par les contributeurs Wikipédia eux-mêmes (signe qu'ils ne savent pas non plus), et aucune section formation n'existe dans le corps de l'article. Recherche Wikipédia (""Eddy Casterman"" diplôme/études/master) : aucun résultat pertinent en dehors de sa fiche et des pages électorales. La fiche AN reste inexploitable (rendu JavaScript, aucun contenu biographique dans le HTML statique)."
PA795868,M.,Jean-Victor,Castor,1962-04-21,Sinnamary,Gauche Démocrate et Républicaine,Guyane,1,Cadre technique d'entreprise,Cadres des services administratifs et commerciaux d’entreprise,Cadres et professions intellectuelles supérieures,http://www.wikidata.org/entity/Q112628313,https://fr.wikipedia.org/wiki/Jean-Victor_Castor,bac+2,ingenierie,1,0,0,prive_uniquement,haute,
PA842187,Mme,Gabrielle,Cathala,1992-05-14,Talence,La France insoumise - Nouveau Front Populaire,Val-d'Oise,6,Secrétaire générale de groupe parlementaire,Cadres administratifs et techniques de la fonction publique,Cadres et professions intellectuelles supérieures,http://www.wikidata.org/entity/Q127256470,https://fr.wikipedia.org/wiki/Gabrielle_Cathala,bac+5,droit,0,1,0,public_uniquement,haute,"Carrière mêlant diplomatie, ONG humanitaire et emploi politique parlementaire avant son élection."
PA842311,M.,Vincent,Caure,1992-12-31,Castres,Ensemble pour la République,Français établis hors de France,3,(33) - Cadre de la fonction publique,Cadres administratifs et techniques de la fonction publique,Cadres et professions intellectuelles supérieures,http://www.wikidata.org/entity/Q127256447,https://fr.wikipedia.org/wiki/Vincent_Caure,bac+5,sciences politiques,0,0,1,politique_principalement,haute,
PA719922,M.,Lionel,Causse,1971-05-06,Toulouse,Ensemble pour la République,Landes,2,Autre cadre (secteur privé),Cadres des services administratifs et commerciaux d’entreprise,Cadres et professions intellectuelles supérieures,http://www.wikidata.org/entity/Q30342869,https://fr.wikipedia.org/wiki/Lionel_Causse,inconnu,,0,0,0,inconnu,basse,"Wikipedia et L'Écho du Sud mentionnent seulement qu'il ""a occupé des fonctions de cadre dans le secteur de l'économie sociale et solidaire au début de sa carrière"", sans nommer l'employeur. Sa déclaration HATVP (fenêtre des 5 ans précédant 2022) indique ""Néant"" pour les activités professionnelles rémunérées - il était déjà maire/conseiller général à plein temps depuis 2008-2014, donc cette déclaration ne couvre pas son emploi ESS antérieur. Présidence du CPIE Seignanx et Adour confirmée mais non rémunérée. Sources consultées: Wikipedia, France3, L'Écho du Sud, nosdeputes.fr, HATVP - aucune ne nomme l'employeur ni le niveau d'études. - Deuxième passage : déclaration HATVP consultée directement — confirme le poste de dirigeant bénévole au CPIE Seignanx Adour depuis 01/2016 (précise la date de début, absente du premier passage), ainsi qu'un mandat de représentant au Conseil national de l'habitat (12/2022-06/2024), lié à son activité de député rapporteur sur la tarification sociale de l'eau — non retenu comme activité professionnelle distincte. Wikitext brut de Wikipédia consulté (infobox : profession = « Cadre d'entreprise », université vide) : aucune information nouvelle sur le nom de l'employeur ESS ni sur un diplôme. Recherche Wikipédia (API full-text, « Lionel Causse diplômé », « économie sociale solidaire ») : aucun résultat pertinent nouveau. Le secteur ESS étant à cheval entre privé et associatif selon les structures, et aucun employeur nommé, le profil de carrière reste « inconnu » par prudence, comme le diplôme."
PA719472,M.,Jean-René,Cazeneuve,1958-06-09,Paris,Ensemble pour la République,Gers,1,Ingénieur,Cadres des services administratifs et commerciaux d’entreprise,Cadres et professions intellectuelles supérieures,http://www.wikidata.org/entity/Q30417849,https://fr.wikipedia.org/wiki/Jean-Ren%C3%A9_Cazeneuve,bac+5,ingenierie | gestion-commerce,1,0,0,prive_uniquement,haute,
PA795864,M.,Pierre,Cazeneuve,1995-03-11,Saint Cloud,Ensemble pour la République,Hauts-de-Seine,7,Cadre de la fonction publique,Cadres administratifs et techniques de la fonction publique,Cadres et professions intellectuelles supérieures,http://www.wikidata.org/entity/Q87116010,https://fr.wikipedia.org/wiki/Pierre_Cazeneuve,bac+5,sciences politiques | gestion-commerce,0,0,1,politique_principalement,moyenne,"Emploi au cabinet de la présidence de la République mentionné via Wikidata, non détaillé dans le texte de la biographie."
PA841047,M.,François-Xavier,Ceccoli,1968-10-27,Cervione,Droite Républicaine,Haute-Corse,2,(23) - Chef d'entreprise de 10 salariés ou plus,Chefs d'entreprise de plus de 10 personnes,"Artisans, commerçants et chefs d'entreprise",http://www.wikidata.org/entity/Q62616089,https://fr.wikipedia.org/wiki/Fran%C3%A7ois-Xavier_Ceccoli,inconnu,,1,0,0,prive_uniquement,haute,"Chef d'entreprise dans la filière agroalimentaire corse (négoce de clémentines), confirmé avec dates et rémunérations précises par sa déclaration HATVP, et par la presse locale (Corse Net Infos, Visit Corsica) qui décrit Fruticor comme une station de conditionnement de 8000 m² employant jusqu'à 60 personnes en pic de saison. Aucune information sur ses études trouvée malgré recherches (HATVP, Facebook, presse corse, annuaires de maires). - Deuxième passage : déclaration HATVP reconsultée directement — les dates concordent exactement avec ce qui était déjà connu (DIRECTION @ Fruticor depuis 01/2022 ; agriculteur à titre secondaire @ Ceccoli FX depuis 01/2018 ; dirigeant Fruticor 01/2018-10/2021 ; dirigeant GIE Corsica Comptoir depuis 01/2018). Wikitext brut vérifié (infobox : profession = « Chef d'entreprise », université vide) : rien de nouveau. Recherche Wikipédia (API full-text, « diplômé », « études ») infructueuse — aucun résultat pertinent (résultats renvoyés concernent d'autres personnalités homonymes ou sans lien). Diplôme reste inconnu malgré ce second passage ; carrière confirmée avec un niveau de confiance élevé."
PA842037,M.,Bérenger,Cernon,1988-05-02,Joigny,La France insoumise - Nouveau Front Populaire,Essonne,8,"(65) - Ouvrier qualifié de la manutention, du magasinage et du transport",Ouvriers qualifiés de type industriel,Ouvriers,http://www.wikidata.org/entity/Q127255949,https://fr.wikipedia.org/wiki/B%C3%A9renger_Cernon,inconnu,,0,1,0,public_uniquement,haute,"Employé de la SNCF (établissement public) comme conducteur depuis 2008, confirmé par Wikipedia et l'article de La Vie Ouvrière (NVO, 2024) qui précise ""il rejoint la SNCF en 2008 comme conducteur sur les lignes D et R"". Engagement syndical CGT (délégué du personnel, secrétaire de CHSCT) exercé dans le cadre de cet emploi, non compté comme carrière séparée. Un profil LinkedIn indique une scolarité à l'Université de Bourgogne, mais sans précision de filière ni de diplôme obtenu - non retenu comme preuve d'un diplôme malgré recherches complémentaires. - Deuxième passage : déclaration HATVP consultée directement — indique « Conducteur de train » @ Sncf depuis 01/2018 seulement, et non 2008. Cela pourrait signaler une promotion interne (agent SNCF dès 2008, poste de conducteur obtenu après formation en 2018) plutôt qu'une contradiction, mais l'article de La Vie Ouvrière (NVO, 2024, déjà cité au premier passage) affirme explicitement qu'« il rejoint la SNCF en 2008 comme conducteur » — cette source de première main est conservée comme référence de la date d'entrée, la nuance HATVP étant signalée par prudence. Wikitext brut vérifié (infobox : profession = « Cheminot », université vide). Nouvelle recherche Wikipédia (« Bérenger Cernon Bourgogne », « formation ») : aucun résultat pertinent — la mention d'un profil LinkedIn évoquant l'Université de Bourgogne (déjà signalée au premier passage, sans diplôme précisé) reste non confirmée. Diplôme reste inconnu."
PA718820,Mme,Pauline,Cestrières,1977-03-24,Rodez,Ensemble pour la République,Aveyron,1,Agricultrice,Agriculteurs exploitants,Agriculteurs exploitants,http://www.wikidata.org/entity/Q98235200,https://fr.wikipedia.org/wiki/Pauline_Cestri%C3%A8res,bac+5,agriculture,1,0,0,prive_uniquement,haute,"Page confirmée directement par curl+grep sur purpanalumni.com (site de l'association des anciens élèves de Purpan) : titre « Pauline Cestrières (79è), appelée à siéger à l'Assemblée nationale », le « 79è » désignant sa promotion de sortie de l'école d'ingénieurs agricoles. Aucune déclaration HATVP disponible pour cette députée (entrée absente du dump)."
PA840701,M.,Bernard,Chaix,1965-01-06,Nice,Union des droites pour la République,Alpes-Maritimes,3,(22) - Commerçant et assimilé,Commerçants et assimilés,"Artisans, commerçants et chefs d'entreprise",http://www.wikidata.org/entity/Q127274166,https://fr.wikipedia.org/wiki/Bernard_Chaix,inconnu,,1,0,0,prive_uniquement,haute,"Commerçant, gérant de l'entreprise familiale de vente de tapis et moquettes Chaix Décoration à Nice (fondée en 1936, reprise sur trois générations), confirmé par sa déclaration HATVP (dates et employeur nommés) et par la presse (Nice Presse, RCF Nice Côte d'Azur, WebSearch synthétisant Kompass/Société.com). Aucune information sur ses études trouvée malgré recherches multiples. - Deuxième passage : déclaration HATVP reconsultée directement — au moins deux déclarations successives (2016 et 2021) listent le même poste « commerce de tissus tapis revêtements sols et murs » chez Chaix Décoration, avec un début en 01/2016 pour la première. La gérance est donc retenue comme active depuis 2016 (et non « formellement depuis 06/2021 » comme indiqué au premier passage). La déclaration HATVP révèle aussi une longue liste de mandats non rémunérés dans des organismes économiques et consulaires niçois (UPE, CPME06, SEM Habitat 06, Office du tourisme métropolitain NCA, EPA Éco-Vallée Plaine du Var) et des sièges au conseil d'administration de l'EDHEC Business School, de l'IAE de Nice et de l'ISEM à partir de 06/2021 — ces sièges reflètent vraisemblablement sa fonction de représentant patronal (président CPME) plutôt qu'un diplôme personnel de ces établissements, donc non retenus comme preuve d'un diplôme. Wikitext brut vérifié (infobox : profession = « Commerçant », université vide). Recherche Wikipédia « diplômé Nice » infructueuse. Diplôme reste inconnu."
PA794008,Mme,Cyrielle,Chatelain,1987-07-15,Montbéliard,Écologiste et Social,Isère,2,Collaboratrice de cabinet,Cadres administratifs et techniques de la fonction publique,Cadres et professions intellectuelles supérieures,http://www.wikidata.org/entity/Q112648926,https://fr.wikipedia.org/wiki/Cyrielle_Chatelain,bac+5,sciences politiques | gestion-commerce | lettres-sciences humaines,0,0,0,politique_principalement,haute,"Carrière dominée par des postes en cabinet politique, avec un passage associatif antérieur."
PA840107,M.,Bernard,Chaumeil,1958-09-30,Montmorency,Rassemblement National,Hérault,7,Directeur des relations institutionnelles,Cadres des services administratifs et commerciaux d’entreprise,Cadres et professions intellectuelles supérieures,http://www.wikidata.org/entity/Q139031576,https://fr.wikipedia.org/wiki/Bernard_Chaumeil,inconnu,,1,0,0,prive_uniquement,haute,"Dans un entretien à Hérault Tribune (Echo des Tribunes), Bernard Chaumeil (né en 1958) déclare avoir ""construit une carrière dense dans le secteur privé"", ayant ""occupé des postes à responsabilités au sein de grands groupes comme Bouygues Telecom ou Engie"" (directeur de cabinet puis cadre dirigeant, missions à l'international); il insiste: ""Je n'ai jamais voulu dépendre de la politique. J'ai toujours travaillé à côté dans le privé."" Cela est distinct de ses 20 ans d'engagement politique local bénévole (Plessis-Robinson, RPR de Pasqua, Parti radical de Borloo, UDI) évoqués dans le même article. L'Agathois confirme des ""responsabilités en relations institutionnelles au sein du groupe Engie"". Aucun diplôme mentionné dans les sources consultées. - Deuxième passage : pas de déclaration HATVP disponible dans l'index local (fiche absente — probablement trop récent comme titulaire, ayant accédé au mandat en 2026 comme suppléant d'Aurélien Lopez-Liguori). L'article d'Hérault Tribune (echo-des-tribunes.com) déjà cité au premier passage a été récupéré et vérifié texte par texte (curl + grep sur le contenu réellement présent dans la page, celle-ci étant en Next.js avec le texte embarqué en JSON) : les citations connues sont confirmées mot pour mot (« carrière dense dans le secteur privé », « Directeur de cabinet, puis cadre dirigeant » chez Bouygues Telecom et Engie, allusion au scoutisme et à « son éducation »), mais aucune école, aucun diplôme ni cursus n'est mentionné dans l'article en entier. Wikitext brut vérifié (infobox : université et profession vides). Diplôme reste inconnu."
PA840721,M.,Marc,Chavent,1968-06-28,Bourg-en-Bresse,Union des droites pour la République,Ain,5,(33) - Cadre de la fonction publique,Cadres administratifs et techniques de la fonction publique,Cadres et professions intellectuelles supérieures,http://www.wikidata.org/entity/Q98246172,https://fr.wikipedia.org/wiki/Marc_Chavent,inconnu,,0,0,1,politique_principalement,moyenne,"La seule activité professionnelle documentée par sa déclaration HATVP est celle d'assistant parlementaire de sa sœur, la sénatrice Sylvie Goy-Chavent. La profession déclarée officiellement (""cadre de la fonction publique"") ne correspond à aucun poste identifié dans la fonction publique proprement dite - possible classification INSEE approximative du statut de collaborateur parlementaire (qui est un contrat de droit privé, non un poste de fonctionnaire), d'où le classement en ""politique"" plutôt qu'en ""public"". Fils d'agriculteur (Bourg-en-Bresse); aucune activité professionnelle antérieure à 2018 trouvée malgré recherches. Diplôme inconnu. - Deuxième passage : déclaration HATVP reconsultée directement — confirme exactement l'activité déjà connue (assistant de sénateur, Sylvie Goy-Chavent, 01/2018-07/2024, avec la précision « J'ai démissionné le 7 juillet 2024 au soir date de mon élection »), ainsi qu'un mandat non rémunéré au Syndicat mixte Scot Bucopa depuis 03/2020, lié à son mandat de maire de Cerdon et non à une activité professionnelle distincte. Wikitext brut vérifié (infobox : profession = « Cadre administratif », université vide). Recherches Wikipédia (« Marc Chavent études », « Marc Chavent Cerdon ») infructueuses pour toute information de formation. La profession déclarée officiellement (« cadre de la fonction publique ») ne correspond à aucun poste public identifié — le classement en « politique » (collaborateur parlementaire) est maintenu. Diplôme reste inconnu."
PA841595,Mme,Cendrine,Chazé,1977-10-14,Argentan,Droite Républicaine,Orne,3,Secrétaire de mairie,"Employés administratifs de la fonction publique, agents de service et auxiliaires de santé",Employés,http://www.wikidata.org/entity/Q138713010,https://fr.wikipedia.org/wiki/Cendrine_Chaz%C3%A9,inconnu,,0,1,0,public_uniquement,moyenne,"Poste de secrétaire de mairie (fonction publique territoriale) confirmé par Wikipedia, cohérent avec la profession déclarée officiellement à l'Assemblée. Aucune information trouvée sur sa formation ou son diplôme malgré recherches (Wikipedia, fiche AN, Conseil départemental de l'Orne, nosdeputes). Le métier de secrétaire de mairie n'impose pas de diplôme unique standardisé (niveaux très variables selon la taille des communes), donc aucun niveau n'a été inféré par prudence. - Deuxième passage : pas de déclaration HATVP disponible dans l'index local (députée très récente, élue en 2026 en remplacement de Jérôme Nury). Wikitext brut vérifié (infobox : profession = « Secrétaire de mairie », université vide). Recherche Wikipédia (« Cendrine Chazé », « Cendrine Chazé Orne ») : seule nouvelle mention trouvée, la page « Canton d'Argentan-2 », confirme « Ancienne secrétaire de mairie à Silly-en-Gouffern, suppléante du... » sans détail de formation. La profession INSEE déclarée (« Employés administratifs de la fonction publique »), correspondant typiquement à la catégorie C, sort du barème d'inférence du projet (qui ne couvre que les catégories A et B) : aucun niveau n'est donc inféré. Diplôme reste inconnu."
PA795908,M.,Yannick,Chenevard,1959-11-27,Toulon,Ensemble pour la République,Var,1,Profession libérale,Professions libérales,Cadres et professions intellectuelles supérieures,http://www.wikidata.org/entity/Q63371106,https://fr.wikipedia.org/wiki/Yannick_Chenevard,bac+5,droit,0,1,0,public_uniquement,moyenne,Wikipedia FR: maîtrise en droit public (DESS défense et sécurité) à la faculté de droit de Toulon; a aussi étudié à la faculté de médecine de Marseille sans diplôme confirmé (source: fr.wikipedia.org/wiki/Yannick_Chenevard).
PA720468,M.,Sébastien,Chenu,1973-04-13,Beauvais,Rassemblement National,Nord,19,Conseiller en communication,Cadres des services administratifs et commerciaux d’entreprise,Cadres et professions intellectuelles supérieures,http://www.wikidata.org/entity/Q21294609,https://fr.wikipedia.org/wiki/S%C3%A9bastien_Chenu,bac+5,sciences politiques | communication-journalisme,1,1,0,politique_principalement,moyenne,Diplôme précis à HEI non détaillé dans la source ; carrière très majoritairement faite de postes de collaborateur/cabinet politique.
PA791812,Mme,Sophia,Chikirou,1979-06-03,Bonneville,La France insoumise - Nouveau Front Populaire,Paris,6,Chef d'entreprise de 10 salariés ou plus,Chefs d'entreprise de plus de 10 personnes,"Artisans, commerçants et chefs d'entreprise",http://www.wikidata.org/entity/Q28964087,https://fr.wikipedia.org/wiki/Sophia_Chikirou,bac+5,communication-journalisme | gestion-commerce,1,0,0,prive_uniquement,haute,"Carrière mêlant conseil politique et activités professionnelles en communication (Médiascop, Le Média)."
PA840903,M.,Paul,Christophle,1987-02-03,Arles,Socialistes et apparentés,Drôme,1,(37) - Cadre administratif et commercial d'entreprise,Cadres des services administratifs et commerciaux d’entreprise,Cadres et professions intellectuelles supérieures,http://www.wikidata.org/entity/Q96176039,https://fr.wikipedia.org/wiki/Paul_Christophle,bac+5,sciences-politiques | commerce,1,0,0,mixte_public_prive,haute,"Sa bio Contexte.com (rédigée par la rédaction de Contexte) indique: ""Diplômé de l'Institut d'études politiques de Strasbourg et de HEC, Paul Christophle a notamment été chargé de mission de 2015 à 2016 au cabinet de Fleur Pellerin [...] puis conseiller numérique de Patrick Kanner [...] en 2016. Il dirige actuellement une coopérative d'activité et d'emploi qui accompagne les entrepreneurs."" Le passage chez Korelya Capital et le conseil bénévole à Mounir Mahjoubi sont mentionnés par Wikipedia. Le libellé ""mixte_public_prive"" est utilisé par défaut faute de catégorie dédiée dans le schéma: sa carrière réelle mélange des postes en cabinets ministériels (secteur ""politique"") et des emplois privés (Korelya Capital, coopérative d'activité et d'emploi), et non un mélange public/privé au sens strict."
PA794198,M.,Roger,Chudeau,1949-09-28,Berlin,Rassemblement National,Loir-et-Cher,2,Inspecteur général de l'éducation nationale honoraire,Cadres administratifs et techniques de la fonction publique,Cadres et professions intellectuelles supérieures,http://www.wikidata.org/entity/Q33111018,https://fr.wikipedia.org/wiki/Roger_Chudeau,bac+5,lettres-sciences humaines | education,0,1,0,public_uniquement,haute,"Carrière de haut fonctionnaire de l'Éducation nationale, avec des passages en cabinets ministériels."
PA330240,M.,Éric,Ciotti,1965-09-28,Nice,Union des droites pour la République,Alpes-Maritimes,1,(33) - Cadre de la fonction publique,Sans profession déclarée,Sans profession déclarée,http://www.wikidata.org/entity/Q1844180,https://fr.wikipedia.org/wiki/%C3%89ric_Ciotti,bac+5,economie | sciences politiques,0,0,1,politique_principalement,haute,
PA840159,M.,Bruno,Clavet,1989-05-06,Aubagne,Rassemblement National,Pas-de-Calais,3,(45) - Profession intermédiaire administrative de la fonction publique,"Professions de l’enseignement primaire et professionnel, de la formation continue et du sport",Professions intermédiaires,http://www.wikidata.org/entity/Q112574053,https://fr.wikipedia.org/wiki/Bruno_Clavet,bac+5,communication-journalisme | sciences-politiques,1,0,0,politique_principalement,haute,"CNews (02/07/2024) confirme: pour financer son année scolaire à New York, il a été mannequin de lingerie en 2012, puis ""ces études ont ensuite permis au député [...] de décrocher un master en communication et stratégie des affaires publiques"". Franceinfo (article municipales de Lens) confirme qu'il ""travaille comme chargé de communication à la mairie d'Hénin-Beaumont [...] dont la majorité est dirigée par Steeve Briois, lui aussi au Rassemblement national"" - poste classé en secteur ""politique"" plutôt que ""public"" car ce type de poste de communication pour un maire est généralement pourvu en tant que collaborateur de cabinet, non par concours de la fonction publique territoriale (nuance non confirmée avec certitude absolue). Engagement politique élu (conseiller municipal Paris 2014, conseiller régional Hauts-de-France, conseiller/candidat municipal à Lens) continu depuis 2007."
PA793736,M.,Hadrien,Clouet,1991-07-13,Aix-en-Provence,La France insoumise - Nouveau Front Populaire,Haute-Garonne,1,Sociologue,Cadres administratifs et techniques de la fonction publique,Cadres et professions intellectuelles supérieures,http://www.wikidata.org/entity/Q112649548,https://fr.wikipedia.org/wiki/Hadrien_Clouet,doctorat,sciences politiques | lettres-sciences humaines,0,1,0,public_uniquement,haute,"Engagement politique important (Parti de Gauche, LFI) en parallèle de sa carrière académique publique."
PA795402,Mme,Nathalie,Coggia,1977-07-16,France,Ensemble pour la République,Français établis hors de France,5,Directrice financière et des opérations,Cadres des services administratifs et commerciaux d’entreprise,Cadres et professions intellectuelles supérieures,http://www.wikidata.org/entity/Q135272182,https://fr.wikipedia.org/wiki/Nathalie_Coggia,bac+5,gestion-commerce,1,0,0,prive_uniquement,moyenne,Diplôme précis à Paris-Dauphine non nommé; niveau bac+5 déduit du parcours en conseil puis direction financière.
PA841431,Mme,Nathalie,Colin-Oesterlé,1965-05-05,Ollioules,Horizons & Indépendants,Moselle,3,(31) - Profession libérale,Professions libérales,Cadres et professions intellectuelles supérieures,http://www.wikidata.org/entity/Q63615187,https://fr.wikipedia.org/wiki/Nathalie_Colin-Oesterl%C3%A9,bac+5,droit,1,0,0,prive_uniquement,moyenne,"Activité professionnelle déduite du diplôme de droit notarial et de la profession déclarée « profession libérale », non détaillée par la source biographique."
PA719286,M.,Paul-André,Colombani,1967-08-17,Bastia,"Libertés, Indépendants, Outre-mer et Territoires",Corse-du-Sud,2,Médecin,Professions libérales,Cadres et professions intellectuelles supérieures,http://www.wikidata.org/entity/Q30342982,https://fr.wikipedia.org/wiki/Paul-Andr%C3%A9_Colombani,doctorat,medecine-sante,1,,0,prive_uniquement,moyenne,"Exercice en médecine générale supposé libéral, non explicitement confirmé (pas de mention d'hôpital)."
PA793548,Mme,Caroline,Colombier,1957-08-22,Autun,Rassemblement National,Charente,3,Ancienne avocate / Ancien cadre,Cadres des services administratifs et commerciaux d’entreprise,Cadres et professions intellectuelles supérieures,http://www.wikidata.org/entity/Q112641269,https://fr.wikipedia.org/wiki/Caroline_Colombier,bac+5,droit,1,0,0,prive_uniquement,haute,Carrière d'avocate puis de cadre juridique/RH en entreprise clairement établie.
PA721202,M.,Éric,Coquerel,1958-12-30,Courbevoie,La France insoumise - Nouveau Front Populaire,Seine-Saint-Denis,1,Industriel-Chef d'entreprise,Professions libérales,Cadres et professions intellectuelles supérieures,http://www.wikidata.org/entity/Q17485936,https://fr.wikipedia.org/wiki/%C3%89ric_Coquerel,bac_ou_moins,histoire-geographie,1,0,0,mixte_public_prive,moyenne,"Wikipedia indique qu'il ""entreprend des études d'histoire à l'université Paris-Diderot [...] avec pour objectif le CAPES qu'il n'obtient pas"" - le CAPES est un concours et non un diplôme, et sa réussite suppose déjà une licence, mais aucune source ne confirme explicitement qu'il ait obtenu une licence d'histoire; par prudence le niveau de diplôme reste ""inconnu"" plutôt que d'inférer une licence non confirmée. Il crée et dirige l'agence de communication indépendante Effets Mer (liée à la voile sportive, création du Vendée Globe, communication d'Isabelle Autissier et Michel Desjoyeaux), puis devient permanent politique quasi-continu à partir de 2003 (MRC, MARS, Parti de Gauche) avant son élection comme député en 2017. Sa déclaration HATVP actuelle (fenêtre 2022-2024) indique ""Néant"" pour toute activité professionnelle rémunérée, cohérent avec une carrière de député/permanent politique à temps plein. Le libellé ""mixte_public_prive"" est utilisé par défaut faute de catégorie dédiée: le mélange réel est entre activité privée indépendante (Effets Mer) et activité politique (partis), pas public/privé au sens strict. - Deuxième passage — amélioration du diplôme : le wikitext brut de Wikipédia confirme qu'il passe le baccalauréat en candidat libre en 1983, puis « entreprend des études d'histoire à l'université Paris-Diderot [...] avec pour objectif le CAPES qu'il n'obtient pas ». Aucune source consultée (Who's Who, cité en référence mais payant et inaccessible ; recherches Wikipédia « licence d'histoire », « CAPES histoire ») ne confirme l'obtention d'une licence. Par convention du projet (études non finalisées → le diplôme retenu est le palier réellement obtenu, donc le niveau inférieur), le niveau passe d'« inconnu » à « bac_ou_moins », avec une confiance modérée compte tenu de l'ambiguïté résiduelle (des études universitaires ont bien été entreprises, simplement sans diplôme confirmé au-delà du baccalauréat). Carrière professionnelle (agence Effets Mer) et politique (permanent MRC puis MARS puis Parti de Gauche) inchangées, déjà bien sourcées au premier passage. Note sur la catégorie « mixte_public_prive » retenue pour career_profile : elle reflète en réalité un mélange libéral/privé (Effets Mer) et politique (permanent de parti), non un emploi dans la fonction publique au sens strict — conservée par cohérence avec le premier passage faute de catégorie plus précise disponible dans le schéma du projet."
PA721210,M.,Alexis,Corbière,1968-08-17,Béziers,Écologiste et Social,Seine-Saint-Denis,7,Professeur de lycée professionnel,Cadres administratifs et techniques de la fonction publique,Cadres et professions intellectuelles supérieures,http://www.wikidata.org/entity/Q2834481,https://fr.wikipedia.org/wiki/Alexis_Corbi%C3%A8re,bac+3_4,lettres-sciences humaines | education,0,1,0,public_uniquement,haute,
PA718850,M.,Pierre,Cordier,1972-05-27,Charleville-Mézières,Droite Républicaine,Ardennes,2,Fonctionnaire de catégorie A,Cadres administratifs et techniques de la fonction publique,Cadres et professions intellectuelles supérieures,http://www.wikidata.org/entity/Q30339222,https://fr.wikipedia.org/wiki/Pierre_Cordier_(homme_politique),bac+3_4,droit,0,1,0,public_uniquement,moyenne,"Le statut de fonctionnaire de catégorie A provient de la profession déclarée officielle, non détaillé par la source biographique."
PA719118,M.,François,Cormier-Bouligeon,1972-11-19,Bourges,Ensemble pour la République,Cher,1,Juriste,Cadres administratifs et techniques de la fonction publique,Cadres et professions intellectuelles supérieures,http://www.wikidata.org/entity/Q30349104,https://fr.wikipedia.org/wiki/Fran%C3%A7ois_Cormier-Bouligeon,bac+5,droit | sciences politiques,0,0,1,politique_principalement,haute,Parcours entièrement composé de postes de collaborateur politique et de cabinet avant son élection en 2017.
PA722390,Mme,Josiane,Corneloup,1959-09-30,Le Creusot,Droite Républicaine,Saône-et-Loire,2,Pharmacien,Professions libérales,Cadres et professions intellectuelles supérieures,http://www.wikidata.org/entity/Q30392574,https://fr.wikipedia.org/wiki/Josiane_Corneloup,doctorat,medecine-sante,1,1,0,mixte_public_prive,haute,
PA793520,M.,Mickaël,Cosson,1975-11-29,Saint-Brieuc,Les Démocrates,Côtes-d'Armor,1,Chargé d'opérations urbanisme,Cadres administratifs et techniques de la fonction publique,Cadres et professions intellectuelles supérieures,http://www.wikidata.org/entity/Q65574870,https://fr.wikipedia.org/wiki/Micka%C3%ABl_Cosson,bac+2,,0,1,0,public_uniquement,haute,"Fonctionnaire, chargé d'opérations à la DDTM des Côtes-d'Armor de janvier 2019 à juin 2022, mise en disponibilité automatique lors de son élection : confirmé par sa déclaration HATVP consultée directement. Aucune information sur ses diplômes trouvée malgré recherche (fiche AN, HATVP, site personnel mickaelcosson.carrd.co, Wikipédia) : reste inconnu. - Deuxième passage — amélioration du diplôme : Wikidata (entité Q65574870, propriété occupation P106) le classe explicitement comme « fonctionnaire de catégorie B », référencé au Répertoire national des élus (RNE, base gouvernementale officielle) — vérifié en récupérant le JSON Wikidata (Special:EntityData) et en résolvant la chaîne de référence (P248 → Q63762917 « Répertoire national des élus du 9 avril 2019 »). Selon la convention du projet (catégorie B de la fonction publique → bac+2), le niveau de diplôme passe d'« inconnu » à « bac+2 », confiance plafonnée à « moyenne » car il s'agit d'une inférence de catégorie statutaire et non d'un diplôme nommé. Par ailleurs, la déclaration HATVP (reconsultée directement) comporte deux entrées pour le même poste « Chargé d'opération » à la DDTM22 : l'une débutant en 01/2015, l'autre en 01/2019 (déclarations successives), toutes deux se terminant en 06/2022. La date la plus ancienne (2015) est retenue comme plus représentative de la durée réelle du poste, ce qui allonge la période par rapport au premier passage (qui indiquait 01/2019-06/2022). Wikitext brut vérifié (infobox : profession = « Responsable à la DDTM », université vide)."
PA795136,M.,Jean-François,Coulomme,1966-04-01,Paris,La France insoumise - Nouveau Front Populaire,Savoie,4,Ingénieur commercial,Cadres administratifs et techniques de la fonction publique,Cadres et professions intellectuelles supérieures,http://www.wikidata.org/entity/Q112642209,https://fr.wikipedia.org/wiki/Jean-Fran%C3%A7ois_Coulomme,inconnu,,1,0,0,prive_uniquement,haute,"Déclaration HATVP consultée directement : ingénieur commercial chez SchlegelGiesse de janvier 2019 à juin 2022 (rémunérations détaillées par année). Carrière antérieure de commercial dans le bâtiment/second-œuvre, la plasturgie et les énergies renouvelables déjà documentée dans les notes précédentes. Le titre de poste « ingénieur commercial » est une fonction commerciale et ne constitue pas une preuve d'un diplôme d'ingénieur : aucune école ni diplôme n'a été trouvé (HATVP, site jfcoulomme.fr, Wikipédia, Who's Who inaccessible en intégralité) : diplôme reste inconnu. - Deuxième passage : déclaration HATVP reconsultée directement — deux déclarations successives listent le même poste « Ingénieur commercial » chez SchlegelGiesse, l'une débutant en 01/2016, l'autre en 01/2019 (toutes deux se terminant en 06/2022). La date la plus ancienne (2016) est retenue, ce qui avance de trois ans le début du poste identifié par rapport au premier passage, et réduit d'autant la période de la carrière commerciale antérieure non identifiée (désormais « avant 2016 » plutôt que « avant 2019 »). Le titre de poste « ingénieur commercial » reste une fonction commerciale et non une preuve de diplôme d'ingénieur : wikitext brut vérifié (infobox : profession = « Ingénieur commercial », université vide) ; recherche Wikipédia « école commerce » infructueuse. Diplôme reste inconnu."
PA841295,M.,Pierrick,Courbon,1985-07-08,Firminy,Socialistes et apparentés,Loire,1,(37) - Cadre administratif et commercial d'entreprise,Cadres des services administratifs et commerciaux d’entreprise,Cadres et professions intellectuelles supérieures,http://www.wikidata.org/entity/Q63766071,https://fr.wikipedia.org/wiki/Pierrick_Courbon,bac+3_4,lettres-sciences humaines | education,0,1,0,public_uniquement,moyenne,"Le niveau exact du CAPES (bac+3/4 ou bac+5 selon l'année d'obtention, non précisée) reste incertain."
PA794430,M.,Michel,Criaud,1962-08-03,Vannes,Horizons & Indépendants,Morbihan,1,Maître menuisier à la retraite,Artisans,"Artisans, commerçants et chefs d'entreprise",http://www.wikidata.org/entity/Q98236043,https://fr.wikipedia.org/wiki/Michel_Criaud,bac_ou_moins,,1,0,0,prive_uniquement,moyenne,"Maître menuisier, chef d'une entreprise individuelle de menuiserie depuis 1987 ; a aussi dirigé Athena Conseils (construction/rénovation) en 2021 (source : Contexte.com, consulté directement). Interviewé par le Journal des Lycées (consulté directement), il déclare explicitement : « Je ne suis pas passé par les grandes écoles [...] J'ai appris avec le terrain, avec les gens ». Sur cette base, un niveau bac_ou_moins (formation de type CAP/apprentissage du métier de menuisier) est retenu par inférence à confiance moyenne, faute de diplôme nommé précisément. A par ailleurs participé à la définition de diplômes professionnels du bois au niveau national/européen (source : Contexte.com), ce qui atteste d'une expertise professionnelle mais pas d'un diplôme supérieur."
PA793716,M.,Laurent,Croizier,1975-01-29,Besançon,Les Démocrates,Doubs,1,"Professeur des écoles, instituteur et assimilé",Cadres administratifs et techniques de la fonction publique,Cadres et professions intellectuelles supérieures,http://www.wikidata.org/entity/Q112649590,https://fr.wikipedia.org/wiki/Laurent_Croizier,bac+3_4,sciences,0,1,0,public_uniquement,haute,
PA793322,Mme,Christelle,D'Intorni,1985-05-02,Nice,Union des droites pour la République,Alpes-Maritimes,5,Avocate,Professions libérales,Cadres et professions intellectuelles supérieures,http://www.wikidata.org/entity/Q63371085,https://fr.wikipedia.org/wiki/Christelle_D%27Intorni,bac+5,droit,1,,0,prive_uniquement,moyenne,Profession d'avocate mentionnée sans détail sur le cursus universitaire suivi.
PA795644,Mme,Nathalie,Da Conceicao Carvalho,1966-03-31,Blois,Rassemblement National,Essonne,2,Profession libérale,Professions libérales,Cadres et professions intellectuelles supérieures,http://www.wikidata.org/entity/Q112653583,https://fr.wikipedia.org/wiki/Nathalie_Da_Conceicao_Carvalho,inconnu,,1,0,0,prive_uniquement,basse,"Se déclarait dans la presse comme travaillant « dans l'événementiel » (France 3 Régions, portrait des législatives 2022, article consulté directement) mais sans nom d'employeur ni d'entreprise. Sa déclaration HATVP 2022-2024 ne mentionne, selon les recherches précédentes, aucune activité professionnelle rémunérée dans les cinq années précédentes. Recherches complémentaires infructueuses (Wikipédia, Augora, Facebook, HATVP) : diplôme et détail de carrière restent inconnus. - Deuxième passage : déclaration HATVP reconsultée directement — confirme l'absence totale d'activité professionnelle rémunérée déclarée (tableau « activites » vide) sur les deux déclarations disponibles, cohérent avec le premier passage. Wikitext brut vérifié (infobox : profession = « Entrepreneuse dans l'évènementiel », université vide) : aucun nom d'employeur ni diplôme. Recherche Wikipédia « événementiel » infructueuse pour identifier une structure. Diplôme et détail d'employeur restent inconnus."
PA332523,Mme,Marie-Christine,Dalloz,1958-01-10,Saint-Claude,Droite Républicaine,Jura,2,retraitée,Sans profession déclarée,Sans profession déclarée,http://www.wikidata.org/entity/Q3291640,https://fr.wikipedia.org/wiki/Marie-Christine_Dalloz,inconnu,gestion-commerce,1,0,0,prive_uniquement,haute,"Carrière bancaire (1981-1991), puis conseillère en gestion de patrimoine (1991-2001), puis gérante d'une société de formation-conseil (à partir de 2001) : dates et intitulés confirmés à la fois par Wikipédia et par son site officiel (mcdalloz.fr/votre-depute/son-portrait, déjà consulté lors d'une recherche antérieure). Aucun diplôme mentionné nulle part, y compris sur son propre site : reste inconnu malgré recherche ciblée (BTS banque, etc.). - Deuxième passage : déclaration HATVP reconsultée directement — confirme « néant » (aucune activité professionnelle rémunérée) de 01/2019 à 04/2025, cohérent avec son statut de retraitée déclaré et avec la fin de la carrière professionnelle en 2001 (gérante de société de formation-conseil) déjà connue. Wikitext brut vérifié (infobox : profession = « Gérante de société », université vide) : aucune mention de diplôme, y compris dans les liens externes déjà consultés au premier passage (mcdalloz.fr/votre-depute/son-portrait). Recherche Wikipédia (« Marie-Christine Dalloz banque ») infructueuse pour retrouver une école ou un diplôme bancaire (BTS, etc.). Diplôme reste inconnu malgré ce second passage."
PA719914,Mme,Geneviève,Darrieussecq,1956-03-04,Dax,Les Démocrates,Landes,1,médecin,Professions libérales,Cadres et professions intellectuelles supérieures,http://www.wikidata.org/entity/Q3100615,https://fr.wikipedia.org/wiki/Genevi%C3%A8ve_Darrieussecq,doctorat,medecine-sante,1,1,0,mixte_public_prive,haute,
PA793122,M.,Romain,Daubié,1980-05-05,Villeurbanne,Les Démocrates,Ain,2,Avocat,Professions libérales,Cadres et professions intellectuelles supérieures,http://www.wikidata.org/entity/Q63765243,https://fr.wikipedia.org/wiki/Romain_Daubi%C3%A9,bac+5,droit | gestion-commerce,1,0,0,prive_uniquement,moyenne,"Avocat de profession en parallèle de mandats locaux (maire, conseiller départemental) avant son élection comme député."
PA793452,M.,Hendrik,Davi,1977-12-21,Athis-Mons,Écologiste et Social,Bouches-du-Rhône,5,"Professeur, profession scientifique",Cadres administratifs et techniques de la fonction publique,Cadres et professions intellectuelles supérieures,http://www.wikidata.org/entity/Q112636212,https://fr.wikipedia.org/wiki/Hendrik_Davi,doctorat,sciences | lettres-sciences humaines,0,1,0,public_uniquement,moyenne,Doctorat déduit du poste de directeur de recherche ; discipline et établissement d'origine non précisés dans la biographie.
PA1008,M.,Alain,David,1949-06-02,Libourne,Socialistes et apparentés,Gironde,4,Ingénieur,Cadres des services administratifs et commerciaux d’entreprise,Cadres et professions intellectuelles supérieures,http://www.wikidata.org/entity/Q30447134,https://fr.wikipedia.org/wiki/Alain_David_(homme_politique),bac+5,ingenierie | agriculture,1,0,0,prive_uniquement,moyenne,"Ingénieur à la SAFER Aquitaine Atlantique de 1970 à 1998, confirmé par Wikipédia et par son site officiel (alain-david.com/votre-depute, consulté directement), qui le présente comme titulaire d'un diplôme d'ingénieur sans nommer l'école : niveau bac+5 retenu à confiance moyenne (pas d'établissement nommé). Les SAFER sont des sociétés de droit privé (SA) malgré leur mission de service public, d'où le classement en secteur privé."
PA840119,Mme,Sandra,Delannoy,1974-05-01,Valenciennes,Non inscrit,Nord,3,(21) - Artisan,Artisans,"Artisans, commerçants et chefs d'entreprise",http://www.wikidata.org/entity/Q126825109,https://fr.wikipedia.org/wiki/Sandra_Delannoy,inconnu,,1,0,0,prive_uniquement,haute,"Déclaration HATVP consultée directement : activité d'artisan torréfactrice en entreprise individuelle de juillet 2019 à juin 2024 (revenus déclarés par année). Également administratrice de la CAF du Nord et élue à la Chambre de métiers et de l'artisanat des Hauts-de-France (2021-2024, mandats non rémunérés en tant que tels hors indemnités). Aucun diplôme mentionné dans la déclaration HATVP ni ailleurs (site personnel sandra-delannoy.com, Wikipédia, recherche web ciblée) : reste inconnu. - Deuxième passe : le wikitexte brut de l'article Wikipédia (infobox complète) ne comporte aucun champ formation/diplôme et la biographie ne mentionne que l'activité de torréfactrice et les mandats à la CAF du Nord et à la Chambre de métiers (confirmés par le HATVP local, activités non rémunérées de type mandat). Aucune piste supplémentaire trouvée (pas de nouvel article de presse mentionnant des études). Le HATVP confirme exactement la période déjà connue (07/2019-06/2024) pour l'activité d'artisan torréfacteur. Diplôme laissé honnêtement inconnu, comme en première passe."
PA793394,M.,Arthur,Delaporte,1991-10-07,Caen,Socialistes et apparentés,Calvados,2,"Professeur, profession scientifique",Cadres administratifs et techniques de la fonction publique,Cadres et professions intellectuelles supérieures,http://www.wikidata.org/entity/Q112641115,https://fr.wikipedia.org/wiki/Arthur_Delaporte,bac+5,sciences politiques | lettres-sciences humaines,0,1,0,public_uniquement,haute,Thèse de doctorat non achevée ; plus haut diplôme obtenu est le master de Sciences Po (agrégation en parallèle).
PA795430,M.,Stéphane,Delautrette,1972-09-20,Limoges,Socialistes et apparentés,Haute-Vienne,2,Ingénieur dans le domaine de l'environnement,Cadres des services administratifs et commerciaux d’entreprise,Cadres et professions intellectuelles supérieures,http://www.wikidata.org/entity/Q63764288,https://fr.wikipedia.org/wiki/St%C3%A9phane_Delautrette,bac+5,ingenierie,,1,0,public_uniquement,moyenne,Le secteur de son premier poste d'ingénieur à Poitiers n'est pas précisé dans la source.
PA841059,Mme,Catherine,Dellong Meng,1960-05-04,Avignon,Rassemblement National,Gard,3,Cadre territoriale de la fonction publique retraitée,Cadres administratifs et techniques de la fonction publique,Cadres et professions intellectuelles supérieures,http://www.wikidata.org/entity/Q126680275,https://fr.wikipedia.org/wiki/Catherine_Dellong-Meng,bac+3_4,,0,1,0,public_uniquement,haute,"Carrière de cadre de la fonction publique territoriale à la direction des finances de la mairie d'Avignon, de la communauté d'agglomération du Grand Avignon, de l'Opéra d'Avignon puis de la ville du Pontet ; responsable du contrôle de gestion externe au Grand Avignon en 2021. Retraitée au 1er janvier 2026. Source : article ICI Vaucluse consulté directement. Aucune information sur ses diplômes trouvée (déclaration HATVP déposée mais publication en attente au moment de la recherche, Wikipédia, recherche web ciblée) : reste inconnu. - Deuxième passe : le wikitexte brut confirme le même parcours de cadre territoriale (direction des finances puis contrôle de gestion) que la première passe, sans champ « université » renseigné dans l'infobox. Vérifié que sa déclaration HATVP est toujours absente du fichier local declarations.xml (grep sur « Dellong » : 0 résultat), donc pas de nouvelle source sur sa carrière ou son diplôme via cette voie. Sa profession déclarée (« Cadre territoriale de la fonction publique ») et son code INSEE (cadres administratifs et techniques de la fonction publique, catégorie A) correspondent à la règle du projet sur les inférences de diplôme pour un poste de catégorie A / attaché territorial, qui implique en général une licence obtenue par concours externe : diplôme inféré à bac+3_4 avec confiance plafonnée à moyenne, faute de diplôme nommément identifié."
PA793464,M.,Sébastien,Delogu,1987-06-08,Marseille,La France insoumise - Nouveau Front Populaire,Bouches-du-Rhône,7,Sans profession,Sans profession déclarée,Sans profession déclarée,http://www.wikidata.org/entity/Q112640278,https://fr.wikipedia.org/wiki/S%C3%A9bastien_Delogu,bac_ou_moins,,1,0,0,prive_uniquement,haute,"Formation en lycée professionnel non diplômante mentionnée, seul le brevet des collèges est explicitement obtenu."
PA794982,Mme,Julie,Delpech,1989-09-25,Le Mans,Ensemble pour la République,Sarthe,1,Chargée de communication,Cadres des services administratifs et commerciaux d’entreprise,Cadres et professions intellectuelles supérieures,http://www.wikidata.org/entity/Q112652500,https://fr.wikipedia.org/wiki/Julie_Delpech,inconnu,,1,0,0,prive_uniquement,haute,"Déclaration HATVP (PDF consulté directement) : chargée de communication chez Oui Care (ex-O2, services à la personne, Le Mans) de juillet 2018 à mai 2022, puis présidente bénévole de l'association Les Simones (10/2021-07/2022). Avant cela, selon la presse (ICI Sarthe, article consulté directement) : attachée parlementaire du sénateur PS Jean-Claude Boulard (2014-2017) puis collaboratrice du cabinet du maire du Mans (10/2017-08/2018) — deux postes relevant du secteur « politique » (collaboration d'élu) et non de la fonction publique statutaire. Le poste le plus récent et le mieux documenté avant le mandat (Oui Care, secteur privé) est retenu comme classement dominant. Aucun diplôme trouvé (fiche AN, HATVP, presse locale, LinkedIn non accessible en détail) : reste inconnu. - Deuxième passe : le wikitexte brut ne mentionne aucun diplôme ni établissement d'études, uniquement le parcours politico-professionnel déjà connu. Ajout d'une activité bénévole trouvée dans le HATVP local (présidente de l'association Les Simones, 10/2021-07/2022) qui figurait déjà dans les notes de la première passe mais pas dans la liste structurée de carrière. Tentative de vérification de trois articles de presse (France 3 Pays de la Loire, Ouest-France « portrait », France Bleu) : les trois pages ne renvoient aucun texte d'article exploitable via curl (contenu chargé en JavaScript ou paywall), confirmé par un grep infructueux sur les mots-clés « étude/diplôme/formation ». Diplôme laissé honnêtement inconnu."
PA330909,M.,Vincent,Descoeur,1962-12-13,Aurillac,Droite Républicaine,Cantal,1,Professeur agrégé de biologie,Cadres administratifs et techniques de la fonction publique,Cadres et professions intellectuelles supérieures,http://www.wikidata.org/entity/Q3559584,https://fr.wikipedia.org/wiki/Vincent_Desc%C5%93ur,bac+5,sciences,0,1,0,public_uniquement,moyenne,Peu de détails sur les dates et l'établissement d'exercice.
PA793166,M.,Jocelyn,Dessigny,1981-06-29,Noisy-le-Grand,Rassemblement National,Aisne,5,Cadre administratif et commercial d'entreprise,Cadres des services administratifs et commerciaux d’entreprise,Cadres et professions intellectuelles supérieures,http://www.wikidata.org/entity/Q112649553,https://fr.wikipedia.org/wiki/Jocelyn_Dessigny,bac+2,gestion-commerce,1,0,0,prive_uniquement,moyenne,BTS Force de vente puis carriere dans le recrutement/interim (Manpower puis reprise de l'agence Synergie a Soissons) (source: recherche web croisant Wikipedia et presse locale).
PA793928,Mme,Edwige,Diaz,1987-10-15,Marseille,Rassemblement National,Gironde,11,Cadre administratif et commercial d'entreprise,Cadres des services administratifs et commerciaux d’entreprise,Cadres et professions intellectuelles supérieures,http://www.wikidata.org/entity/Q63349008,https://fr.wikipedia.org/wiki/Edwige_Diaz,bac+5,lettres-langues,1,0,0,politique_principalement,haute,"Le wikitexte brut (non repris dans l'extrait rogné) confirme, référence de presse à l'appui (Le Populaire du Centre, 2021) : « Elle suit des études d'espagnol à l'université de Bordeaux et est titulaire d'un master. » La déclaration HATVP détaille une carrière mixte : emploi salarié privé (assistante de direction, 2020-2022) entrecoupé et suivi de fonctions politiques rémunérées (assistante parlementaire d'un député européen RN, chargée de mission pour la campagne présidentielle de M. Le Pen) et d'un rôle de dirigeante du RN depuis 2021 ; l'identité politique (vice-présidente du parti) domine, d'où politique_principalement malgré un emploi privé réel et documenté."
PA841919,Mme,Dieynaba,Diop,1974-07-15,Mantes-la-Jolie,Socialistes et apparentés,Yvelines,9,"(34) - Professeur, profession scientifique","Professions de l’enseignement primaire et professionnel, de la formation continue et du sport",Professions intermédiaires,http://www.wikidata.org/entity/Q98556479,https://fr.wikipedia.org/wiki/Dieynaba_Diop,bac+5,lettres-sciences humaines,0,1,0,politique_principalement,moyenne,Carrière d'enseignante en parallèle d'un long parcours d'élue locale et de responsable de parti.
PA842155,M.,Aly,Diouara,1987-03-01,La Courneuve,La France insoumise - Nouveau Front Populaire,Seine-Saint-Denis,5,(33) - Cadre de la fonction publique,Cadres administratifs et techniques de la fonction publique,Cadres et professions intellectuelles supérieures,http://www.wikidata.org/entity/Q126684712,https://fr.wikipedia.org/wiki/Aly_Diouara,bac+3_4,,0,1,0,public_uniquement,moyenne,"Fonctionnaire territorial, attaché territorial (catégorie A) à la ville de Bobigny (01/2019-06/2023) puis à la ville de Drancy (06/2023-07/2024), carrière bien documentée. A étudié à l'université Paris-Nord (Paris 13) et à Paris-Est-Créteil (Paris 12, 2010-2011 selon Wikidata), sans diplôme précisément identifié. Le grade d'attaché territorial (catégorie A de la fonction publique territoriale) s'obtient normalement par un concours externe exigeant une licence (bac+3) : un niveau bac+3_4 est donc retenu par inférence, à confiance moyenne (voie d'accès interne/3e concours sans licence non exclue, aucun diplôme nommé trouvé)."
PA722382,M.,Benjamin,Dirx,1979-01-25,Villefranche-sur-Saone,Ensemble pour la République,Saône-et-Loire,1,Industriel-Chef d'entreprise,Commerçants et assimilés,"Artisans, commerçants et chefs d'entreprise",http://www.wikidata.org/entity/Q30453472,https://fr.wikipedia.org/wiki/Benjamin_Dirx,inconnu,,1,0,0,prive_uniquement,moyenne,"A fait toute sa scolarité à Mâcon (école des Blanchettes, collège Saint-Exupéry, lycée Lamartine) puis ses études universitaires à l'Université de Bourgogne (Dijon), sans diplôme précisé (Wikipédia, consulté directement). Carrière : cadre dirigeant dans une entreprise familiale, puis créateur d'entreprise dans le secteur de la formation tout au long de la vie (Wikipédia). Une synthèse de recherche web a évoqué des postes chez « IFPAD » et comme chargé de mission pour le « GIP FIPAN », mais ce dernier organisme est basé dans l'académie de Nice (Alpes-Maritimes/Var), ce qui est incohérent avec l'ancrage local de Benjamin Dirx en Saône-et-Loire ; cette information n'a pas pu être confirmée par une source primaire directement consultée et n'est donc pas retenue. - Deuxième passe : le HATVP local nomme enfin l'entreprise qu'il a créée, « Financière BD », dont il est dirigeant de 06/2017 à 08/2024 (et une autre ligne « dirigeant » depuis 06/2017 sans fin) — cela correspond très probablement à l'« entreprise créée par lui-même » décrite sans nom par Wikipédia dans le secteur de la formation tout au long de la vie, mais son nom (« Financière ») évoque plutôt une structure de portage/holding, donc le lien avec l'activité de formation reste une déduction raisonnable et non une certitude absolue. Le wikitexte brut confirme que le passage biographique (scolarité à Mâcon, études à l'Université de Bourgogne, carrière professionnelle) est balisé {{Référence nécessaire}} depuis septembre 2024 : aucun diplôme n'est nommé. Fiche AN (PA722382) et nosdeputes.fr consultées : aucune ne détaille son cursus. Diplôme laissé honnêtement inconnu."
PA712015,M.,Julien,Dive,1985-05-21,Saint Quentin,Droite Républicaine,Aisne,2,Chef de projet dans l'industrie,Cadres des services administratifs et commerciaux d’entreprise,Cadres et professions intellectuelles supérieures,http://www.wikidata.org/entity/Q23374860,https://fr.wikipedia.org/wiki/Julien_Dive,bac+5,economie | gestion-commerce,1,0,0,prive_uniquement,haute,
PA794762,Mme,Sandrine,Dogor-Such,1970-11-08,Tours,Rassemblement National,Pyrénées-Orientales,3,Préparatrice en pharmacie,Employés de commerce,Employés,http://www.wikidata.org/entity/Q112641764,https://fr.wikipedia.org/wiki/Sandrine_Dogor-Such,bac_ou_moins,medecine-sante,1,0,0,prive_uniquement,haute,"Carrière et employeurs confirmés directement par la déclaration HATVP (préparatrice en pharmacie, Grande Pharmacie de la Loge puis Pharmacie de la Loge, jusqu'à sa prise de fonction d'adjointe au maire en juin 2020). Le BP de préparateur en pharmacie est un diplôme de niveau bac (niveau IV, non post-bac), d'où bac_ou_moins ; l'établissement de formation (Lycée Al Sol) provient d'une recherche antérieure croisant plusieurs fiches biographiques, non re-vérifiée dans cette passe. Les mandats de dirigeante figurant dans la déclaration (Rassemblement National, Mediance 66, Régie quartier sud) correspondent à des fonctions politiques/associatives liées à son mandat d'élue, non à un second emploi salarié."
PA606573,Mme,Fanny,Dombre Coste,1956-12-26,Sainte-Adresse,Socialistes et apparentés,Hérault,3,Artisan Photographe,Artisans,"Artisans, commerçants et chefs d'entreprise",http://www.wikidata.org/entity/Q3066450,https://fr.wikipedia.org/wiki/Fanny_Dombre-Coste,bac+2,arts,1,0,0,prive_uniquement,moyenne,Le niveau exact du diplôme de photographie obtenu aux Gobelins n'est pas précisé; les études de droit ont été abandonnées.
PA793146,M.,Nicolas,Dragon,1977-04-19,Laon,Rassemblement National,Aisne,1,Profession libérale,Professions libérales,Cadres et professions intellectuelles supérieures,http://www.wikidata.org/entity/Q112637819,https://fr.wikipedia.org/wiki/Nicolas_Dragon,inconnu,,1,0,0,prive_uniquement,haute,"Déclaration HATVP : consultant indépendant en communication et relations publiques de janvier 2019 à juin 2022 (déjà identifié dans les notes existantes, reconfirmé lors de cette recherche). Engagé en politique locale depuis l'adolescence (RPR puis RN) mais sans mandat rémunéré à plein temps avant son élection. Aucun diplôme trouvé malgré recherche (site personnel nicolasdragon.com/a-propos consulté directement, Wikipédia, recherche web ciblée) : reste inconnu. - Deuxième passe : le wikitexte brut de l'article est entièrement consacré à son engagement politique local (RPR puis RN) depuis l'âge de 17 ans, sans aucune section biographie/formation ni champ université dans l'infobox. Le HATVP local reconfirme exactement l'activité déjà connue (conseil en relations publiques, profession libérale, 01/2019-06/2022, avec une deuxième ligne 05/2016-06/2022 pour la même activité). Tentative de lecture de l'article de fond « Qui est Nicolas Dragon » (L'Union, 19/06/2022) cité en référence : page vide après nettoyage HTML (paywall abonné). Diplôme laissé honnêtement inconnu."
PA720154,Mme,Nicole,Dubré-Chirat,1951-12-18,Felletin,Ensemble pour la République,Maine-et-Loire,6,Retraitée de la fonction publique hospitalière et chargée de formation,Sans profession déclarée,Sans profession déclarée,http://www.wikidata.org/entity/Q30389178,https://fr.wikipedia.org/wiki/Nicole_Dubr%C3%A9-Chirat,bac+3_4,medecine-sante,0,1,0,public_uniquement,moyenne,"Carrière de cadre supérieure de santé dans la fonction publique hospitalière (14 ans en urgences/SAMU puis bloc opératoire), bien documentée par sa fiche Wikipédia et son activité parlementaire (rapporteure de la loi sur la profession infirmière). Le métier d'infirmière suppose un diplôme d'État d'infirmière (bac+3_4) ; sa fonction de cadre supérieure de santé suppose en plus un diplôme de cadre de santé, ce qui ne change pas le niveau bac+3_4. Aucune source ne précise l'établissement de formation initiale ni la date d'obtention : inférence par profession réglementée, confiance moyenne. Déclaration HATVP consultée (dubre-chirat-nicole-dia31402) mais illisible en PDF et ne contenait de toute façon pas d'information de formation."
PA608826,Mme,Virginie,Duby-Muller,1979-08-16,Bonneville,Droite Républicaine,Haute-Savoie,4,Cadre du secteur privé,Cadres des services administratifs et commerciaux d’entreprise,Cadres et professions intellectuelles supérieures,http://www.wikidata.org/entity/Q3560729,https://fr.wikipedia.org/wiki/Virginie_Duby-Muller,bac+5,sciences politiques | economie,0,0,1,politique_principalement,haute,
PA841633,M.,Peio,Dufau,1979-05-30,Saint-Jean-de-Luz,Socialistes et apparentés,Pyrénées-Atlantiques,6,"(48) - Contremaître, agent de maîtrise",Agents de maîtrise (hors maîtrise administrative),Professions intermédiaires,http://www.wikidata.org/entity/Q127247869,https://fr.wikipedia.org/wiki/Peio_Dufau,inconnu,,0,1,0,public_uniquement,haute,"Cheminot à la SNCF depuis 1999 comme agent de maîtrise sur des chantiers de bâtiments ferroviaires ; la déclaration HATVP confirme le poste précis de « Surveillant Travaux Bâtiments » chez SA SNCF Gares & Connexions de janvier 2019 à juillet 2024, avec rémunération. SNCF traité comme employeur du secteur public (entreprise publique), conformément à la convention du projet. Aucune information trouvée sur son niveau de diplôme (Wikipédia, HATVP, recherches web) : le grade d'agent de maîtrise s'obtient généralement par promotion interne sans diplôme post-bac précis identifié, donc diplôme laissé inconnu. - Deuxième passe : le wikitexte brut confirme le même profil (cheminot à la SNCF depuis 1999, agent de maîtrise, syndicaliste CGT, musicien) sans aucune mention de formation ou de diplôme. Le HATVP local précise deux déclarations successives pour le même poste (« Surveillant Travaux Batiments » chez SA SNCF Gares & Connexions, 01/2018-07/2024 et 01/2019-07/2024) ainsi que de nombreux mandats syndicaux et bénévoles (CGT Cheminots Hendaye, syndicats intercommunaux du Pays basque, associations liées au syndrome de Wolfram et au Téléthon) qui n'apportent rien sur le niveau d'études. Les articles France Bleu et Le Monde cités par Wikipédia sont soit rendus en JavaScript (France Bleu, aucun texte récupérable en HTML statique) soit très probablement payants (Le Monde) ; non exploités pour éviter tout risque de résumé fabriqué. Diplôme laissé honnêtement inconnu, le grade d'agent de maîtrise s'obtenant en général par promotion interne."
PA840135,M.,Alexandre,Dufosset,1998-08-24,Maubeuge,Rassemblement National,Nord,18,(54) - Employé administratif d'entreprise,Employés administratifs d'entreprise,Employés,http://www.wikidata.org/entity/Q126949564,https://fr.wikipedia.org/wiki/Alexandre_Dufosset,bac+2,gestion-commerce | agriculture,0,1,0,politique_principalement,moyenne,Dernier emploi avant le mandat est un poste politique (chef de cabinet).
PA795200,Mme,Alma,Dufour,1990-05-06,Auch,La France insoumise - Nouveau Front Populaire,Seine-Maritime,4,Responsable associative,Cadres administratifs et techniques de la fonction publique,Cadres et professions intellectuelles supérieures,http://www.wikidata.org/entity/Q110998923,https://fr.wikipedia.org/wiki/Alma_Dufour,bac+5,droit | sciences politiques | sciences,1,0,0,prive_uniquement,moyenne,A aussi travaillé pour une fédération associative (Bureau européen de l'environnement) à Bruxelles.
PA870009,M.,Lionel,Duparay,1981-02-07,Châtenay-Malabry,Droite Républicaine,Saône-et-Loire,5,Ingénieur,Cadres des services administratifs et commerciaux d’entreprise,Cadres et professions intellectuelles supérieures,http://www.wikidata.org/entity/Q63764362,https://fr.wikipedia.org/wiki/Lionel_Duparay,bac+5,ingenierie,1,0,0,prive_uniquement,moyenne,"Carrière d'ingénieur bien documentée (Industeel/ArcelorMittal puis Alstom au Creusot, secteur privé) via Wikipédia et Creusot Infos. Un article du magazine des anciens élèves Arts&MétiersMag (mars 2020, n°416) est titré « Ferroviaire : Lionel Duparay (Cl. 202), élu et ingénieur », ce qui indique fortement un diplôme d'ingénieur Arts et Métiers (ENSAM) ; l'accès à l'article complet a échoué (erreur 403), donc cette information n'a pas pu être vérifiée en détail malgré l'URL identifiée. Confiance fixée à moyenne pour cette raison. Mandats locaux (adjoint, conseiller départemental, président OPAC) traités comme activités politiques annexes n'ayant pas remplacé sa carrière d'ingénieur salarié avant son entrée à l'Assemblée en novembre 2025."
PA841351,M.,Emmanuel,Duplessy,1990-01-02,Pontoise,Écologiste et Social,Loiret,2,(33) - Cadre de la fonction publique,Cadres administratifs et techniques de la fonction publique,Cadres et professions intellectuelles supérieures,http://www.wikidata.org/entity/Q127255874,https://fr.wikipedia.org/wiki/Emmanuel_Duplessy,bac+5,droit | gestion-commerce,0,1,0,public_uniquement,haute,
PA643175,Mme,Stella,Dupont,1973-11-03,Angers,Non inscrit,Maine-et-Loire,2,Comptable,Cadres des services administratifs et commerciaux d’entreprise,Cadres et professions intellectuelles supérieures,http://www.wikidata.org/entity/Q30506490,https://fr.wikipedia.org/wiki/Stella_Dupont,bac+3_4,economie-gestion,1,0,0,prive_uniquement,moyenne,"Le diplôme (DECF, obtenu en 1993 après une classe préparatoire aux études comptables et financières) est explicitement décrit par Wikipédia ; le DECF de cette époque équivaut à un niveau bac+4. Le passage sur l'emploi chez Cerfrance est lui-même signalé comme « source insuffisante » par Wikipédia : Cerfrance est un réseau associatif (loi 1901) qui fonctionne comme un cabinet de conseil comptable, classé ici en secteur associatif et compté comme secteur privé par convention. La déclaration HATVP ne comporte aucune « activité » professionnelle ; tous ses mandats de « dirigeant » (hôpital de la Corniche Angevine, missions locales, centre de santé mentale) sont des sièges d'administrateur liés à ses fonctions d'élue locale, non un second emploi."
PA842073,M.,Gaëtan,Dussausaye,1994-04-05,Brétigny-sur-Orge,Rassemblement National,Vosges,2,(55) - Employé de commerce,Employés de commerce,Employés,http://www.wikidata.org/entity/Q30729075,https://fr.wikipedia.org/wiki/Ga%C3%ABtan_Dussausaye,bac+3_4,lettres-sciences humaines,0,0,1,politique_principalement,haute,"A abandonné son master de philosophie après son accession à la présidence du FNJ, engagement politique précoce et continu."
PA841761,M.,Aurélien,Dutremble,1978-12-23,Saint-Rémy,Rassemblement National,Saône-et-Loire,3,(47) - Technicien hospitalier,"Employés administratifs de la fonction publique, agents de service et auxiliaires de santé",Employés,http://www.wikidata.org/entity/Q127256551,https://fr.wikipedia.org/wiki/Aur%C3%A9lien_Dutremble,bac_ou_moins,,0,1,0,public_uniquement,moyenne,"Se définit lui-même comme « autodidacte » (Wikipédia) ; aucun diplôme n'est mentionné nulle part. L'emploi de technicien hospitalier à la Résidence départementale d'accueil et de soins, depuis 2019, est confirmé directement par sa déclaration HATVP (seule activité professionnelle déclarée). Le grade « technicien hospitalier » de la fonction publique hospitalière peut correspondre à un niveau bac+2 (catégorie B) selon la grille de référence de ce projet, mais son propre positionnement en « autodidacte » et le classement INSEE de sa profession aux côtés des agents de service et auxiliaires de santé (plutôt catégorie C) incitent à ne pas monter le niveau sans confirmation ; niveau laissé à bac_ou_moins par prudence."
PA794854,M.,Iñaki,Echaniz,1993-09-02,Oloron-sainte-Marie,Socialistes et apparentés,Pyrénées-Atlantiques,4,Cadre de la fonction publique,Cadres administratifs et techniques de la fonction publique,Cadres et professions intellectuelles supérieures,http://www.wikidata.org/entity/Q112651732,https://fr.wikipedia.org/wiki/I%C3%B1aki_Echaniz,bac+5,education,1,1,0,mixte_public_prive,moyenne,"Niveau de diplôme déduit de la profession de CPE, non détaillé explicitement dans la biographie."
PA720390,M.,Jérôme,End,1979-04-09,Essey-Lès-Nancy,Droite Républicaine,Moselle,4,Chargé de mission et d'études,Cadres administratifs et techniques de la fonction publique,Cadres et professions intellectuelles supérieures,http://www.wikidata.org/entity/Q65580245,https://fr.wikipedia.org/wiki/J%C3%A9r%C3%B4me_End,bac+3_4,droit,0,1,0,public_uniquement,moyenne,Le niveau exact du diplôme de droit n'est pas précisé par la source.
PA794718,Mme,Christine,Engrand,1955-05-07,Boulogne sur Mer,Non inscrit,Pas-de-Calais,6,Cadre administratif et commercial d'entreprise,Cadres des services administratifs et commerciaux d’entreprise,Cadres et professions intellectuelles supérieures,http://www.wikidata.org/entity/Q63106728,https://fr.wikipedia.org/wiki/Christine_Engrand,inconnu,,1,1,0,mixte_public_prive,haute,"Carrière privée bien documentée par deux sources de presse régionale distinctes (radio6.fr, lechodusud.com, 75secondes.fr) : professeure d'anglais en début de carrière puis reconversion dans le commerce et la formation (Kiabi, Eurotunnel, agences d'intérim, organisme de formation). Le niveau de diplôme n'est précisé nulle part : le titre de « professeure d'anglais » n'est pas une profession réglementée à titre protégé unique (contrairement à professeur des écoles) et pourrait correspondre à un enseignement privé/associatif sans certification d'État confirmée ; par honnêteté, diplôme et champ disciplinaire laissés inconnus plutôt que déduits. - Deuxième passe, changement significatif : le HATVP local nomme précisément l'« organisme de formation » identifié en première passe : il s'agit de l'AFPA (Agence nationale pour la formation professionnelle des adultes), où elle a été « Cadre commercial » sur deux déclarations successives (01/2017-09/2022 et 01/2019-06/2024). Or l'article Wikipédia consacré à l'AFPA (vérifié directement) indique que cette structure, association loi 1901 jusqu'en 2016, a été transformée en établissement public à caractère industriel et commercial (EPIC) à compter du 1er janvier 2017 — c'est-à-dire précisément avant le début de son activité déclarée. Ce poste doit donc être reclassé du secteur privé vers le secteur public, ce qui fait passer son profil de carrière de « prive_uniquement » à « mixte_public_prive » (elle a aussi travaillé chez Kiabi et Eurotunnel, secteur privé). Le reste de sa carrière (professeure d'anglais, Kiabi, Eurotunnel, agences d'intérim) reste inchangé, aucune nouvelle source trouvée sur ces postes ni sur son niveau de diplôme (le wikitexte brut de sa fiche ne comporte aucun champ université/diplôme). Diplôme laissé honnêtement inconnu."
PA795844,Mme,Karen,Erodi,1977-02-04,Toulouse,La France insoumise - Nouveau Front Populaire,Tarn,2,Profession libérale,Professions libérales,Cadres et professions intellectuelles supérieures,http://www.wikidata.org/entity/Q112652886,https://fr.wikipedia.org/wiki/Karen_Erodi,inconnu,,1,0,0,prive_uniquement,haute,"Cheffe d'entreprise dans le secteur du bâtiment (économie de la construction) depuis 2010, confirmé par Wikipédia et par la déclaration HATVP (gérante à 100% de la SARL Économie et Construction, 2019-2024, avec chiffres de rémunération annuels). Bref épisode salarié associatif (secrétaire comptable au comité régional CGT Occitanie, 5 mois en 2022). Aucune information trouvée sur son niveau d'études malgré recherches ciblées (nom de l'entreprise « Économie et Construction » évoque un possible lien avec un BTS Études et Économie de la Construction, mais ce rapprochement n'est pas confirmé par une source et n'est donc pas retenu). - Deuxième passe : le wikitexte brut de l'article ne comporte aucune section biographie détaillée ni champ université renseigné (le paramètre est présent mais vide dans l'infobox). Le HATVP local reconfirme exactement les deux activités déjà connues, avec une ligne « dirigeant » supplémentaire pour la SARL Économie et Construction débutant en 01/2017 (avant la ligne 01/2019-12/2024 déjà identifiée). Tentative de lecture de l'article « Karen Erodi, une insoumise à l'Assemblée » (Le Journal d'ici) : page récupérée ne contient que le CSS du site, aucun texte d'article exploitable. La Dépêche (deux articles cités) non tentée séparément, connue pour être généralement payante sur ce type d'article politique long. Le rapprochement entre le nom de l'entreprise « Économie et Construction » et un éventuel BTS Études et Économie de la Construction reste une hypothèse non confirmée, écartée par honnêteté. Diplôme laissé inconnu."
PA607193,Mme,Sophie,Errante,1971-07-22,Nantes,Non inscrit,Loire-Atlantique,10,Industriel-Chef d'entreprise,Chefs d'entreprise de plus de 10 personnes,"Artisans, commerçants et chefs d'entreprise",http://www.wikidata.org/entity/Q3490926,https://fr.wikipedia.org/wiki/Sophie_Errante,bac+3_4,gestion-commerce,1,0,0,prive_uniquement,moyenne,Le niveau précis du diplôme de commerce international n'est pas indiqué.
PA842195,M.,Romain,Eskenazi,1986-05-04,Paris,Socialistes et apparentés,Val-d'Oise,7,(33) - Cadre de la fonction publique,Cadres administratifs et techniques de la fonction publique,Cadres et professions intellectuelles supérieures,http://www.wikidata.org/entity/Q126586721,https://fr.wikipedia.org/wiki/Romain_Eskenazi,bac+5,sciences politiques,1,1,0,mixte_public_prive,haute,
PA841621,M.,Auguste,Evrard,2000-05-04,Blendecques,Rassemblement National,Pas-de-Calais,8,Collaborateur de cabinet en mairie,Cadres administratifs et techniques de la fonction publique,Cadres et professions intellectuelles supérieures,http://www.wikidata.org/entity/Q127271810,https://fr.wikipedia.org/wiki/Auguste_%C3%89vrard,inconnu,,1,0,0,politique_principalement,haute,"Carrière exclusivement politique dès la fin de l'adolescence : il interrompt ses études pour devenir assistant parlementaire de Philippe Olivier (député européen RN, beau-frère de Marine Le Pen), puis collaborateur de cabinet du maire RN de Bruay-la-Buissière Ludovic Pajot. Sources consultées : Wikipédia, fiche Assemblée nationale (PA841621) et recherches web ciblées (Le Monde, presse) : aucune ne précise quel type d'études (BTS, licence, IEP...) a été interrompu ni le niveau atteint avant interruption. Diplôme laissé honnêtement inconnu. - Deuxième passe : le HATVP local révèle un emploi saisonnier de serveur (SAS Comte d'Artois, 05/2019-09/2019, avant son adhésion au RN) qui ne figurait pas dans les notes de la première passe, ainsi que les dates précises de ses deux postes politiques déjà connus (assistant parlementaire européen à mi-temps 08/2021-09/2022, puis collaborateur de cabinet en mairie 09/2022-07/2024). Cet emploi saisonnier reste marginal (quatre mois, avant la vingtaine) et ne remet pas en cause le profil « politique_principalement ». Le wikitexte brut confirme qu'il a « interrompu ses études » sans préciser lesquelles ni leur niveau ; tentative de lecture des articles La Voix du Nord et Les Échos cités en référence : aucun texte exploitable récupéré (pages vides après nettoyage HTML, contenu probablement chargé en JavaScript ou payant). Diplôme laissé honnêtement inconnu."
PA794658,M.,Philippe,Fait,1969-06-24,Cucq,Horizons & Indépendants,Pas-de-Calais,4,"Professeur des écoles, instituteur et assimilé","Professions de l’enseignement primaire et professionnel, de la formation continue et du sport",Professions intermédiaires,http://www.wikidata.org/entity/Q63764370,https://fr.wikipedia.org/wiki/Philippe_Fait,bac+3_4,enseignement,0,1,0,public_uniquement,moyenne,"Profession déclarée « professeur des écoles, instituteur et assimilé » confirmée par le code INSEE et par sa fiche Wikipédia (élu conseiller municipal dès 2008, laissant supposer une carrière d'enseignant commencée avant). Le site officiel (philippefait.fr) ne détaille pas son parcours (page « mon parcours » introuvable, erreur 404) et aucune autre source n'a permis d'identifier l'établissement de formation. Le métier de professeur des écoles étant une profession réglementée, inférence de bac+3_4 (né en 1969, formation probablement antérieure à la réforme MEEF de 2010 qui a porté le niveau à bac+5), confiance fixée à moyenne conformément à la règle sur les inférences par profession réglementée."
PA793246,M.,Frédéric,Falcon,1985-11-23,Besançon,Rassemblement National,Aude,2,Commerçant et assimilé,Commerçants et assimilés,"Artisans, commerçants et chefs d'entreprise",http://www.wikidata.org/entity/Q112639617,https://fr.wikipedia.org/wiki/Fr%C3%A9d%C3%A9ric_Falcon,bac+5,commerce,1,0,0,prive_uniquement,moyenne,"Texte confirmé mot pour mot par curl+grep sur falcondepute.fr/biographie/ (site de campagne personnel, contenu statique et vérifiable) : « Après des études de géographie, d'aménagement du territoire puis une École de Commerce, je deviens consultant en système d'information et organisation pour une société de conseil [...] je crée en 2015 une société de conseil en investissement immobilier [...] je poursuis d'autres cursus universitaires ; l'un en géopolitique, l'autre en droit et gestion privée. » Le nom de l'école de commerce n'est pas précisé, d'où confiance moyenne malgré un texte source directement vérifié. La déclaration HATVP confirme sa qualité de dirigeant de La Venta (depuis 2018) et de SAS Gobo-Groupe (2018-2020), cohérent avec l'activité de conseil en immobilier décrite."
PA721896,Mme,Elsa,Faucillon,1981-08-06,Amiens,Gauche Démocrate et Républicaine,Hauts-de-Seine,1,Employée du secteur privé,Employés administratifs d'entreprise,Employés,http://www.wikidata.org/entity/Q30349257,https://fr.wikipedia.org/wiki/Elsa_Faucillon,bac+3_4,lettres-sciences humaines,0,0,0,politique_principalement,moyenne,Le niveau exact du diplôme en histoire de l'art n'est pas précisé.
PA609332,M.,Olivier,Faure,1968-08-18,La Tronche,Socialistes et apparentés,Seine-et-Marne,11,Cadre supérieur (secteur privé),Cadres des services administratifs et commerciaux d’entreprise,Cadres et professions intellectuelles supérieures,http://www.wikidata.org/entity/Q3351018,https://fr.wikipedia.org/wiki/Olivier_Faure_(homme_politique),bac+5,droit | sciences politiques,1,0,0,politique_principalement,haute,"Un seul emploi privé de quatre ans dans une PME interrompt une carrière presque entièrement politique (collaborateur, cabinets, appareil du PS)."
PA267042,M.,Yannick,Favennec-Bécot,1958-08-12,Chaudron-en-Mauges,"Libertés, Indépendants, Outre-mer et Territoires",Mayenne,3,Directeur de cabinet,Cadres administratifs et techniques de la fonction publique,Cadres et professions intellectuelles supérieures,http://www.wikidata.org/entity/Q3571749,https://fr.wikipedia.org/wiki/Yannick_Favennec-B%C3%A9cot,bac+3_4,droit,1,0,0,prive_uniquement,haute,"Carrière bien reconstituée par Wikipédia : après des études de droit (niveau exact — licence ou maîtrise — non précisé, d'où l'inférence prudente en bac+3_4, confiance moyenne), il enchaîne des postes politiques (assistant parlementaire de François Léotard, cabinets ministériels de la Défense puis de la Culture, chef de cabinet, directeur de cabinet) sur environ vingt ans, entrecoupés d'un passage de quatre ans dans le privé chez Bull France (1991-1995) comme directeur des relations extérieures. La déclaration HATVP consultée ne mentionne aucune activité professionnelle antérieure ni de diplôme. Étant donné que l'essentiel de la carrière (avant comme après le passage chez Bull France) relève de la sphère politique/cabinet, career_profile classé « politique_principalement » malgré le passage privé documenté."
PA840773,M.,Olivier,Fayssat,1968-03-24,Marseille,Union des droites pour la République,Bouches-du-Rhône,6,Dirigeant d'entreprise,Chefs d'entreprise de plus de 10 personnes,"Artisans, commerçants et chefs d'entreprise",http://www.wikidata.org/entity/Q127256910,https://fr.wikipedia.org/wiki/Olivier_Fayssat,inconnu,,1,0,0,prive_uniquement,haute,"Chef d'entreprise dans le courtage d'assurances, co-fondateur de S2C Sud Courtage et Conseil avec Alain de Gasquet, confirmé par la déclaration HATVP (rémunérations 2018-2024) et par la presse (« courtier en assurances », site Eurosud-assurances mentionnant S2C). Diversifié aussi dans l'immobilier locatif et le tourisme (camping, via SAS Bonporteau). Aucune information trouvée sur sa formation ou ses diplômes malgré recherches ciblées (Wikipédia, HATVP, presse) : diplôme laissé inconnu. - Deuxième passe : le HATVP local précise les dates exactes des deux activités déjà connues (courtage d'assurances chez S2C Sud Courtage et Conseil, 01/2018-07/2024 ; tourisme/immobilier locatif via SAS Bonporteau, depuis 01/2018) et ajoute une structure liée non mentionnée en première passe (SARL Bon'Hôtel, dirigeant depuis 01/2018, cohérente avec l'activité d'hôtellerie déjà identifiée), ainsi qu'un « Groupement Foncier Rural Champredon » (01/2024) de moindre intérêt. Le wikitexte brut de l'article ne comporte aucun champ université renseigné. L'article « pour Olivier Fayssat, néo-député LR-RN » (La Provence) s'est révélé être un article payant (accès « premium » explicite dans les métadonnées de la page), non exploité. Diplôme laissé honnêtement inconnu."
PA841251,Mme,Mathilde,Feld,1969-04-28,Rueil-Malmaison,La France insoumise - Nouveau Front Populaire,Gironde,12,(33) - Cadre de la fonction publique,Cadres administratifs et techniques de la fonction publique,Cadres et professions intellectuelles supérieures,http://www.wikidata.org/entity/Q126596346,https://fr.wikipedia.org/wiki/Mathilde_Feld,bac+3_4,,0,1,0,public_uniquement,moyenne,"Fonctionnaire territoriale (attachée territoriale), directrice générale adjointe de la communauté de communes du Grand Saint-Émilionnais de 2019 à 2024, confirmé par la déclaration HATVP (rémunérations annuelles détaillées) et son site officiel. A aussi occupé des mandats politiques locaux (présidente de communauté de communes, adjointe au maire). Le grade d'attaché territorial (catégorie A de la fonction publique territoriale) s'obtient en général par concours externe nécessitant une licence, mais peut aussi s'obtenir par promotion interne sans ce prérequis ; en l'absence de confirmation de la voie empruntée, diplôme laissé prudemment inconnu plutôt que déduit. - Deuxième passe : le HATVP local confirme au mois près la période déjà connue (direction générale adjointe de la communauté de communes du Grand Saint-Émilionnais, 01/2019-07/2024) et ajoute un mandat mineur non rémunéré au syndicat de rivières SMERE2M (06/2020-07/2024). Le wikitexte brut de l'article ne renseigne aucun diplôme. Sa profession déclarée (« Cadre de la fonction publique », catégorie A selon le code INSEE) correspond à la règle du projet sur les inférences pour un poste d'attaché territorial / catégorie A, qui suppose en général une licence obtenue par concours externe (même si une promotion interne sans ce prérequis reste possible) : diplôme inféré à bac+3_4, confiance plafonnée à moyenne faute de diplôme nommément confirmé."
PA794786,M.,Emmanuel,Fernandes,1980-08-10,Thann,La France insoumise - Nouveau Front Populaire,Bas-Rhin,2,Profession intermédiaire administrative et commerciale des entreprises,Professions intermédiaires administratives et commerciales des entreprises,Professions intermédiaires,http://www.wikidata.org/entity/Q112651844,https://fr.wikipedia.org/wiki/Emmanuel_Fernandes,inconnu,,1,0,0,prive_uniquement,moyenne,"Venu à Strasbourg en 2002 pour ses études (institution et diplôme non identifiés). La déclaration HATVP révèle un emploi salarié précis dans le privé : coordinateur systèmes d'information « métier » chez Flender (groupe industriel d'engrenages) de juin 2019 à juin 2022, avec rémunérations annuelles. Un article de France 3 (2022) mentionne qu'il a « travaillé à Illkirch-Graffenstaden pendant plus de 16 ans » sans préciser l'employeur ni le poste sur cette période plus longue ; son site officiel et les réseaux sociaux ne détaillent pas non plus sa formation. Diplôme laissé inconnu par honnêteté malgré la fonction de coordinateur SI qui suggère une formation supérieure non confirmée. - Deuxième passe : le HATVP local reconfirme exactement le poste déjà connu (coordinateur S.I. Métier chez Flender, 06/2019-06/2022). L'article France 3 Grand Est cité par Wikipédia a pu être récupéré et confirme littéralement (grep positif) qu'il est « arrivé à Strasbourg en 2002, pour ses études », sans nommer l'établissement ni le diplôme obtenu — c'est la même limite déjà identifiée en première passe. Le wikitexte brut de l'infobox ne comporte pas de champ université. La mention d'un article France 3 de 2022 évoquant « 16 ans » de travail à Illkirch-Graffenstaden, déjà signalée en première passe, n'a pas pu être retrouvée ni vérifiée cette fois-ci (URL non identifiée). Diplôme laissé honnêtement inconnu."
PA795884,M.,Marc,Ferracci,1977-12-19,Les Lilas,Ensemble pour la République,Français établis hors de France,6,"Professeur, profession scientifique",Cadres administratifs et techniques de la fonction publique,Cadres et professions intellectuelles supérieures,http://www.wikidata.org/entity/Q29634279,https://fr.wikipedia.org/wiki/Marc_Ferracci,doctorat,economie | sciences politiques | gestion-commerce,1,1,0,mixte_public_prive,haute,"A aussi occupé plusieurs postes de conseiller politique (campagne Macron, cabinets ministériels) avant son mandat."
PA794870,Mme,Sylvie,Ferrer,1967-11-06,Toulouse,La France insoumise - Nouveau Front Populaire,Hautes-Pyrénées,1,(85) - Personne diverse sans activité professionnelle de moins de 60 ans (sauf r,Sans profession déclarée,Sans profession déclarée,http://www.wikidata.org/entity/Q112651749,https://fr.wikipedia.org/wiki/Sylvie_Ferrer,inconnu,,1,0,0,prive_uniquement,moyenne,"Profession d'agent de maintenance en aéronautique confirmée par Wikipédia et plusieurs fiches (nosdeputes.fr, lechodusud.com), mais aucune source ne nomme l'employeur (bassin aéronautique de Tarbes/Hautes-Pyrénées, hypothèse plausible mais non confirmée, donc non retenue). La déclaration HATVP consultée ne détaille curieusement pas cette activité professionnelle (elle ne mentionne que son mandat de secrétaire d'Attac 65, non rémunéré, 2016-2022) : possible qu'elle ait cessé cette activité salariée avant la période couverte par la déclaration. Le métier d'agent de maintenance aéronautique n'étant pas une profession réglementée à diplôme unique (accessible via bac pro, BTS, ou autre formation technique), diplôme laissé inconnu. - Aucune amélioration trouvée. HATVP (activites.json) ne montre, hors mandat, que le poste bénévole de secrétaire d'Attac 65 (04/2016-05/2022) déjà connu, aucune activité professionnelle salariée listée (probablement antérieure à la fenêtre des 5 ans couverte par sa première déclaration de 2022). Le wikitexte brut de Wikipédia (infobox « université » vide) et l'article de La Dépêche déjà cité par le premier passage confirment la profession d'agent de maintenance en aéronautique sans jamais nommer l'employeur ni le niveau d'études. Carrière et diplôme inchangés."
PA719938,M.,Marc,Fesneau,1971-01-11,Paris,Les Démocrates,Loir-et-Cher,1,Ministre,Cadres administratifs et techniques de la fonction publique,Cadres et professions intellectuelles supérieures,http://www.wikidata.org/entity/Q6755549,https://fr.wikipedia.org/wiki/Marc_Fesneau,bac+5,sciences | sciences politiques,0,1,0,public_uniquement,haute,
PA267780,Mme,Agnès,Firmin Le Bodo,1968-11-20,Le Havre,Horizons & Indépendants,Seine-Maritime,7,Pharmacien,Professions libérales,Cadres et professions intellectuelles supérieures,http://www.wikidata.org/entity/Q30349300,https://fr.wikipedia.org/wiki/Agn%C3%A8s_Firmin-Le_Bodo,doctorat,medecine-sante,1,0,0,prive_uniquement,haute,
PA722134,M.,Jean-Marie,Fiévet,1964-06-19,Bressuire,Ensemble pour la République,Deux-Sèvres,3,Fonctionnaire de catégorie B,"Professions de l’enseignement primaire et professionnel, de la formation continue et du sport",Professions intermédiaires,http://www.wikidata.org/entity/Q30349293,https://fr.wikipedia.org/wiki/Jean-Marie_Fi%C3%A9vet,inconnu,,1,1,0,mixte_public_prive,moyenne,"Sapeur-pompier professionnel de formation, entré au SDIS des Deux-Sèvres vers 1992 à l'âge de 27 ans, gradé lieutenant ; premier sapeur-pompier de France élu député (source déjà vérifiée : L'Écho du Sud, 'qui est Jean-Marie Fiévet'). A travaillé dans le secteur privé avant 1992 mais l'emploi exact n'est pas précisé. Niveau d'études non trouvé malgré vérifications supplémentaires : Wikipédia (biographie très courte, aucune mention d'études), déclaration HATVP (aucune activité professionnelle hors mandat déclarée, la fenêtre de 5 ans ne couvre pas sa carrière de pompier), France3 Régions Nouvelle-Aquitaine. Recherches web complémentaires (DuckDuckGo, Bing, Ecosia, Mojeek) bloquées par captcha anti-robot pendant la session. - Aucune amélioration trouvée. HATVP (activites.json) ne liste que le mandat de « Député » lui-même (06/2017-06/2022), toute sa carrière de sapeur-pompier (1992-2017) est antérieure à la fenêtre des 5 ans déclarée. Le wikitexte brut confirme qu'il est auditeur de l'IHEDN (Institut des hautes études de défense nationale) pendant son mandat, mais il s'agit d'une activité liée au mandat parlementaire, pas d'un diplôme obtenu. L'article France 3 Nouvelle-Aquitaine déjà cité (re-vérifié en texte brut) confirme son recrutement au SDIS 79 en 1992 à 27 ans sans détailler ni études ni emploi antérieur. L'article de La Gazette des Communes se charge désormais vide (probablement paywall/JS). Carrière et diplôme inchangés."
PA840143,M.,Guillaume,Florquin,1993-05-04,Roncq,Rassemblement National,Nord,20,(33) - Cadre de la fonction publique,Cadres administratifs et techniques de la fonction publique,Cadres et professions intellectuelles supérieures,http://www.wikidata.org/entity/Q126948346,https://fr.wikipedia.org/wiki/Guillaume_Florquin,bac+5,economie-gestion | medecine-sante,1,0,0,politique_principalement,haute,"Déclaration d'intérêts HATVP consultée directement (PDF) : l'essentiel de la carrière rémunérée documentée (2019-2024) est un poste de collaborateur d'élus au conseil régional des Hauts-de-France (3 ans), précédé de courts passages en EHPAD privé (5 mois) et dans une association d'aide à domicile (1 mois). Profession déclarée officiellement 'cadre de la fonction publique', mais aucun emploi de fonctionnaire titulaire n'apparaît dans la déclaration ; il est aussi administrateur bénévole du CCAS de Saint-Amand-les-Eaux et trésorier bénévole de la fédération RN du Nord. Niveau d'études inconnu : des sites peu identifiables (frenchhub.fr, lejournaltech.fr) affirment un master en économie et gestion de la santé (Paris-Dauphine) et un master EHESP, mais aucune de ces deux sources n'a pu être vérifiée (l'une a renvoyé une erreur 403 lors de la nouvelle tentative), ni corroborée par la fiche Assemblée nationale, HATVP ou Wikipédia — écarté par prudence, retenu comme inconnu. - Diplôme trouvé grâce au wikitexte brut (non visible dans l'extrait trimmé) : le champ infobox « université » liste UFR3S-ILIS (faculté d'ingénierie et management de la santé, Lille), l'EHESP et l'Université Paris-Dauphine, corroboré par les catégories « Élève de l'EHESP » et « Étudiant de l'université Paris-Dauphine ». L'article de L'Observateur du Valenciennois (« Saint-Amand : Guillaume Florquin va mener la liste RN », vérifié en texte nettoyé) le cite disant « Avant d'obtenir mon master, j'ai pu travailler comme serveur dans plusieurs restaurants de notre commune », confirmant l'obtention effective d'un master, cohérent avec un parcours ILIS/EHESP/Dauphine en management des établissements sanitaires et sociaux et avec sa carrière déclarée de cadre du secteur médico-social puis politique. Carrière professionnelle inchangée (déjà bien établie par HATVP au premier passage)."
PA840801,M.,Emmanuel,Fouquart,1966-07-30,Maubeuge,Rassemblement National,Bouches-du-Rhône,13,Retraité militaire,"Employés administratifs de la fonction publique, agents de service et auxiliaires de santé",Employés,http://www.wikidata.org/entity/Q63371061,https://fr.wikipedia.org/wiki/Emmanuel_Fouquart,bac_ou_moins,armee-securite,1,1,0,mixte_public_prive,haute,"Déclaration d'intérêts HATVP consultée directement (PDF) : officier de réserve à la Gendarmerie nationale (01/2019-12/2022) et gérant de la société New Crédit (01/2019-02/2021) en parallèle. Carrière militaire antérieure confirmée par Wikipédia (marine nationale dès l'âge de 16 ans, puis officier de gendarmerie à partir de 1990, jusqu'à sa retraite militaire), mais grade exact et dates précises non détaillés. Est aussi membre du conseil d'administration (non rémunéré) de la société publique AREA depuis son élection au conseil régional PACA. Niveau d'études inconnu : aucune mention de diplôme ou d'école d'officier dans les sources consultées ; recherches web complémentaires bloquées par captcha. - Carrière largement précisée grâce à L'Essor de la Gendarmerie nationale (« Deux anciens gendarmes d'active élus députés du Rassemblement national », texte nettoyé et vérifié) : il intègre la Marine nationale à 16 ans via l'École des Mousses, embarque sur plusieurs avisos (dont en Nouvelle-Calédonie en 1988), rejoint la Gendarmerie en 1990 (brigade territoriale de Monsols, brigade de recherches puis brigade territoriale de Bonneville, puis Cluses) au grade d'adjudant (et non « officier », contrairement à ce que suggérait la fiche précédente — le statut d'« officier de réserve » documenté par HATVP est un grade de réserve postérieur à 2006, distinct de son grade d'active). Il quitte la gendarmerie active en 2006 et devient courtier en assurance, ce qui rejoint vraisemblablement l'activité de gérance de la société « New Crédit » documentée par HATVP (12/2018-02/2021) — donc un vrai second chapitre privé, pas seulement 2019-2021. Diplôme : aucun diplôme n'est nommé ; l'engagement dans la Marine nationale à 16 ans (avant l'âge normal du baccalauréat) rend très probable qu'il n'ait pas poursuivi d'études générales au-delà du collège — inférence raisonnée mais non certaine, d'où confiance plafonnée à « moyenne » pour l'ensemble de la fiche malgré une carrière désormais solidement sourcée."
PA793980,M.,Charles,Fournier,1968-03-10,Romorantin-Lanthenay,Écologiste et Social,Indre-et-Loire,1,"Consultant, formateur",Cadres des services administratifs et commerciaux d’entreprise,Cadres et professions intellectuelles supérieures,http://www.wikidata.org/entity/Q63488161,"https://fr.wikipedia.org/wiki/Charles_Fournier_(homme_politique,_1968)",bac+3_4,histoire-geographie,0,0,0,prive_uniquement,basse,"Le wikitexte brut confirme « des études d'aménagement du territoire puis de géographie à Tours » sans nommer de diplôme obtenu ni son niveau exact ; bac+3_4 retenu par estimation prudente (études universitaires longues mais diplôme non confirmé). Seul emploi documenté hors politique : « formateur au sein d'une coopérative », sans nom d'employeur ni secteur précisé (Le Monde, source payante, non accessible en clair). Tous les très nombreux mandats de « dirigeant » de sa déclaration HATVP (SEM Centre-Val de Loire Énergie, ADEME, Conseil national de la transition écologique, Commission nationale du débat public, etc.) correspondent à des sièges occupés ès qualités de vice-président du conseil régional Centre-Val de Loire (2015-2022), non à un emploi salarié ; career_profile laissé « inconnu » faute d'employeur identifiable pour son unique activité professionnelle documentée."
PA794678,M.,Thierry,Frappé,1952-05-23,Forest sur Marque,Rassemblement National,Pas-de-Calais,10,Profession libérale,Professions libérales,Cadres et professions intellectuelles supérieures,http://www.wikidata.org/entity/Q112578758,https://fr.wikipedia.org/wiki/Thierry_Frapp%C3%A9,doctorat,medecine-sante,1,0,0,prive_uniquement,haute,"Le niveau doctorat est déduit de l'exercice de la médecine, non explicitement mentionné comme diplôme."
PA822617,Mme,Martine,Froger,1961-06-11,Blois,Socialistes et apparentés,Ariège,1,Chef d'entreprise,Cadres des services administratifs et commerciaux d’entreprise,Cadres et professions intellectuelles supérieures,http://www.wikidata.org/entity/Q117382674,https://fr.wikipedia.org/wiki/Martine_Froger,inconnu,,1,0,0,prive_uniquement,haute,"Déclaration d'intérêts HATVP consultée directement : carrière entièrement effectuée au sein d'une association d'insertion par l'activité économique (CASTA, Ariège), comme directrice salariée (2019-2023) puis assistante de direction à temps partiel (2023-2024). Classée 'prive_uniquement' faute de catégorie associative dédiée dans le référentiel (aucun emploi public identifié). Mise en examen en mars 2026 pour gestion frauduleuse d'associations d'insertion, sans lien avec le niveau d'études. Niveau d'études inconnu malgré recherches (Wikipédia, HATVP, presse Ariège/Toulouse) : aucune mention de diplôme, lycée ou université. - Aucune amélioration du diplôme trouvée. Le site officiel martinefroger.fr (page « Martine Froger », texte nettoyé et vérifié) reprend la même biographie que Wikipédia sans mentionner d'études ni de diplôme. Le wikitexte brut de Wikipédia (infobox « université » vide) n'apporte rien de plus. HATVP reconfirme la carrière déjà connue chez CASTA/CASTA BATI, avec une variation mineure de date de début (une déclaration indique 01/2017, une autre 01/2019, pour le même poste de directrice) — non tranchée, signalée. Carrière et diplôme inchangés."
PA841151,Mme,Alix,Fruchon,1994-10-14,Chateauroux,Droite Républicaine,Indre,2,Juriste,,,http://www.wikidata.org/entity/Q127331341,https://fr.wikipedia.org/wiki/Alix_Fruchon,bac+5,droit,0,0,1,politique_principalement,haute,
PA840235,M.,Moerani,Frébault,1988-08-22,Atuona Hiva Oa,Ensemble pour la République,Polynésie Française,1,(33) - Cadre de la fonction publique,Cadres administratifs et techniques de la fonction publique,Cadres et professions intellectuelles supérieures,http://www.wikidata.org/entity/Q126947846,https://fr.wikipedia.org/wiki/Moerani_Fr%C3%A9bault,bac+5,droit,0,1,0,public_uniquement,haute,"Nommé secrétaire général sans concours, dans un contexte de favoritisme familial rapporté par la presse."
PA722284,M.,Bruno,Fuchs,1959-04-07,Colmar,Les Démocrates,Haut-Rhin,6,Chef d'entreprise,Chefs d'entreprise de plus de 10 personnes,"Artisans, commerçants et chefs d'entreprise",http://www.wikidata.org/entity/Q30526465,https://fr.wikipedia.org/wiki/Bruno_Fuchs,bac+5,gestion-commerce,1,1,0,mixte_public_prive,haute,
PA722366,M.,Jean-Luc,Fugit,1969-11-27,Rodez,Ensemble pour la République,Rhône,11,Professeur de faculté,Cadres administratifs et techniques de la fonction publique,Cadres et professions intellectuelles supérieures,http://www.wikidata.org/entity/Q30339272,https://fr.wikipedia.org/wiki/Jean-Luc_Fugit,doctorat,sciences | ingenierie,0,1,0,public_uniquement,haute,
PA841665,M.,Denis,Fégné,1960-07-31,Castelsarrasin,Socialistes et apparentés,Hautes-Pyrénées,2,(74) - Ancien cadre,Sans profession déclarée,Sans profession déclarée,http://www.wikidata.org/entity/Q65580790,https://fr.wikipedia.org/wiki/Denis_F%C3%A9gn%C3%A9,bac+3_4,sociologie,1,0,0,prive_uniquement,moyenne,"Déclaration d'intérêts HATVP consultée directement : activité rémunérée documentée = éducateur spécialisé à l'ADSEA 65 (association de protection de l'enfance et de l'adolescence), 2019-2020, secteur associatif classé 'prive_uniquement' faute de catégorie dédiée dans le référentiel. Niveau d'études inféré à partir du métier : l'exercice de la profession d'éducateur spécialisé suppose le diplôme d'État d'éducateur spécialisé (DEES), formation de 3 ans post-bac, d'où bac+3_4 — inférence à confiance moyenne, établissement de formation non identifié (donc confidence globale ramenée à 'moyenne' conformément à la règle sur les inférences de profession réglementée). Profession déclarée officielle 'ancien cadre' sans précision de secteur. Également maire d'Ibos depuis 2013 et président du CDG65 (fonctions électives/politiques, non comptées comme emploi professionnel)."
PA841139,M.,Julien,Gabarron,1981-03-11,Lille,Rassemblement National,Hérault,6,Cadre Commercial,Cadres des services administratifs et commerciaux d’entreprise,Cadres et professions intellectuelles supérieures,http://www.wikidata.org/entity/Q126540256,https://fr.wikipedia.org/wiki/Julien_Gabarron,bac+3_4,droit,1,0,0,prive_uniquement,moyenne,Niveau exact du diplôme en droit non précisé dans la source.
PA796070,M.,Perceval,Gaillard,1983-04-24,Rouen,La France insoumise - Nouveau Front Populaire,Réunion,7,Profession intermédiaire de la santé et du travail social,"Professions de l’enseignement primaire et professionnel, de la formation continue et du sport",Professions intermédiaires,http://www.wikidata.org/entity/Q112650360,https://fr.wikipedia.org/wiki/Perceval_Gaillard,bac+3_4,sociologie,1,0,0,prive_uniquement,haute,"Interview de première main (zinfos974.com, juin 2022) où le député décrit lui-même son parcours : « Moi en formation j'ai un bac ES, une formation de sciences de l'éducation et mon diplôme d'éducateur spécialisé » et « Ça fait quinze ans que je suis travailleur social [...] j'ai travaillé en foyer [...] et depuis 7 ans éducateur de rue, de 2013 à 2020 ». Avant cela, manœuvre/maçon/manutentionnaire sur les chantiers réunionnais dès son arrivée en 2004 (moins de 20 ans). A démissionné de son poste d'éducateur de rue en 2020, incompatible avec sa délégation d'adjoint au maire de Saint-Paul. Carrière classée 'prive_uniquement' (privé + associatif, aucun emploi public identifié). Aucun établissement de formation nommé, d'où le maintien à 'haute' fondé sur le diplôme et le métier auto-déclarés dans une interview directement consultée plutôt que sur une institution nommée."
PA793892,Mme,Stéphanie,Galzy,1981-10-20,Pézenas,Rassemblement National,Hérault,5,Employé administratif d'entreprise,Cadres des services administratifs et commerciaux d’entreprise,Cadres et professions intellectuelles supérieures,http://www.wikidata.org/entity/Q112650407,https://fr.wikipedia.org/wiki/St%C3%A9phanie_Galzy,inconnu,,1,0,0,prive_uniquement,haute,"Carrière confirmée par Wikipédia et un article ICI (ex-France Bleu, 'Qui est Stéphanie Galzy') : commerçante puis conseillère bancaire intérimaire à La Banque Postale de Béziers. Secteur classé 'prive' (La Banque Postale est une société anonyme de droit privé malgré un actionnariat public via le groupe La Poste). Niveau d'études inconnu malgré recherches (Wikipédia, article ICI, fiche Assemblée nationale) : aucune mention de diplôme, lycée ou formation. - Carrière très précisée par HATVP : entre la période de commerçante (avant 2017) et le poste de conseillère/chargée de clientèle à La Poste (11/2021-06/2022, déjà connu), elle a enchaîné plusieurs contrats courts de vendeuse (GIVA en 2017 et 2018, Intersport en 2019, SARL Dugui en 2021), un profil d'emploi précaire et saisonnier du commerce de détail cohérent avec la catégorie INSEE « employé administratif d'entreprise ». Diplôme : toujours aucune mention trouvée malgré re-vérification en texte nettoyé de l'article France 3 Occitanie et du portrait France Bleu/ICI « Qui est Stéphanie Galzy » (aucune mention de diplôme, lycée ou formation dans le corps de l'article, y compris les passages biographiques détaillés). Diplôme inchangé, carrière enrichie."
PA795010,Mme,Marie-Charlotte,Garin,1995-09-02,Vernon,Écologiste et Social,Rhône,3,Collaboratrice politique en collectivité locale,Cadres administratifs et techniques de la fonction publique,Cadres et professions intellectuelles supérieures,http://www.wikidata.org/entity/Q112652262,https://fr.wikipedia.org/wiki/Marie-Charlotte_Garin,bac+5,sciences politiques,0,0,0,politique_principalement,haute,Parcours dominé par des postes politiques après un premier emploi associatif.
PA333285,M.,Guillaume,Garot,1966-05-29,Laval,Socialistes et apparentés,Mayenne,1,Cadre administratif,Cadres administratifs et techniques de la fonction publique,Cadres et professions intellectuelles supérieures,http://www.wikidata.org/entity/Q3119861,https://fr.wikipedia.org/wiki/Guillaume_Garot,bac+5,lettres-sciences humaines | sciences politiques,0,0,1,politique_principalement,haute,
PA722358,M.,Thomas,Gassilloud,1981-05-21,Saint-Symphorien-sur-Coise,Ensemble pour la République,Rhône,10,Industriel - Chef d'entreprise,Chefs d'entreprise de plus de 10 personnes,"Artisans, commerçants et chefs d'entreprise",http://www.wikidata.org/entity/Q30349354,https://fr.wikipedia.org/wiki/Thomas_Gassilloud,bac+5,gestion-commerce,1,0,0,prive_uniquement,moyenne,"A aussi suivi l'IHEDN et l'École de guerre, formations militaires non académiques non comptées comme diplôme initial."
PA721024,Mme,Anne,Genetet,1963-04-20,Neuilly sur seine,Ensemble pour la République,Français établis hors de France,11,Médecin généraliste,Professions libérales,Cadres et professions intellectuelles supérieures,http://www.wikidata.org/entity/Q30339280,https://fr.wikipedia.org/wiki/Anne_Genetet,doctorat,medecine-sante | communication-journalisme,1,0,0,prive_uniquement,haute,A aussi eu une activité associative (conseil pour ONG) entre ses emplois privés; pas d'exercice de la médecine en tant que praticienne mentionné dans la bio.
PA794234,M.,François,Gernigon,1961-04-02,Angers,Horizons & Indépendants,Maine-et-Loire,1,Ancien cadre,Professions libérales,Cadres et professions intellectuelles supérieures,http://www.wikidata.org/entity/Q63765537,https://fr.wikipedia.org/wiki/Fran%C3%A7ois_Gernigon,bac_ou_moins,,1,1,0,mixte_public_prive,moyenne,"A commencé à travailler à 17 ans, sans mention d'études supérieures."
PA793556,Mme,Sabine,Gervais,1970-05-20,Fontenay-Le-Comte,Les Démocrates,Charente-Maritime,1,Infirmière puéricultrice,Professions intermédiaires de la santé et du travail social,Professions intermédiaires,http://www.wikidata.org/entity/Q138728431,https://fr.wikipedia.org/wiki/Sabine_Gervais,bac+3_4,medecine-sante,0,1,0,public_uniquement,moyenne,"HATVP : aucune déclaration d'intérêts trouvée pour ce uid (entrée absente du dump). Wikipédia (wikitexte, vérifié) confirme la profession d'infirmière puéricultrice ; c'est une profession réglementée (DE infirmier + spécialisation puéricultrice), d'où l'inférence bac+3_4 plafonnée à confiance moyenne conformément à la règle sur les professions réglementées. Le détail de carrière (coordinatrice des assistants familiaux au service PMI du Département, en disponibilité de la fonction publique territoriale) provient du titre et de la citation de l'article du Parisien référencé dans le wikitexte de l'article Wikipédia (« De la PMI au Palais-Bourbon... »), qui confirme au moins le lien PMI. Impossible de revérifier le corps de l'article par curl (Access Denied sur leparisien.fr, archive Wikiwix bloquée par un mur JavaScript côté client), d'où confiance moyenne plutôt que haute sur ce point."
PA841737,M.,Jonathan,Gery,1986-10-12,Aubenas,Rassemblement National,Rhône,8,(53) - Policier et militaire,"Professions de l’enseignement primaire et professionnel, de la formation continue et du sport",Professions intermédiaires,http://www.wikidata.org/entity/Q126950841,https://fr.wikipedia.org/wiki/Jonathan_G%C3%A9ry,inconnu,,0,1,0,public_uniquement,haute,"D'après Wikipédia : ancien gendarme, intègre la police municipale d'Ambilly en 2016. Carrière entièrement dans la fonction publique (gendarmerie puis police municipale). Niveau d'études inconnu : aucune mention de diplôme ou de formation initiale ; page HATVP non localisée (URL devinées sans succès) ; recherches web complémentaires (DuckDuckGo, Bing) bloquées par captcha ou renvoyant des résultats hors sujet. - Carrière significativement précisée par HATVP, seule source jamais consultée sur ce point (la page HATVP n'avait pas été localisée au premier passage) : en plus du parcours gendarme puis police municipale d'Ambilly déjà connu par Wikipédia, la déclaration révèle un bref passage de stagiaire conseiller pénitentiaire d'insertion et probation (CPIP) au ministère de la Justice (01/2019-08/2019, 8 mois — vraisemblablement la formation initiale à l'ENAP, non menée à terme), puis un poste de policier (« ministere de l'interieur », donc police nationale et non municipale) de 12/2020 à 07/2024. Diplôme : le concours externe de CPIP exige en principe une licence (bac+3) depuis la réforme statutaire de 2019, mais son entrée en formation en janvier 2019 se situe juste avant/au moment de cette réforme et le passage est resté très bref (8 mois, sans qu'on sache s'il a été recruté sous l'ancien régime catégorie B/niveau bac ou le nouveau) : le doute sur le millésime exact de la réforme et l'absence de certitude sur l'achèvement de la formation m'empêchent d'en tirer une inférence fiable de diplôme. Laissé « inconnu » plutôt que de deviner. Wikipédia (wikitexte brut, infobox « université » vide) ne mentionne ni études ni diplôme."
PA796034,M.,Frank,Giletti,1973-03-01,Evreux,Rassemblement National,Var,6,Fonctionnaire,Cadres administratifs et techniques de la fonction publique,Cadres et professions intellectuelles supérieures,http://www.wikidata.org/entity/Q112579260,https://fr.wikipedia.org/wiki/Frank_Giletti,bac+3_4,droit,0,1,0,public_uniquement,haute,"L'infobox Wikipédia (wikitexte vérifié) donne explicitement « université = IRA de Lyon » et « profession = Fonctionnaire », ce qui confirme la piste attaché territorial (bac+3_4). La déclaration HATVP (locale, data/hatvp/activites.json) est très détaillée et cohérente avec ce parcours : DAF de lycée AEFE (2017), agent comptable à l'Éducation nationale (2017-2018), puis DGAS à la mairie de Fréjus (2018-2022) — carrière entièrement dans la fonction publique, avant son élection de 2022."
PA793832,M.,Yoann,Gillet,1986-08-29,Rennes,Rassemblement National,Gard,1,Cadre de la fonction publique,Cadres administratifs et techniques de la fonction publique,Cadres et professions intellectuelles supérieures,http://www.wikidata.org/entity/Q58177508,https://fr.wikipedia.org/wiki/Yoann_Gillet,inconnu,,1,1,0,mixte_public_prive,haute,"Déclaration d'intérêts HATVP consultée directement : directeur de cabinet du maire de Beaucaire, rémunéré par la commune, de janvier 2019 à août 2022 — fonction de collaborateur d'élu (secteur 'politique') rattachée ici à 'mixte_public_prive' faute de catégorie combinant privé et politique dans le référentiel. Avant cela, environ 8 ans dans le prêt-à-porter comme gérant puis directeur régional d'une quarantaine de magasins à l'échelle nationale (secteur privé, employeur non identifié, source : linsoumission.fr portrait 2022 déjà vérifié). Niveau d'études inconnu malgré recherches (Wikipédia, HATVP, casierpolitique.com bloqué en 403, L'Écho du Sud introuvable pour ce nom, recherches web bloquées par captcha). - Date de début du poste de directeur de cabinet précisée par HATVP : 04/2016 (et non 01/2019 comme indiqué par la fiche précédente), confirmé par un commentaire de la déclaration (« Fonction quittée le 19 août 2022 »). Sur le diplôme, un nouvel élément trouvé dans le portrait d'Objectif Gard (« FAIT DU JOUR Gillet, Bordes, Meurin, Sala », texte nettoyé et vérifié) : « [il] suit son lycée en Normandie, puis débute ses études et sa vie professionnelle à Paris pendant 10 ans » — confirme qu'il a entamé des études supérieures à Paris mais sans jamais nommer l'établissement, la filière ni un diplôme obtenu ; formulation trop vague pour en tirer un niveau de diplôme sans deviner. Laissé « inconnu ». Rattaché à « mixte_public_prive » comme au premier passage faute de catégorie combinant privé et politique dans le référentiel."
PA793102,M.,Christian,Girard,1952-05-07,Manosque,Rassemblement National,Alpes-de-Haute-Provence,1,Ancien cadre,Cadres des services administratifs et commerciaux d’entreprise,Cadres et professions intellectuelles supérieures,http://www.wikidata.org/entity/Q112638213,https://fr.wikipedia.org/wiki/Christian_Girard_(homme_politique),inconnu,,1,0,0,prive_uniquement,haute,"Selon L'Écho du Sud (portrait 'Qui est Christian Girard ?', consulté directement), il a été directeur administratif à la Caisse d'Épargne avant de se lancer en politique — cohérent avec la profession déclarée officielle ('Ancien cadre', catégorie INSEE cadres administratifs et commerciaux d'entreprise). Niveau d'études inconnu malgré recherches multiples (L'Écho du Sud, Wikipédia, DuckDuckGo, Bing, Ecosia, Mojeek — toutes bloquées par captcha ou sans résultat pertinent) : aucune mention de diplôme, lycée ou formation. - Aucune amélioration trouvée. HATVP (activites.json) n'a aucune activité professionnelle enregistrée pour lui : sa carrière à la Caisse d'Épargne s'est terminée avant 2015, hors de la fenêtre des 5 ans couverte par ses déclarations ; seules des fonctions de dirigeant bénévole liées à son mandat de conseiller régional PACA depuis 2021 y figurent (régie régionale des transports, lycée technique, syndicat du parc naturel du Lubéron), qui ne sont pas des emplois. Le wikitexte brut de Wikipédia (infobox « université » vide) ne mentionne aucun diplôme. Carrière et diplôme inchangés."
PA841419,M.,Damien,Girard,1973-05-30,Cholet,Écologiste et Social,Morbihan,5,(38) - Ingénieur et cadre technique d'entreprise,Cadres des services administratifs et commerciaux d’entreprise,Cadres et professions intellectuelles supérieures,http://www.wikidata.org/entity/Q126811366,https://fr.wikipedia.org/wiki/Damien_Girard_(homme_politique),bac_ou_moins,,1,0,0,prive_uniquement,moyenne,"Périodes professionnelles approximatives, pas de diplôme post-bac mentionné."
PA718674,Mme,Olga,Givernet,1981-10-17,Saint-Germain-en-Laye,Ensemble pour la République,Ain,3,Ingénieure,Cadres des services administratifs et commerciaux d’entreprise,Cadres et professions intellectuelles supérieures,http://www.wikidata.org/entity/Q30334006,https://fr.wikipedia.org/wiki/Olga_Givernet,bac+5,ingenierie,1,0,0,prive_uniquement,haute,
PA840939,Mme,Océane,Godard,1982-11-22,Sens,Socialistes et apparentés,Côte-d'Or,1,Psychologue du travail,Cadres des services administratifs et commerciaux d’entreprise,Cadres et professions intellectuelles supérieures,http://www.wikidata.org/entity/Q63490352,https://fr.wikipedia.org/wiki/Oc%C3%A9ane_Godard,bac+5,psychologie,0,1,0,inconnu,moyenne,"Wikipédia (wikitexte, sourcé à L'Est républicain 2018) confirme explicitement : « diplômée d'un master en psychologie du travail de l'université de Bourgogne et travaille au sein d'associations de formation et d'insertion » — diplôme à confiance haute, mais l'employeur associatif n'est jamais nommé et le secteur associatif n'entre dans aucune des catégories privé/public du référentiel (le batch d'origine notait déjà ce trou de la taxonomie), d'où career_profile laissé à inconnu. HATVP ajoute un poste ponctuel de formatrice vacataire au CREPS (public, 2017) et un rôle de membre de jury de concours pour le CNFPT (jury, pas un emploi). Les autres lignes « dirigeant » du HATVP (Mission Locale, CREATIV, SPL Aménagement, etc.) sont des sièges obtenus au titre de ses mandats d'élue, pas des emplois."
PA841605,M.,Antoine,Golliot,1985-08-13,Saint-Martin-Boulogne,Rassemblement National,Pas-de-Calais,5,(47) - Technicien,Techniciens,Professions intermédiaires,http://www.wikidata.org/entity/Q63106626,https://fr.wikipedia.org/wiki/Antoine_Golliot,bac+2,ingenierie,1,0,0,prive_uniquement,haute,"Déclaration d'intérêts HATVP consultée directement : technicien chez Qualiconsult Exploitation (groupe privé de contrôle technique de la construction) de janvier 2021 à juillet 2024. Niveau d'études inconnu : le métier de technicien de contrôle ne présuppose pas un diplôme unique identifiable ; aucune mention de diplôme dans les sources consultées (HATVP, Wikipédia, Assemblée nationale) ; recherches web complémentaires bloquées par captcha. - Aucun diplôme nommé n'a été trouvé (Wikipédia wikitexte brut sans infobox université ; les deux articles de La Voix du Nord cités en référence sont vides en accès non abonné, probablement payants). J'applique néanmoins l'inférence de profession réglementée du référentiel : « technicien » → bac+2, à son poste de technicien chez Qualiconsult Exploitation (contrôle technique de la construction, un métier de technicien BTS/DUT bâtiment-génie civil typique dans ce secteur, cohérent avec la catégorie INSEE « Techniciens »). Le premier passage avait explicitement écarté cette inférence en jugeant le métier trop générique ; je la retiens cette fois car elle correspond littéralement à l'entrée du référentiel fourni pour ce lot. Confiance plafonnée à « moyenne » comme l'exige toute inférence de ce type."
PA793362,M.,José,Gonzalez,1943-04-28,Oran,Rassemblement National,Bouches-du-Rhône,10,Ancien employé,Sans profession déclarée,Sans profession déclarée,http://www.wikidata.org/entity/Q63371021,https://fr.wikipedia.org/wiki/Jos%C3%A9_Gonzalez,inconnu,,1,1,0,mixte_public_prive,haute,"D'après Wikipédia : pied-noir arrivé à Marseille en 1962 après les accords d'Évian, il travaille d'abord sur le port (bourse aux primeurs), devient directeur d'une auto-école, puis intègre la chambre de commerce et d'industrie de Marseille (établissement public administratif) où il effectue le reste de sa carrière jusqu'à la retraite. Niveau d'études inconnu malgré recherches (Wikipédia, HATVP — page non localisée par URL devinée, recherches web bloquées par captcha) : aucune mention d'études dans la biographie. - ATTENTION — anomalie détectée dans l'index local HATVP (data/hatvp/activites.json) pour ce uid : l'entrée PA793362 mélange deux personnes homonymes. En vérifiant directement data/hatvp/declarations.xml, le vrai député (né le 28/04/1943, organe « Bouches-du-Rhône (13) », collaborateurs Gabelica/Simond/Rahou — confirmés identiques sur la fiche AN officielle) n'a AUCUNE activité professionnelle déclarée. En revanche, un second déclarant, également nommé José Gonzalez mais né le 19/08/1941, conseiller départemental du canton de Montauban-5 (Tarn-et-Garonne, étiquette PRG, confirmé par la page Wikipédia « Liste des conseillers départementaux de Tarn-et-Garonne ») et apparemment maire d'une commune du 82, a été rattaché par erreur au même uid par le script de matching (probablement via le repli nom+prénom sans correspondance de date de naissance). Les activités « dirigeant » (SMAD 82, ADIL82, HASSO, OPH TGH, SDIS82, ADT 82, AVIR 82, ADOS 82, ACCUEIL DU FORT, PRESENCE VERTE 82, SOLIHA 82, FONDATION OPTEO) et le mandat « Conseiller Départemental »/« maire » visibles dans activites.json pour PA793362 N'APPARTIENNENT PAS au député des Bouches-du-Rhône et ne doivent pas être utilisés — je ne les ai donc pas retenus. Recommande de corriger scripts/09_hatvp.py (le repli by_nom_prenom ne devrait pas s'appliquer quand une date de naissance différente est trouvée par ailleurs). Sur le fond : carrière et diplôme inchangés par rapport au premier passage (Wikipédia reste la seule source fiable : port de Marseille, auto-école, CCI Marseille jusqu'à la retraite ; aucune mention d'études, cohérent avec une arrivée à 19 ans comme réfugié pied-noir en 1962 et une entrée immédiate dans la vie active, mais je ne transforme pas cette cohérence en diplôme « bac_ou_moins » faute de source explicite)."
PA266797,M.,Philippe,Gosselin,1966-10-23,Carentan,Droite Républicaine,Manche,1,Maître de conférences à Sciences Po,Cadres administratifs et techniques de la fonction publique,Cadres et professions intellectuelles supérieures,http://www.wikidata.org/entity/Q3379940,https://fr.wikipedia.org/wiki/Philippe_Gosselin,bac+5,droit | sciences politiques,1,1,0,mixte_public_prive,haute,
PA331973,Mme,Pascale,Got,1961-04-01,Royan,Socialistes et apparentés,Gironde,5,Journaliste,Cadres administratifs et techniques de la fonction publique,Cadres et professions intellectuelles supérieures,http://www.wikidata.org/entity/Q3367676,https://fr.wikipedia.org/wiki/Pascale_Got,bac+2,communication-journalisme,1,1,0,mixte_public_prive,haute,"L'infobox et le texte Wikipédia confirment le diplôme (« Diplômée de l'IUT de journalisme de Bordeaux en 1985 ») et la profession de journaliste, mais aucun employeur de presse n'est nommé dans les sources consultées. Le HATVP révèle un épisode public antérieurement non documenté : responsable de service à la mairie de Blanquefort (Gironde) entre sa défaite de 2017 et sa réélection de 2024, en disponibilité de ce poste depuis fin 2019 puis retraite en 2023. Carrière donc mixte : journalisme (secteur privé, employeur non identifié) puis un poste territorial public."
PA721296,M.,Guillaume,Gouffier Valente,1986-02-01,Beauvais,Ensemble pour la République,Val-de-Marne,6,Manager public,Cadres administratifs et techniques de la fonction publique,Cadres et professions intellectuelles supérieures,http://www.wikidata.org/entity/Q30349376,https://fr.wikipedia.org/wiki/Guillaume_Gouffier_Valente,bac+5,droit | sciences politiques,1,1,0,mixte_public_prive,moyenne,"Secteur du poste sur la démocratie participative déduit avec prudence, l'employeur n'étant pas précisé par la source."
PA794418,Mme,Florence,Goulet,1961-06-30,Le Mêle-sur-Sarthe,Rassemblement National,Meuse,2,Cadre de la fonction publique,Cadres administratifs et techniques de la fonction publique,Cadres et professions intellectuelles supérieures,http://www.wikidata.org/entity/Q111685345,https://fr.wikipedia.org/wiki/Florence_Goulet,inconnu,,0,0,1,politique_principalement,haute,"Carrière de 24 ans comme attachée parlementaire d'élus de droite (dont Henri Guaino) confirmée par Wikipédia et affinée par sa déclaration HATVP (collaboratrice parlementaire à l'Assemblée nationale janv. 2019-juin 2021, puis assistante d'une association de financement électoral RN juil. 2021-avril 2022, avant son élection en juin 2022). La catégorie Wikipédia anglaise et un article de presse la qualifient de 'journaliste, formée au reportage rural', mais aucun employeur ni établissement de formation n'est nommé pour cette activité antérieure, donc non retenu comme diplôme. Diplôme resté inconnu malgré vérification de : fr.wikipedia, en.wikipedia, HATVP (fiche consultée, aucune mention de formation), pappers.fr (bloqué 403), nosdeputes.fr (erreur serveur), recherche web générale. - HATVP précise la date de début de son poste de collaboratrice parlementaire à l'Assemblée nationale : 07/2017 (et non 01/2019 comme indiqué au premier passage), ce qui allonge légèrement la période documentée par rapport aux « 24 ans » cités par Wikipédia pour l'ensemble de sa carrière d'attachée parlementaire — j'ai donc réparti la période en distinguant la partie « attachée d'élus divers » (jusque vers 2017) de la partie « collaboratrice à l'Assemblée nationale » documentée par HATVP (2017-2021). Sur le diplôme : la mention « journaliste, formée au reportage rural » (catégorie Wikipédia anglaise et infobox « occupation = Journalist ») a été re-vérifiée via l'article source cité par en.wikipedia (L'Express, « Policiers, profs, anciens LR... Qui sont les nouveaux députés RN ? ») : le corps de l'article est payant/vide au-delà de la légende de la photo, aucun établissement ni diplôme n'est nommé nulle part. Diplôme laissé « inconnu »."
PA720560,Mme,Perrine,Goulet,1978-03-19,Nevers,Les Démocrates,Nièvre,1,Autre cadre (secteur privé),Cadres des services administratifs et commerciaux d’entreprise,Cadres et professions intellectuelles supérieures,http://www.wikidata.org/entity/Q30349381,https://fr.wikipedia.org/wiki/Perrine_Goulet,bac+5,informatique,0,1,0,public_uniquement,haute,"EDF-GDF, entreprise publique/parapublique de l'énergie, classée ici en secteur public."
PA793592,Mme,Géraldine,Grangier,1975-02-13,Besançon,Rassemblement National,Doubs,4,Profession intermédiaire administrative de la fonction publique,Cadres administratifs et techniques de la fonction publique,Cadres et professions intellectuelles supérieures,http://www.wikidata.org/entity/Q112642381,https://fr.wikipedia.org/wiki/G%C3%A9raldine_Grangier,bac+3_4,lettres-sciences humaines,0,1,0,public_uniquement,moyenne,"Secteur public déduit de la profession déclarée officielle (« fonction publique »), l'employeur précis n'est pas donné."
PA267318,M.,Jean-Carles,Grelier,1966-03-15,Le Mans,Les Démocrates,Sarthe,5,Avocat,Professions libérales,Cadres et professions intellectuelles supérieures,http://www.wikidata.org/entity/Q30503939,https://fr.wikipedia.org/wiki/Jean-Carles_Grelier,bac+5,droit | sciences politiques,1,0,0,prive_uniquement,moyenne,"Avocat de profession, a aussi travaillé comme collaborateur politique (conseil général, cabinet de François Fillon) avant ses mandats ; le niveau d'études est déduit des établissements fréquentés et de la profession."
PA795540,M.,Daniel,Grenon,1948-07-31,Saint-Fargeau,Non inscrit,Yonne,1,"Ancien artisan, commerçant, chef d'entreprise",Sans profession déclarée,Sans profession déclarée,http://www.wikidata.org/entity/Q112653386,https://fr.wikipedia.org/wiki/Daniel_Grenon,bac_ou_moins,,1,0,0,prive_uniquement,haute,
PA840757,Mme,Monique,Griseti,1960-07-23,Marseille,Rassemblement National,Bouches-du-Rhône,1,(22) - Commerçant et assimilé,Commerçants et assimilés,"Artisans, commerçants et chefs d'entreprise",http://www.wikidata.org/entity/Q126596776,https://fr.wikipedia.org/wiki/Monique_Griseti,bac+2,commerce,1,0,0,prive_uniquement,haute,"Déclaration HATVP consultée directement : emploi salarié chez SG Menuiseries (assistante commerciale) et présidence d'une SASU personnelle (Artisanales), les deux activités étant maintenues jusqu'à son élection. Confirme le profil 'commerçante/artisane' de la profession déclarée officielle. Engagement au Front national dès 18 ans (1978) mentionné par Wikipédia mais il s'agit de militantisme, pas d'un emploi rémunéré, donc non classé en carrière politique. Diplôme resté inconnu malgré vérification de : fr.wikipedia (biographie quasi inexistante), HATVP, pappers.fr (bloqué), sycomore (base de l'Assemblée, aucune info), recherche web générale. - Nouvelle information trouvée : l'article de La Provence (17 juin 2024, cité dans le wikitext brut) précise, vérifié par curl+grep sur la page réelle : « Après des études de secrétariat de direction, Monique Griseti travaille dans l'export, dans le secrétariat » à la Joliette, avant de créer une entreprise familiale de menuiserie. Aucun établissement n'est nommé et le niveau exact n'est pas précisé par la source ; « secrétariat de direction » correspondait historiquement (fin des années 1970, période de sa scolarité) à un BTS, d'où le niveau bac+2 retenu à titre d'estimation raisonnable mais non certaine — confiance plafonnée à « moyenne » en l'absence d'établissement nommé. Carrière inchangée par rapport au lot précédent, reconfirmée directement dans le JSON HATVP local (assistante commerciale chez SG Menuiseries + présidence de la SASU Artisanales, les deux jusqu'à l'élection)."
PA794058,Mme,Justine,Gruet,1989-10-23,Besançon,Droite Républicaine,Jura,3,Masseur Kinésithérapeute,Professions libérales,Cadres et professions intellectuelles supérieures,http://www.wikidata.org/entity/Q112650572,https://fr.wikipedia.org/wiki/Justine_Gruet,bac+3_4,medecine-sante,1,0,0,prive_uniquement,haute,
PA721764,Mme,Olivia,Grégoire,1978-09-30,Paris,Ensemble pour la République,Paris,12,Chef d'entreprise,Professions libérales,Cadres et professions intellectuelles supérieures,http://www.wikidata.org/entity/Q30349408,https://fr.wikipedia.org/wiki/Olivia_Gr%C3%A9goire,bac+5,lettres-sciences humaines | communication-journalisme | gestion-commerce | sciences politiques,1,1,0,mixte_public_prive,haute,
PA1567,M.,Jérôme,Guedj,1972-01-23,Pantin,Socialistes et apparentés,Essonne,6,Inspecteur général des affaires sociales,Cadres administratifs et techniques de la fonction publique,Cadres et professions intellectuelles supérieures,http://www.wikidata.org/entity/Q3190925,https://fr.wikipedia.org/wiki/J%C3%A9r%C3%B4me_Guedj,bac+5,sciences politiques,1,1,0,mixte_public_prive,haute,"Haut fonctionnaire (IGAS) devenu ensuite chef d'entreprise de conseil, en parallèle de son engagement politique."
PA795310,Mme,Clémence,Guetté,1991-03-15,Bressuire,La France insoumise - Nouveau Front Populaire,Val-de-Marne,2,Cadre du secteur privé,Cadres administratifs et techniques de la fonction publique,Cadres et professions intellectuelles supérieures,http://www.wikidata.org/entity/Q109969696,https://fr.wikipedia.org/wiki/Cl%C3%A9mence_Guett%C3%A9,bac+5,lettres-sciences humaines | sciences politiques,0,0,1,politique_principalement,moyenne,"La profession officiellement déclarée ('cadre du secteur privé') n'est pas détaillée dans la biographie, qui ne décrit qu'un parcours politique."
PA841451,M.,Julien,Guibert,1984-05-11,Clamecy,Rassemblement National,Nièvre,2,(46) - Profession intermédiaire administrative et commerciale des entreprises,Professions intermédiaires administratives et commerciales des entreprises,Professions intermédiaires,http://www.wikidata.org/entity/Q63490360,https://fr.wikipedia.org/wiki/Julien_Guibert,inconnu,,1,0,0,prive_uniquement,haute,"Déclaration HATVP consultée directement : succession de postes commerciaux dans l'agroéquipement (Berner, STIGA, Agriculture robotique de Bourgogne), confirmant une carrière entièrement privée jusqu'à l'élection. Diplôme resté inconnu : la biographie Wikipédia est quasi vide (seulement date et lieu de naissance), la déclaration HATVP ne mentionne aucune formation, et la recherche web générale n'a rien trouvé de plus. - Aucune nouvelle piste sur le diplôme malgré l'ensemble des sources de ce second passage : JSON HATVP local (aucune mention de formation), wikidata (aucun champ education_institutions/degrees rempli), wikitext brut Wikipédia (biographie quasi vide, juste date/lieu de naissance, pas d'infobox détaillée), recherche plein texte Wikipédia (aucun article annexe exploitable), nosdeputes.fr (réponse serveur vide, comme signalé par le chercheur précédent), aucun site personnel trouvé (julien-guibert.fr et variantes ne résolvent pas). La fiche HATVP révèle en revanche deux mandats de représentation bénévole non salariés (conseil d'administration du lycée Jacques Amyot et de l'Agence régionale de la Biodiversité, 01/2018-06/2021), cohérents avec un mandat de conseiller régional détenu en parallèle de sa carrière commerciale privée — non ajoutés à la liste carrière car il s'agit de mandats électifs représentatifs et non d'un emploi. Carrière commerciale privée dans l'agroéquipement inchangée et reconfirmée par HATVP."
PA721612,Mme,Carole,Guillerm,1987-01-08,Brest,Les Démocrates,Hauts-de-Seine,12,Conseillère ministérielle,Cadres des services administratifs et commerciaux d’entreprise,Cadres et professions intellectuelles supérieures,http://www.wikidata.org/entity/Q123168033,https://fr.wikipedia.org/wiki/Carole_Guillerm,bac+5,droit,0,1,0,politique_principalement,basse,"Aucune entrée HATVP pour ce uid. L'article Wikipédia (marqué « à sourcer ») ne donne ni établissement ni diplôme. La fiche de l'Assemblée nationale (assemblee-nationale.fr/dyn/deputes/PA721612, consultée par curl) se limite à « Conseillère ministérielle » sans détail biographique. Son site de campagne (caroleguillerm.fr, page « Qui suis-je ? », texte vérifié par curl) confirme qu'elle a « travaillé sur... le Protocole de Kyoto » mais ne nomme ni employeur ni institution de formation. Les notes du batch d'origine évoquaient des études de droit à Paris 1 Panthéon-Sorbonne, Strasbourg et Helsinki puis un poste au Quai d'Orsay, à partir d'un recoupement Wikipédia/Viadeo/LinkedIn non confirmé par une source primaire ; aucune des sources consultées ici (Wikipédia, fiche AN, site personnel) ne corrobore ces établissements précis ou l'employeur « Quai d'Orsay », donc le diplôme reste inconnu conformément à la règle d'honnêteté plutôt que d'être deviné."
PA794734,M.,Michel,Guiniot,1954-11-29,Chauny,Rassemblement National,Oise,6,Ancien cadre,Cadres des services administratifs et commerciaux d’entreprise,Cadres et professions intellectuelles supérieures,http://www.wikidata.org/entity/Q63106668,https://fr.wikipedia.org/wiki/Michel_Guiniot,inconnu,,1,0,0,politique_principalement,haute,"Carrière bien documentée par Wikipédia (biographie détaillée) : artisan-commerçant pendant 26 ans à Noyon puis, à partir de 1988, cadre à plein temps du FN/RN (secrétaire départemental de l'Oise 1992-2017, secrétaire national aux fédérations puis aux élus, conseiller spécial de Marine Le Pen en 2012, direction de campagnes nationales) cumulé avec des mandats de conseiller régional. Les décennies précédant immédiatement son élection relèvent presque exclusivement de l'appareil partisan, d'où le classement politique_principalement malgré la carrière commerciale antérieure. Diplôme resté inconnu malgré vérification de : fr.wikipedia, HATVP (aucune fiche trouvée dans les résultats de recherche), pappers.fr (bloqué 403), augora.fr (page vide/JS), nosdeputes.fr (erreur serveur), recherche web générale. - Diplôme resté inconnu : le JSON HATVP local ne mentionne aucune formation, le wikitext brut Wikipédia (474 lignes, biographie très détaillée sur sa carrière politique) ne comporte pas de section éducation ni de champ « université » dans l'infobox. Carrière confirmée et légèrement précisée par HATVP : un poste salarié de « Cadre » chez « FNUF » (01/2017-12/2019) apparaît dans la déclaration ; recherche sur Wikipédia (article « Rassemblement national ») confirme que FNUF est l'acronyme légal d'origine du parti (Front National — Unité Française, 1972, très vite raccourci en usage à « FN »), donc ce poste correspond à un emploi salarié au sein de l'appareil du parti sur cette période, cohérent avec et renforçant le classement « politique_principalement » déjà retenu. Les nombreux mandats de représentation (collèges, EHPAD, SDIS, chambre régionale des comptes, etc., 2016-2021) découlent de son mandat de conseiller régional et ne sont pas ajoutés comme emplois distincts. Carrière commerciale antérieure (1975-2001) inchangée."
PA793218,M.,Jordan,Guitton,1995-01-30,Troyes,Rassemblement National,Aube,1,Assistant Parlementaire,Cadres administratifs et techniques de la fonction publique,Cadres et professions intellectuelles supérieures,http://www.wikidata.org/entity/Q112636598,https://fr.wikipedia.org/wiki/Jordan_Guitton,bac+3_4,droit,0,0,1,politique_principalement,moyenne,"Wikipédia précise qu'il « suit des études de droit au centre universitaire de Troyes » (université de Reims-Champagne-Ardenne) sans jamais dire qu'il en est diplômé (source citée : L'Est Éclair, article payant, non consultable) ; le diplôme reste donc inconnu plutôt que déduit. La carrière est en revanche bien documentée et concordante entre Wikipédia et le HATVP : attaché parlementaire à temps partiel de l'eurodéputé RN Philippe Olivier, poste confirmé par le HATVP sous l'intitulé « ASSISTANT PARLEMENTAIRE, PARLEMENT EUROPEEN » (09/2018-06/2022). Aucune autre activité professionnelle trouvée avant son élection de 2022 à 27 ans."
PA795258,M.,Frantz,Gumbs,1954-01-21,Saint-Martin,Les Démocrates,Saint-Barthélemy et Saint-Martin,1,Personnel de direction de l'éducation nationale retraité,Cadres administratifs et techniques de la fonction publique,Cadres et professions intellectuelles supérieures,http://www.wikidata.org/entity/Q3083060,https://fr.wikipedia.org/wiki/Frantz_Gumbs,bac+2,sciences | enseignement,0,1,0,public_uniquement,haute,"Diplôme et carrière détaillée trouvés sur la fiche du Mouvement démocrate (mouvementdemocrate.fr, consultée directement) : titulaire d'un DUT de biologie appliquée, il fait toute sa carrière dans l'enseignement technique puis la direction d'établissements scolaires (maître auxiliaire, professeur, directeur de GRETA, principal adjoint, proviseur adjoint, proviseur), confirmée en cohérence avec Wikipédia et sa profession déclarée officielle ('personnel de direction de l'éducation nationale retraité'). Le DUT est le seul diplôme explicitement nommé par la source ; sa progression jusqu'à proviseur suggère une qualification supplémentaire (par exemple une certification via concours interne) mais aucune source ne la documente, donc le niveau retenu reste celui du diplôme confirmé (bac+2)."
PA842013,M.,Steevy,Gustave,1970-02-05,Arpajon,Écologiste et Social,Essonne,3,"(35) - Profession de l'information, des arts et des spectacles",Chefs d'entreprise de plus de 10 personnes,"Artisans, commerçants et chefs d'entreprise",http://www.wikidata.org/entity/Q126737229,https://fr.wikipedia.org/wiki/Steevy_Gustave,inconnu,,1,0,0,prive_uniquement,haute,"Carrière artistique et entrepreneuriale bien documentée (fr.wikipedia, en.wikipedia, article LCP, article de presse locale mesinfos.fr) : danseur hip-hop puis chorégraphe de France Gall, producteur d'événements, puis fondateur de sa propre société événementielle (Labelife Events SAS), cohérent avec sa catégorie INSEE ('chef d'entreprise de plus de 10 personnes'). Bref passage en cabinet ministériel en 2015 (chargé de mission Justice) sans que cela devienne le cœur de carrière. Diplôme resté inconnu malgré vérification de : fr.wikipedia, en.wikipedia, page LCP 'La politique et moi', article mesinfos.fr, recherche web générale — aucune de ces sources ne mentionne d'école, de niveau d'études ou de diplôme ; son parcours est présenté comme autodidacte, passionné de danse hip-hop dès l'adolescence. - Diplôme toujours introuvable : JSON HATVP local sans mention de formation, wikitext brut Wikipédia (227 lignes) sans section éducation ni infobox détaillée sur ce point, article TV5 Monde et page LCP déjà consultés au premier passage, nouvel essai de l'article TV5 Monde bloqué par curl (paywall/JS, contenu non exploitable). HATVP confirme la date précise de prise de présidence de Labelife Events SAS (juin 2019, au lieu de « depuis 2019 » approximatif) et révèle deux engagements associatifs/militants non salariés (La Marche pour le Climat Essonne depuis 03/2023, Brétigny Transition depuis 05/2021), non ajoutés comme carrière professionnelle car il s'agit de bénévolat militant local. Reste de la carrière inchangé."
PA794470,Mme,Félicie,Gérard,1974-01-28,Saint-Quentin,Horizons & Indépendants,Nord,7,Chef de projet,Cadres des services administratifs et commerciaux d’entreprise,Cadres et professions intellectuelles supérieures,http://www.wikidata.org/entity/Q112651528,https://fr.wikipedia.org/wiki/F%C3%A9licie_G%C3%A9rard,inconnu,,1,0,0,prive_uniquement,haute,"Wikipédia confirme un parcours entièrement salarié chez Enedis (conseiller clients industriels 2007-2017 puis chef de projet en 2022), en cohérence avec sa profession déclarée ('chef de projet') ; parcours politique local (adjointe au maire de Wasquehal) mené en parallèle, non professionnel. Diplôme resté inconnu malgré vérification de : fr.wikipedia (section 'Éducation et famille' ne traite que de vie associative, pas d'études), HATVP (aucune fiche trouvée), pappers.fr (bloqué 403), nosdeputes.fr (erreur serveur), recherche web générale. - Diplôme resté inconnu malgré nouvelle vérification : JSON HATVP local sans champ formation, wikitext brut Wikipédia (infobox sans champ université, section « Éducation et famille » ne traitant que de vie associative comme relevé au premier passage). HATVP précise et corrige légèrement les dates du second poste chez Enedis : « Chargée de Projet » du 01/2019 au 06/2022 (et non simplement « 2022 » comme indiqué précédemment), ce qui comble en partie l'écart 2017-2019 même si l'activité exacte sur cette période reste incertaine. Reste de la carrière inchangé."
PA1592,M.,David,Habib,1961-03-16,Paris,"Libertés, Indépendants, Outre-mer et Territoires",Pyrénées-Atlantiques,3,Cadre,Cadres des services administratifs et commerciaux d’entreprise,Cadres et professions intellectuelles supérieures,http://www.wikidata.org/entity/Q3018028,https://fr.wikipedia.org/wiki/David_Habib,bac+5,sciences-politiques,0,0,1,politique_principalement,moyenne,"L'infobox et le texte Wikipédia confirment l'IEP de Bordeaux, diplômé en 1983 (sourcé). Le niveau exact d'équivalence est incertain : en 1983, avant la réforme LMD des IEP (généralisée au début des années 2000), le diplôme d'IEP correspondait à un cycle de 3 ans post-bac, souvent assimilé à une maîtrise (bac+4) plutôt qu'à un master (bac+5) au sens actuel ; faute de règle explicite dans les consignes pour ce cas, bac+5 est retenu par convention usuelle (grade reconnu aujourd'hui pour un diplôme d'IEP) mais la confiance est plafonnée à moyenne du fait de cette ambiguïté. Aucun employeur, privé ou public, n'a été trouvé pour la période entre l'obtention du diplôme (1983) et son premier mandat électif de conseiller municipal de Mourenx (1989) : la biographie Wikipédia très détaillée et sourcée ne mentionne aucune activité professionnelle, et sa déclaration HATVP a une liste « activités » vide. Sa profession déclarée à l'Assemblée nationale (« Cadre ») n'est adossée à aucun employeur identifiable dans les sources consultées."
PA841471,M.,Stéphane,Hablot,1965-06-30,Mont-Saint-Martin,Socialistes et apparentés,Meurthe-et-Moselle,2,Education nationale,"Professions de l’enseignement primaire et professionnel, de la formation continue et du sport",Professions intermédiaires,http://www.wikidata.org/entity/Q63765570,https://fr.wikipedia.org/wiki/St%C3%A9phane_Hablot,bac+3_4,enseignement,0,1,0,public_uniquement,moyenne,"Wikipédia le décrit comme 'professeur dans l'enseignement secondaire et technique' avant de devenir maire de Vandœuvre-lès-Nancy en 2008 (mandat tenu 16 ans jusqu'à son élection de député, conformément à la règle de non-cumul). Sa déclaration HATVP, consultée directement, ne liste aucune activité professionnelle rémunérée ('Néant'), seulement des mandats électifs — cohérent avec une carrière d'enseignant achevée avant la période couverte par la déclaration. Le niveau de diplôme est une inférence à partir du statut de professeur titulaire de l'enseignement secondaire technique (concours CAPET/PLP, qui exigeait a minima une licence à l'époque probable de son entrée dans le métier, milieu des années 1980) : aucune source ne nomme d'établissement ni de diplôme précis, donc confiance limitée à 'moyenne'."
PA842263,Mme,Ayda,Hadizadeh,1982-02-12,Téhéran,Socialistes et apparentés,Val-d'Oise,2,(37) - Cadre administratif et commercial d'entreprise,Cadres administratifs et techniques de la fonction publique,Cadres et professions intellectuelles supérieures,http://www.wikidata.org/entity/Q127256464,https://fr.wikipedia.org/wiki/Ayda_Hadizadeh,bac+3_4,,1,1,0,mixte_public_prive,moyenne,"Carrière confirmée par fr.wikipedia, en.wikipedia et un article de presse locale (mesinfos.fr) : plusieurs années au ministère de l'Éducation nationale (direction générale de l'enseignement scolaire, dates précises non données), puis direction générale de la Fondation Mozaïk (2021-2022, insertion professionnelle des publics discriminés) et délégation générale de l'association 'Les Oubliés de la République' depuis 2023 ; ces deux dernières activités associatives sont classées ici comme 'worked_private' faute de catégorie dédiée dans le schéma, distinctes de la fonction publique. Diplôme resté totalement inconnu malgré vérification de : fr.wikipedia, en.wikipedia, article mesinfos.fr dédié ('de l'Éducation nationale à l'Assemblée'), site de campagne personnel (ayda-deputee.fr, y compris une page intitulée 'Education' qui ne traite en réalité que de ses commissions parlementaires), recherche web générale — aucune mention d'université, d'école ou de diplôme. - Diplôme inconnu, mais inférence de profession réglementée retenue : son poste de « cheffe de bureau » à la DGESCO du ministère de l'Éducation nationale correspond à une fonction de catégorie A de la fonction publique d'État, ce qui justifie un niveau bac+3_4 par analogie avec la règle « attaché territorial / catégorie A », d'où confiance plafonnée à « moyenne » (aucun établissement ni diplôme nommé dans les sources). Un blog personnel de 2015 (commedesreines.wordpress.com, vérifié par curl+grep) décrit son parcours scolaire jusqu'au lycée (classe musicale à Cergy, section européenne, BAFA à 17 ans) mais s'arrête avant l'enseignement supérieur et ne mentionne aucun diplôme précis ; l'article du Point (2025) est bloqué par un paywall (contenu quasi vide au fetch) ; l'article mesinfos.fr est également verrouillé côté contenu (uniquement du texte de navigation récupéré). HATVP local apporte en revanche une précision cruciale sur la carrière : dates exactes du poste DGESCO (09/2016-08/2020, et non « plusieurs années non précisées »), ajout d'un poste inédit de directrice du développement scientifique international à l'Université CY (09/2020-08/2021, secteur public, comblant l'écart avant la Fondation Mozaïk), et titre exact « directrice générale adjointe » (et non « directrice générale ») à la Fondation Mozaïk (09/2021-08/2022). L'adjointe au maire est ajoutée à la carrière avec dates précises (mai 2020-septembre 2024) tirées de l'infobox Wikipédia brute, jusqu'ici absente de la liste carrière. Les activités associatives (Fondation Mozaïk, Les Oubliés de la République) restent comptées comme « worked_private » faute de catégorie dédiée dans le schéma, comme au premier passage."
PA841947,Mme,Zahia,Hamdane,1965-05-14,Amiens,La France insoumise - Nouveau Front Populaire,Somme,2,(43) - Profession intermédiaire de la santé et du travail social,"Professions de l’enseignement primaire et professionnel, de la formation continue et du sport",Professions intermédiaires,http://www.wikidata.org/entity/Q127224995,https://fr.wikipedia.org/wiki/Zahia_Hamdane,bac+3_4,autre,0,0,0,public_uniquement,moyenne,"Carrière entièrement associative dans la protection de l'enfance (mission d'intérêt social proche du service public), sans emploi privé ni fonction publique classique identifié."
PA795900,Mme,Marine,Hamelet,1967-07-13,Savigny-sur-Orge,Rassemblement National,Tarn-et-Garonne,2,Profession intermédiaire administrative et commerciale des entreprises,Employés de commerce,Employés,http://www.wikidata.org/entity/Q112652898,https://fr.wikipedia.org/wiki/Marine_Hamelet,bac+2,droit | gestion-commerce,1,0,0,prive_uniquement,haute,
PA722070,M.,Pierre,Henriet,1991-11-26,Fontenay-le-Comte,Horizons & Indépendants,Vendée,5,Professeur du secondaire et technique,"Professions de l’enseignement primaire et professionnel, de la formation continue et du sport",Professions intermédiaires,http://www.wikidata.org/entity/Q30349445,https://fr.wikipedia.org/wiki/Pierre_Henriet,bac+5,education,0,1,0,public_uniquement,moyenne,"Niveau de diplôme déduit de la profession (le CAPES/CAPET requiert un master depuis la mastérisation), non détaillé explicitement dans la biographie."
PA1630,M.,Michel,Herbillon,1951-03-06,Saint-Mandé,Droite Républicaine,Val-de-Marne,8,Cadre supérieur,Cadres des services administratifs et commerciaux d’entreprise,Cadres et professions intellectuelles supérieures,http://www.wikidata.org/entity/Q924976,https://fr.wikipedia.org/wiki/Michel_Herbillon,bac+5,sciences politiques,1,1,0,mixte_public_prive,moyenne,La biographie reste vague sur les employeurs précis durant ses 23 ans dans le secteur privé.
PA841813,Mme,Florence,Herouin-Léautey,1972-12-28,Paris,Socialistes et apparentés,Seine-Maritime,1,(33) - Cadre de la fonction publique,Cadres administratifs et techniques de la fonction publique,Cadres et professions intellectuelles supérieures,http://www.wikidata.org/entity/Q126688666,https://fr.wikipedia.org/wiki/Florence_H%C3%A9rouin-L%C3%A9autey,bac+3_4,,0,1,0,public_uniquement,haute,"Wikipédia confirme qu'elle était attachée territoriale (fonction publique territoriale, catégorie A) avant de devenir élue locale à Rouen puis adjointe au maire chargée des écoles. Fille de Pierre Léautey, ancien maire de Mont-Saint-Aignan et ancien député. Le grade d'attaché territorial s'obtient généralement par un concours externe qui exige a minima une licence, mais il existe aussi des voies de concours interne sans ce prérequis ; en l'absence de source nommant un établissement ou un diplôme précis, le niveau est resté 'inconnu' plutôt que déduit. Vérifié : fr.wikipedia, article ici.fr (aucune information biographique supplémentaire), HATVP (aucune fiche trouvée), recherche web générale. - Diplôme inconnu, mais inférence de profession réglementée retenue cette fois : le grade d'attaché territorial (catégorie A de la fonction publique territoriale) implique en règle générale un niveau licence, d'où bac+3_4 retenu conformément à la grille d'inférence de ce lot, confiance plafonnée à « moyenne ». Le chercheur précédent avait choisi de ne pas faire cette inférence en raison de l'existence d'une voie de concours interne sans prérequis de licence ; ce doute subsiste (aucune source ne précise la voie de recrutement ni un établissement), d'où le maintien à « moyenne » plutôt qu'à « haute ». HATVP local précise la date de début exacte de son poste d'attachée territoriale (janvier 2015, au lieu de « avant 2020 » vague) et la mise à disposition auprès de l'Agence Régionale de l'Orientation et des Métiers depuis février 2020, avec disponibilité pour mandat électif à partir de septembre 2021 — carrière mise à jour avec ces dates précises. Wikitext brut Wikipédia et fiche AN ne contiennent aucune information supplémentaire sur les études."
PA840947,Mme,Catherine,Hervieu,1958-05-09,Meknès,Écologiste et Social,Côte-d'Or,2,Psychologue scolaire,Sans profession déclarée,Sans profession déclarée,http://www.wikidata.org/entity/Q112657434,https://fr.wikipedia.org/wiki/Catherine_Hervieu,bac+5,medecine-sante | enseignement,0,1,0,public_uniquement,moyenne,"Sa profession déclarée officielle ('psychologue scolaire') et plusieurs sources confirment un parcours enseignante puis psychologue au sein de l'Éducation nationale, complété par un engagement associatif environnemental (France Nature Environnement, Atmo Bourgogne Franche-Comté). Le titre de psychologue est une profession réglementée en France (loi du 25 juillet 1985) qui exige légalement une licence puis un master de psychologie (ou DESS/DEA avant la réforme LMD) : c'est une inférence de ce type, donc confiance plafonnée à 'moyenne' comme demandé, et aucun établissement n'est nommé. Vérifié : site personnel catherinehervieu.fr (aucune info biographique sur les études), page 'Les Écologistes de Bourgogne' (bloquée, 403), fr.wikipedia, recherche web générale."
PA841853,Mme,Céline,Hervieu,1993-08-19,Paris,Socialistes et apparentés,Paris,11,(31) - Profession libérale,Professions libérales,Cadres et professions intellectuelles supérieures,http://www.wikidata.org/entity/Q106489533,https://fr.wikipedia.org/wiki/C%C3%A9line_Hervieu,bac+5,droit | lettres-sciences humaines | sciences politiques,0,1,0,public_uniquement,moyenne,"A aussi une expérience associative (ONG, Cimade, France Terre d'Asile)."
PA608416,M.,Patrick,Hetzel,1964-07-02,Phalsbourg,Droite Républicaine,Bas-Rhin,7,Professeur des Universités,Cadres administratifs et techniques de la fonction publique,Cadres et professions intellectuelles supérieures,http://www.wikidata.org/entity/Q3369516,https://fr.wikipedia.org/wiki/Patrick_Hetzel,doctorat,gestion-commerce,0,1,0,public_uniquement,haute,"Carrière presque intégralement dans l'enseignement supérieur public et la haute administration, avec un court passage en cabinet ministériel."
PA794082,Mme,Mathilde,Hignet,1993-06-10,Rennes,La France insoumise - Nouveau Front Populaire,Ille-et-Vilaine,4,Ouvrière agricole,"Ouvriers agricoles, des travaux forestiers, de la pêche et de l’aquaculture",Ouvriers,http://www.wikidata.org/entity/Q112642303,https://fr.wikipedia.org/wiki/Mathilde_Hignet,bac_ou_moins,agriculture | autre,1,0,0,prive_uniquement,moyenne,Statut public/privé de l'Ehpad où elle a travaillé non précisé dans la source.
PA1654,M.,François,Hollande,1954-08-12,Rouen,Socialistes et apparentés,Corrèze,1,Conseiller référendaire à la Cour des comptes,Cadres administratifs et techniques de la fonction publique,Cadres et professions intellectuelles supérieures,http://www.wikidata.org/entity/Q157,https://fr.wikipedia.org/wiki/Fran%C3%A7ois_Hollande,bac+5,sciences politiques | droit | gestion-commerce,0,1,0,public_uniquement,haute,
PA722150,M.,Sacha,Houlié,1988-10-08,Bressuire,Socialistes et apparentés,Vienne,2,Avocat,Professions libérales,Cadres et professions intellectuelles supérieures,http://www.wikidata.org/entity/Q30349465,https://fr.wikipedia.org/wiki/Sacha_Houli%C3%A9,bac+5,droit,1,0,0,prive_uniquement,haute,
PA793632,M.,Timothée,Houssin,1988-07-29,Lille,Rassemblement National,Eure,5,Cadre,Cadres des services administratifs et commerciaux d’entreprise,Cadres et professions intellectuelles supérieures,http://www.wikidata.org/entity/Q63313476,https://fr.wikipedia.org/wiki/Timoth%C3%A9e_Houssin,bac+5,commerce,0,0,1,politique_principalement,haute,"Correction par rapport au champ « actuel » du batch (qui indiquait prive_uniquement, confiance basse) : la biographie Wikipédia, très détaillée et sourcée, montre qu'il « s'installe en Normandie pour intégrer une école de commerce à Rouen » (nom de l'école non précisé, jamais dit diplômé — donc diplôme laissé à inconnu plutôt que bac+5), et que toute sa carrière adulte documentée est celle d'un collaborateur politique/parlementaire rémunéré : attaché parlementaire de l'eurodéputé FN Nicolas Bay (2014-2015, objet de la mise en examen puis de la condamnation dans l'affaire des emplois présumés fictifs d'assistants du FN/RN au Parlement européen — condamné en 2025 puis en appel en 2026 à du sursis et à une peine d'inéligibilité), puis assistant parlementaire de l'eurodéputée Annika Bruna (2017-2022), confirmé par le HATVP. Un bref épisode « Gestion des fédérations » chez « FNUF » (01-08/2017) reste d'employeur/secteur non identifiable (recherche Wikipédia et pappers.fr infructueuses, ce dernier bloqué par Cloudflare)."
PA842085,M.,Sébastien,Humbert,1990-07-10,Epinal,Rassemblement National,Vosges,4,(33) - Cadre de la fonction publique,Cadres administratifs et techniques de la fonction publique,Cadres et professions intellectuelles supérieures,http://www.wikidata.org/entity/Q126936549,https://fr.wikipedia.org/wiki/S%C3%A9bastien_Humbert_(homme_politique),bac+2,informatique,0,1,0,public_uniquement,haute,Parcours passant d'un emploi technique dans la fonction publique à des fonctions de collaborateur politique.
PA841017,M.,Harold,Huwart,1982-01-03,Chartres,"Libertés, Indépendants, Outre-mer et Territoires",Eure-et-Loir,3,Administrateur de l'État,Cadres administratifs et techniques de la fonction publique,Cadres et professions intellectuelles supérieures,http://www.wikidata.org/entity/Q33104478,https://fr.wikipedia.org/wiki/Harold_Huwart,bac+5,lettres-sciences humaines | sciences politiques,0,1,0,public_uniquement,moyenne,"Carrière d'administrateur de l'État déduite de la profession déclarée et du cursus ENA, non détaillée dans la biographie."
PA267200,M.,Sébastien,Huyghe,1969-10-25,Béthune,Ensemble pour la République,Nord,5,Notaire,Professions libérales,Cadres et professions intellectuelles supérieures,http://www.wikidata.org/entity/Q3510140,https://fr.wikipedia.org/wiki/S%C3%A9bastien_Huyghe,bac+5,droit | gestion-commerce,1,,0,prive_uniquement,moyenne,"La biographie ne précise pas explicitement son activité de notaire avant 2002, mais la profession déclarée l'indique."
PA795954,Mme,Catherine,Ibled,1975-05-25,Neuilly-Sur-Seine,Ensemble pour la République,Paris,13,Directrice adjointe de la communication,Cadres des services administratifs et commerciaux d’entreprise,Cadres et professions intellectuelles supérieures,http://www.wikidata.org/entity/Q122533029,https://fr.wikipedia.org/wiki/Catherine_Ibled,bac+3_4,arts | communication-journalisme | commerce,1,1,0,mixte_public_prive,haute,"Parcours détaillé et daté trouvé via contexte.com (source de veille politique/économique fiable, consultée directement) : diplômée d'histoire de l'art à Paris I Panthéon-Sorbonne (juillet 1998), puis chargée de communication au conseil régional de Picardie (public, 1999-2000), plus d'une décennie dans la régie publicitaire/commerciale du journal Les Échos (privé, 2000-2012), puis dirigeante de sa propre agence de conseil en communication C2C et de la structure de holding Com'As. Devenue députée en novembre 2025 comme suppléante de David Amiel. Le niveau exact du diplôme (licence vs maîtrise) n'est pas précisé par la source, d'où le choix de 'bac+3_4'."
PA794022,M.,Jérémie,Iordanoff,1983-02-02,Laxou,Écologiste et Social,Isère,5,Artiste-peintre,Cadres administratifs et techniques de la fonction publique,Cadres et professions intellectuelles supérieures,http://www.wikidata.org/entity/Q112650363,https://fr.wikipedia.org/wiki/J%C3%A9r%C3%A9mie_Iordanoff,bac_ou_moins,arts,1,0,0,politique_principalement,haute,"Carrière bien documentée par la déclaration HATVP (dépôt du 16/07/2025) : attaché parlementaire de Jean-Louis Roumégas (2012-2017), secrétaire national adjoint d'EELV rémunéré (2019-2022), et activité d'artiste-peintre indépendant aux revenus modestes et irréguliers (0 à 8 174 €/an entre 2018 et 2024). L'essentiel de la vie active semble s'être déroulé dans des fonctions politiques (attaché parlementaire à temps plein puis cadre de parti rémunéré), d'où le profil « politique_principalement », mais l'activité artistique indépendante réelle empêche de cocher political_career_only. Niveau d'études inconnu : scolarité en lycée d'arts appliqués, tentative d'études de mathématiques abandonnée, études de droit engagées puis formation en informatique menée à bien, mais aucun diplôme final n'est mentionné dans la source déjà identifiée (petit-bulletin.fr). Sources consultées cette session : Wikipedia FR (article complet), fiche HATVP. Les moteurs de recherche (WebSearch, DuckDuckGo, Bing, Brave, Mojeek, Yandex, Marginalia) étaient tous indisponibles ou bloqués (quota épuisé / anti-bot) pendant cette session, empêchant une recherche d'éducation complémentaire. - Nouvelle information vérifiée par curl+grep sur l'interview petit-bulletin.fr (source déjà citée dans le wikitext brut de son article, non consultée par le chercheur précédent) : « Issu d'un lycée Arts appliqués, Jérémie Iordanoff déroule un parcours en pointillés [...] ""échec cuisant"" en filière mathématiques [...] le peintre bosse dans l'informatique grâce à une formation réussie. » Cela indique une scolarité en lycée technique/professionnel d'arts appliqués (niveau bac), un passage raté en filière mathématiques à l'université (études non menées à terme), puis une « formation » réussie en informatique dont le niveau exact (stage court, titre professionnel, ou diplôme type BTS/DUT) n'est pas précisé par la source. En l'absence de confirmation d'un diplôme post-bac obtenu, le niveau retenu est « bac_ou_moins » par prudence (aucun diplôme d'enseignement supérieur explicitement validé), avec confiance « moyenne » compte tenu de l'ambiguïté sur la formation informatique. Carrière inchangée, HATVP confirmant les revenus d'artiste-peintre (10/2018-06/2024) et le poste de dirigeant à EELV (12/2019-07/2022, dates précises)."
PA722374,M.,Cyrille,Isaac-Sibille,1958-04-30,Lyon,Les Démocrates,Rhône,12,Médecin,Professions libérales,Cadres et professions intellectuelles supérieures,http://www.wikidata.org/entity/Q30342132,https://fr.wikipedia.org/wiki/Cyrille_Isaac-Sibille,doctorat,medecine-sante,1,0,0,prive_uniquement,moyenne,"Le détail de l'exercice (cabinet libéral vs hôpital) n'est pas précisé, mais profession libérale déclarée."
PA794598,M.,Laurent,Jacobelli,1969-10-13,Thiais,Rassemblement National,Moselle,8,"Profession de l'information, des arts et des spectacles",Cadres administratifs et techniques de la fonction publique,Cadres et professions intellectuelles supérieures,http://www.wikidata.org/entity/Q17632457,https://fr.wikipedia.org/wiki/Laurent_Jacobelli,bac+5,economie-gestion | communication-journalisme,1,1,0,mixte_public_prive,haute,"Carrière très bien documentée et datée par le wikitexte Wikipédia (section « Vie privée et carrière », sourcée à Le Monde, L'Opinion, Le Point, Stratégies) : deux diplômes de commerce nommés (ESSEC 1992, ESCP 1993), puis une carrière de vingt ans dans l'audiovisuel privé (TF1, Coyote, FremantleMedia, Sunny Prod, Zodiak Kids/Marathon Media), avec un passage chez TV5 Monde (2005-2008), chaîne internationale à capitaux publics/consortium de diffuseurs publics, classée ici « public ». Le HATVP confirme ensuite le poste de délégué national du RN (2017-2022), poste politique rémunéré, avant son élection de 2022."
PA720354,M.,Jean-Michel,Jacques,1968-02-29,Metz,Ensemble pour la République,Morbihan,6,Infirmier des forces spéciales,"Professions de l’enseignement primaire et professionnel, de la formation continue et du sport",Professions intermédiaires,http://www.wikidata.org/entity/Q30338881,https://fr.wikipedia.org/wiki/Jean-Michel_Jacques,bac+3_4,medecine-sante,0,1,0,public_uniquement,moyenne,"Détails issus principalement des données Wikidata, la biographie trimmed étant très courte."
PA841439,M.,Pascal,Jenft,1966-11-29,Sarreguemines,Rassemblement National,Moselle,5,(21) - Artisan,Artisans,"Artisans, commerçants et chefs d'entreprise",http://www.wikidata.org/entity/Q62663934,https://fr.wikipedia.org/wiki/Pascal_Jenft,inconnu,,1,1,0,mixte_public_prive,haute,"Carrière de gendarme motocycliste pendant une vingtaine d'années (Wikipedia), suivie de la fondation en mars 2005 de l'entreprise de menuiserie FERMAP à Forbach/Sarreguemines, confirmée par le site de l'entreprise (« Créée en Mars 2005 par Pascal JENFT ») et par sa fiche dirigeant Infonet (gérant de FERMAP GEST). Aucun diplôme n'a été trouvé malgré plusieurs recherches ciblées. Sources consultées : Wikipedia FR, fermap.fr, infonet.fr. Les moteurs de recherche web étaient indisponibles/bloqués (WebSearch quota épuisé, DuckDuckGo et Brave anti-bot, Bing renvoyant des résultats non pertinents) pendant une bonne partie de cette session, limitant la recherche de sources de presse régionale supplémentaires et d'informations sur sa formation. - Diplôme toujours introuvable : JSON HATVP local sans champ formation, wikitext brut Wikipédia très court sans infobox détaillée. Le métier de gendarme n'est pas retenu pour une inférence de diplôme (le recrutement de sous-officier de gendarmerie ne correspond pas clairement à une des catégories listées dans la grille d'inférence) et « chef d'entreprise » est explicitement exclu par les règles. HATVP précise la structure de son entreprise de menuiserie : gérant non salarié de FERMAP-GEST (01/2018-02/2021), puis passage en direction salariée de la même structure (03/2021-03/2024) et poste d'assistant chez FERMAP (09/2020-07/2024, démission en juillet 2024) — cela affine sans changer le récit global (fondateur-gérant de l'entreprise de menuiserie depuis 2005, carrière antérieure de gendarme motocycliste)."
PA719778,M.,François,Jolivet,1966-03-21,Chateauroux,Horizons & Indépendants,Indre,1,Cadre supérieur (secteur privé),Cadres des services administratifs et commerciaux d’entreprise,Cadres et professions intellectuelles supérieures,http://www.wikidata.org/entity/Q30349518,https://fr.wikipedia.org/wiki/Fran%C3%A7ois_Jolivet,bac+5,droit | gestion-commerce,0,1,0,public_uniquement,haute,
PA794030,M.,Alexis,Jolly,1990-12-22,Besançon,Rassemblement National,Isère,6,Commerçant et assimilé,Commerçants et assimilés,"Artisans, commerçants et chefs d'entreprise",http://www.wikidata.org/entity/Q62887660,https://fr.wikipedia.org/wiki/Alexis_Jolly,inconnu,,1,0,0,prive_uniquement,haute,"Déclaration HATVP (dépôt du 23/01/2025) très détaillée, consultée directement : deux passages comme attaché parlementaire RN (2017-2019 puis 2019), en parallèle d'une activité continue et durable de diffuseur de presse indépendant (2017-2021) puis de libraire (SARL Piste Verte, 2021-2025, activité toujours en cours au dépôt de la déclaration), plus une activité ponctuelle d'examinateur vacataire à l'INSEEC et de consultant en micro-entreprise. L'activité économique privée/indépendante est la plus continue et la plus longue, d'où le classement « prive_uniquement » malgré les deux mandats d'attaché parlementaire (indiqués en secteur politique dans le détail de carrière pour transparence). Aucun diplôme n'a été trouvé (Wikipedia, fiche AN, HATVP ne mentionnent pas de formation). - Aucune nouvelle piste sur le diplôme : JSON HATVP local (très détaillé sur la carrière mais sans aucun champ formation), wikitext brut Wikipédia sans infobox détaillée, sans section éducation. La déclaration HATVP relue directement confirme exactement les mêmes postes et dates que celles déjà connues (attaché parlementaire RN à deux reprises, diffuseur de presse, vacations INSEEC, micro-entreprise de conseil, puis librairie Piste Verte) : aucune divergence, carrière laissée inchangée."
PA841749,Mme,Tiffany,Joncour,1989-09-02,Lyon 8,Rassemblement National,Rhône,13,(37) - Cadre administratif et commercial d'entreprise,Professions intermédiaires administratives et commerciales des entreprises,Professions intermédiaires,http://www.wikidata.org/entity/Q126599494,https://fr.wikipedia.org/wiki/Tiffany_Joncour,inconnu,,1,0,0,prive_uniquement,haute,"Sa carrière professionnelle est qualifiée de « floue » par la presse (Wikipedia FR) et son profil « discret, loin des estrades et des plateaux de télévision » (lemalpensant.fr). Elle est décrite comme « commerciale sans emploi » au moment de son élection en 2024. Aucun employeur nommé n'a pu être identifié malgré plusieurs recherches, y compris un article de presse consacré spécifiquement à sa biographie. Aucune information sur sa formation n'a été trouvée. Le secteur « privé » est retenu par déduction de la catégorie INSEE (« cadre administratif et commercial d'entreprise », qui exclut la fonction publique par définition), mais sans confirmation d'un employeur précis, d'où la confiance basse. Sources consultées : Wikipedia FR, fiche AN, lemalpensant.fr, Wikidata (occupations : cadres administratifs et commerciaux d'entreprise). Les moteurs de recherche généralistes étaient indisponibles/bloqués pendant une large partie de cette session. - Amélioration nette par rapport au premier passage (confiance « basse », employeur totalement inconnu) : le JSON HATVP local, non consulté lors du premier passage, révèle deux employeurs nommés et datés — assistante administrative chez IHL (06/2018-09/2018) et commerciale chez S France (09/2020-07/2023) — ce qui correspond bien à sa profession déclarée officielle (« cadre/profession intermédiaire administrative et commerciale d'entreprise ») et confirme un profil entièrement privé. La confiance est donc relevée à « haute » pour la carrière. Diplôme resté inconnu : le wikitext brut Wikipédia (infobox « université » vide, article axé sur ses accointances identitaires et sa vie politique) et l'article Mediapart cité en référence (payant, non accessible) ne fournissent aucune information sur ses études ; l'article confirme seulement qu'elle était « commerciale sans emploi » au moment de son élection, à la suite d'une carrière professionnelle qualifiée de « floue » par la presse — description désormais partiellement infirmée par les deux emplois retrouvés dans HATVP."
PA840745,M.,Édouard,Jordan,1987-11-06,Carcassone,Rassemblement National,Aude,1,Inspecteur des finances publiques,Cadres administratifs et techniques de la fonction publique,Cadres et professions intellectuelles supérieures,http://www.wikidata.org/entity/Q127413618,https://fr.wikipedia.org/wiki/%C3%89douard_Jordan_(homme_politique),bac+5,sciences politiques | economie,0,1,0,public_uniquement,haute,
PA841075,Mme,Sylvie,Josserand,1968-08-23,Mâcon,Rassemblement National,Gard,6,(31) - Profession libérale,Professions libérales,Cadres et professions intellectuelles supérieures,http://www.wikidata.org/entity/Q61861497,https://fr.wikipedia.org/wiki/Sylvie_Josserand,doctorat,droit,1,1,0,mixte_public_prive,haute,
PA720038,Mme,Sandrine,Josso,1975-09-19,Guérande,Les Démocrates,Loire-Atlantique,7,Autre profession libérale,Professions libérales,Cadres et professions intellectuelles supérieures,http://www.wikidata.org/entity/Q30343090,https://fr.wikipedia.org/wiki/Sandrine_Josso,inconnu,medecine-sante,1,0,0,prive_uniquement,moyenne,"Une enquête de presse (breizh-info.com, 2019) documente en détail son activité professionnelle réelle : ouverture d'un cabinet de coaching/consultation en nutrition à Vannes en mars 2007, avec des antennes à Bruz, Guérande et Pontchâteau, vente de consultations et de compléments alimentaires, quelques interventions à l'IPDD ; la société a connu une procédure de redressement judiciaire (cessation des paiements au 01/02/2014, jugement du 07/08/2015) puis une liquidation close le 29/01/2018. La même enquête affirme n'avoir trouvé aucune trace des diplômes qu'elle revendiquait (« ingénieur en nutrition et diplômée en communication », un master en coaching en Angleterre jamais terminé) : ces titres sont donc traités comme non vérifiés et non retenus, conformément à la note déjà présente dans le jeu de données. Le titre « diététicienne » figurant dans l'infobox Wikipedia n'est pas un motif suffisant d'inférence de diplôme d'État compte tenu de cette controverse documentée. Sources : breizh-info.com (enquête), Wikipedia FR, fiche AN. - Diplôme laissé volontairement à « inconnu » malgré l'infobox du wikitext brut Wikipédia qui indique « profession = Diététicienne » : cette mention n'est pas retenue comme preuve d'un diplôme, car l'enquête de presse déjà citée par le chercheur précédent (breizh-info.com, 2019) affirme n'avoir trouvé aucune trace des diplômes qu'elle revendiquait (notamment un titre d'« ingénieur en nutrition »). Appliquer la règle d'inférence des professions réglementées (diététicien → bac+2) serait donc malhonnête ici puisqu'il existe une source contradictoire spécifique mettant en doute ce titre ; conformément à la consigne de ne jamais inventer un diplôme, le niveau reste « inconnu ». Le JSON HATVP local ne comporte aucune activité déclarée (liste « activites » vide), ce qui est cohérent avec l'absence de salariat classique documentée par ailleurs. Recherche complémentaire infructueuse sur le blog personnel WordPress et l'article du Point (tous deux bloqués ou sans contenu exploitable, non liés à Josso). Carrière inchangée par rapport au premier passage."
PA840869,Mme,Florence,Joubert,1965-06-30,Reims,Rassemblement National,Dordogne,3,(33) - Cadre de la fonction publique,Cadres administratifs et techniques de la fonction publique,Cadres et professions intellectuelles supérieures,http://www.wikidata.org/entity/Q63349050,https://fr.wikipedia.org/wiki/Florence_Joubert,bac+2,enseignement,1,1,0,mixte_public_prive,moyenne,"La biographie Wikipedia est centrée sur son parcours politique (déléguée départementale RN Dordogne depuis 2021, assistante parlementaire de Serge Muller après son élection en 2022). Sa profession déclarée à l'Assemblée nationale, « cadre de la fonction publique », est corroborée par la classification d'occupation Wikidata qui inclut « cadres de la fonction publique » et « salarié du secteur médical », suggérant une carrière antérieure dans la fonction publique hospitalière, mais aucun établissement employeur nommé n'a pu être identifié malgré plusieurs recherches. Aucune information de formation/diplôme trouvée. Sources consultées : Wikipedia FR, fiche AN, Wikidata (entité Q63349050). Les moteurs de recherche web étaient indisponibles ou bloqués (quota WebSearch épuisé, DuckDuckGo/Brave anti-bot, Bing non pertinent) pendant l'essentiel de cette session, empêchant la recherche de presse régionale (Sud Ouest) qui aurait pu préciser son établissement employeur. - Le wikitext brut de l'article Wikipédia (non visible dans l'extrait trimé) révèle, sourcé par Sud Ouest (5 juillet 2024), que Florence Joubert est « institutrice à Paris avant de s'installer en Dordogne en 1995, où elle travaille dans la restauration de maisons et le secrétariat médical » ; l'infobox indique par ailleurs la profession « Ancienne institutrice ». Ceci recoupe et éclaire l'emploi HATVP « Secrétariat médical » chez SCM ORL Associés (01/2019-09/2020), jusqu'ici sans lien établi avec son parcours. Le métier d'instituteur (et non de professeur des écoles, titre créé en 1989-1990) était recruté par concours après le baccalauréat avec deux ans de formation à l'École normale, soit un niveau bac+2 ; inférence de profession réglementée, confiance plafonnée à moyenne. Le profil bascule de « public_uniquement » à « mixte_public_prive » : enseignement public avant 1995, puis activités privées/indépendantes en Dordogne (rénovation, secrétariat médical), puis collaboration parlementaire."
PA643192,Mme,Chantal,Jourdan,1958-09-02,Domfront,Socialistes et apparentés,Orne,1,Psychologue,Cadres administratifs et techniques de la fonction publique,Cadres et professions intellectuelles supérieures,http://www.wikidata.org/entity/Q97405844,https://fr.wikipedia.org/wiki/Chantal_Jourdan,bac+5,medecine-sante,0,1,0,public_uniquement,moyenne,"Le titre de psychologue implique légalement un master, non détaillé explicitement par la source ; secteur d'exercice déduit de la catégorie INSEE fonction publique."
PA346782,M.,Philippe,Juvin,1964-02-01,Orléans,Droite Républicaine,Hauts-de-Seine,3,Professeur de médecine,Cadres administratifs et techniques de la fonction publique,Cadres et professions intellectuelles supérieures,http://www.wikidata.org/entity/Q445705,https://fr.wikipedia.org/wiki/Philippe_Juvin,doctorat,medecine-sante | sciences,0,1,0,public_uniquement,haute,
PA795998,Mme,Émeline,K/Bidi,1987-05-13,Saint-Denis,Gauche Démocrate et Républicaine,Réunion,4,Avocate,Professions libérales,Cadres et professions intellectuelles supérieures,http://www.wikidata.org/entity/Q112633721,https://fr.wikipedia.org/wiki/%C3%89meline_K/Bidi,bac+5,droit,1,0,0,prive_uniquement,haute,
PA335054,Mme,Marietta,Karamanli,1964-12-18,Athènes,Socialistes et apparentés,Sarthe,2,Professeur dans l'enseignement supérieur,Cadres administratifs et techniques de la fonction publique,Cadres et professions intellectuelles supérieures,http://www.wikidata.org/entity/Q3293018,https://fr.wikipedia.org/wiki/Marietta_Karamanli,doctorat,sciences politiques,0,1,0,public_uniquement,haute,
PA719372,M.,Guillaume,Kasbarian,1987-02-28,Marseille,Ensemble pour la République,Eure-et-Loir,1,Consultant en stratégie d'entreprise,Cadres des services administratifs et commerciaux d’entreprise,Cadres et professions intellectuelles supérieures,http://www.wikidata.org/entity/Q30497082,https://fr.wikipedia.org/wiki/Guillaume_Kasbarian,bac+5,gestion-commerce,1,0,0,prive_uniquement,haute,
PA795156,Mme,Fatiha,Keloua Hachi,1971-06-05,Paris,Socialistes et apparentés,Seine-Saint-Denis,8,"Professeur, profession scientifique",Cadres administratifs et techniques de la fonction publique,Cadres et professions intellectuelles supérieures,http://www.wikidata.org/entity/Q112653927,https://fr.wikipedia.org/wiki/Fatiha_Keloua-Hachi,bac+5,lettres-sciences humaines | education,0,1,0,public_uniquement,haute,
PA794130,M.,Andy,Kerbrat,1990-10-01,Toulouse,La France insoumise - Nouveau Front Populaire,Loire-Atlantique,2,Chargé d'assistance automobile,Employés administratifs d'entreprise,Employés,http://www.wikidata.org/entity/Q112650362,https://fr.wikipedia.org/wiki/Andy_Kerbrat,bac_ou_moins,arts,1,0,0,prive_uniquement,haute,A entamé des études d'histoire en faculté mais les a abandonnées.
PA719052,M.,Loïc,Kervran,1984-02-11,Moulins,Horizons & Indépendants,Cher,3,Autre cadre (secteur privé),Cadres des services administratifs et commerciaux d’entreprise,Cadres et professions intellectuelles supérieures,http://www.wikidata.org/entity/Q30339229,https://fr.wikipedia.org/wiki/Lo%C3%AFc_Kervran,bac+5,sciences politiques | lettres-sciences humaines,1,0,0,prive_uniquement,haute,
PA643184,Mme,Brigitte,Klinkert,1956-07-22,Colmar,Ensemble pour la République,Haut-Rhin,1,Ancien cadre,Sans profession déclarée,Sans profession déclarée,http://www.wikidata.org/entity/Q63764562,https://fr.wikipedia.org/wiki/Brigitte_Klinkert,bac+3_4,droit,0,1,0,public_uniquement,haute,"L'infobox Wikipédia confirme le DEUG de droit (1976) et l'IRA de Metz (1977-1978), cohérent avec un parcours d'attachée territoriale (bac+3_4). Le corps profession de l'infobox était vide, et le PDF de CV officiel cité en référence (haut-rhin.fr) redirige aujourd'hui vers le site générique de la Collectivité européenne d'Alsace (lien mort). La carrière professionnelle pré-ministérielle, absente de Wikipédia, a été retrouvée et vérifiée par curl+grep dans un article BFMTV (AFP, 06/07/2020) dont le texte a été confirmé présent sur la page : « a été chargée de mission au conseil général du Bas-Rhin de 1979 à 2011, puis auprès de la région Alsace, puis Grand Est jusqu'en 2017 » — soit 38 ans de fonction publique territoriale avant de devenir présidente du conseil départemental du Haut-Rhin (2017) puis ministre (2020)."
PA719798,M.,Daniel,Labaronne,1955-07-16,Paris,Ensemble pour la République,Indre-et-Loire,2,Retraité de l'enseignement supérieur,Cadres administratifs et techniques de la fonction publique,Cadres et professions intellectuelles supérieures,http://www.wikidata.org/entity/Q30335887,https://fr.wikipedia.org/wiki/Daniel_Labaronne,doctorat,economie,1,1,0,mixte_public_prive,haute,
PA720846,M.,Bastien,Lachaud,1980-08-05,Vitry sur Seine,La France insoumise - Nouveau Front Populaire,Seine-Saint-Denis,6,Professeur du secondaire et technique,Cadres administratifs et techniques de la fonction publique,Cadres et professions intellectuelles supérieures,http://www.wikidata.org/entity/Q30349862,https://fr.wikipedia.org/wiki/Bastien_Lachaud,bac+5,lettres-sciences humaines | education,0,1,0,public_uniquement,haute,
PA794146,Mme,Julie,Laernoes,1982-07-03,Delft,Écologiste et Social,Loire-Atlantique,4,Ancien cadre,Sans profession déclarée,Sans profession déclarée,http://www.wikidata.org/entity/Q112650708,https://fr.wikipedia.org/wiki/Julie_Laernoes,bac+5,droit | sciences politiques,0,0,1,politique_principalement,haute,
PA841223,M.,Tristan,Lahais,1983-05-11,Rennes,Écologiste et Social,Ille-et-Vilaine,2,(37) - Cadre administratif et commercial d'entreprise,Cadres des services administratifs et commerciaux d’entreprise,Cadres et professions intellectuelles supérieures,http://www.wikidata.org/entity/Q126819332,https://fr.wikipedia.org/wiki/Tristan_Lahais,bac+3_4,lettres-sciences humaines,0,0,1,politique_principalement,moyenne,L'achèvement de la licence d'histoire n'est pas explicitement confirmé et aucun emploi hors mandats politiques n'est mentionné.
PA841729,M.,Abdelkader,Lahmar,1971-05-12,Lyon,La France insoumise - Nouveau Front Populaire,Rhône,7,"(34) - Professeur, profession scientifique",Cadres administratifs et techniques de la fonction publique,Cadres et professions intellectuelles supérieures,http://www.wikidata.org/entity/Q126876003,https://fr.wikipedia.org/wiki/Abdelkader_Lahmar,bac+5,gestion-commerce | education,0,1,0,public_uniquement,haute,
PA795516,M.,Maxime,Laisney,1981-01-19,Lisieux,La France insoumise - Nouveau Front Populaire,Seine-et-Marne,10,"Professeur des écoles, instituteur et assimilé",Cadres administratifs et techniques de la fonction publique,Cadres et professions intellectuelles supérieures,http://www.wikidata.org/entity/Q112652777,https://fr.wikipedia.org/wiki/Maxime_Laisney,bac+3_4,education,0,1,0,public_uniquement,moyenne,"Niveau d'études déduit de l'obtention du concours de professeur des écoles, non détaillé explicitement."
PA721004,Mme,Amélia,Lakrafi,1978-03-20,Casablanca,Ensemble pour la République,Français établis hors de France,10,Chef d'entreprise,Commerçants et assimilés,"Artisans, commerçants et chefs d'entreprise",http://www.wikidata.org/entity/Q30345381,https://fr.wikipedia.org/wiki/Amal_Am%C3%A9lia_Lakrafi,inconnu,armee-securite | informatique,1,0,0,prive_uniquement,moyenne,"Selon Wikipedia FR, elle étudie à l'Institut national des techniques économiques et comptables (CNAM-Intec) puis à l'Institut national des hautes études de la sécurité et de la justice (INHESJ, promotion 2015, spécialisation « Intelligence économique, sécurité et sûreté des entreprises » à l'École militaire) ; son propre site de campagne confirme ce diplôme INHESJ 2015 mais, conformément à la note déjà présente dans le jeu de données, l'INHESJ est une formation professionnelle continue de haut niveau et non un diplôme universitaire classique, et le passage par le CNAM-Intec n'est décrit que comme des études suivies sans obtention de diplôme confirmée nulle part : le niveau d'études reste donc inconnu. Sa carrière d'entrepreneure est mieux documentée : fondatrice-dirigeante d'AZGUARD, société de conseil/formation en cybersécurité (source : site officiel de campagne, corroboré par Wikipedia), plus un engagement bénévole comme réserviste cyberdéfense (grade commandant), qui n'est pas traité comme emploi public salarié. Confiance moyenne car la source principale sur la carrière est son propre site de campagne, non recoupée par une source indépendante lors de cette session (moteurs de recherche indisponibles). - Wikitext brut et site personnel (amelialakrafi.fr/votre-deputee/biographie, texte vérifié par curl+grep) confirment : études au CNAM-Intec puis diplômée en 2015 de l'INHESJ (spécialisation intelligence économique, sécurité et sûreté des entreprises, École militaire) ; création d'une première société Bizinnov en 2009 (non mentionnée dans le lot précédent), puis AZGUARD en 2016. Son propre site précise que son siège 2018-2022 au conseil d'administration de l'Agence française de développement (repris dans le HATVP comme rôle « dirigeant ») découle de son mandat de députée, et non d'un emploi salarié : exclu de la carrière professionnelle. Conformément au raisonnement déjà établi lors du passage précédent, l'INHESJ est une formation professionnelle continue de haut niveau et non un diplôme universitaire classique clairement gradué (bac+3/bac+5) ; le CNAM-Intec n'est associé à aucun diplôme nommé (BTS, DCG, DSCG) dans les sources disponibles. Diplôme maintenu à « inconnu » par honnêteté, faute de mieux."
PA795390,Mme,Sandrine,Lalanne,1973-02-16,Paris,Ensemble pour la République,Val-de-Marne,5,Sans profession déclarée,Ingénieurs et cadres techniques d’entreprise,Cadres et professions intellectuelles supérieures,http://www.wikidata.org/entity/Q136442447,https://fr.wikipedia.org/wiki/Sandrine_Lalanne,inconnu,,1,0,0,prive_uniquement,haute,"Cas très peu documenté. Devenue députée le 13 novembre 2025 en tant que suppléante de Mathieu Lefèvre nommé ministre, elle n'a auparavant qu'un mandat de conseillère municipale d'opposition à Bry-sur-Marne depuis 2020. La profession déclarée à l'Assemblée nationale est « sans profession déclarée », alors que la catégorie INSEE associée est « Ingénieurs et cadres techniques d'entreprise » (incohérence non résolue). Wikidata ne recense aucune occupation autre que « personnalité politique » et aucune institution de formation. Aucune source (Wikipedia FR article complet, fiche AN, tentative de fiche HATVP) n'a permis de retrouver un employeur, un poste d'ingénieur ou un diplôme. Les moteurs de recherche web (WebSearch, DuckDuckGo, Bing, Brave, Mojeek, Yandex, Marginalia, Qwant, Google) étaient tous indisponibles, bloqués par anti-bot ou renvoyaient des résultats non pertinents pendant la quasi-totalité de cette session, ce qui a fortement limité la recherche pour ce cas en particulier ; un suivi ultérieur avec accès moteur de recherche fonctionnel est recommandé. - L'index HATVP local, absent lors du passage précédent, résout entièrement le cas : Sandrine Lalanne était « Cadre Responsable de Projets » chez la Société Air France de janvier 2020 à décembre 2025, ce qui corrobore directement la catégorie INSEE « Ingénieurs et cadres techniques d'entreprise » associée à son profil AN et lève l'incohérence avec la mention « Sans profession déclarée » (probablement un artefact de saisie au moment de son entrée tardive à l'Assemblée le 13 novembre 2025, après la fin de son emploi déclaré). Wikipédia (article très court, deux phrases) et Wikidata ne mentionnent aucune occupation ni établissement de formation. Diplôme resté inconnu faute de toute source sur son parcours d'études, mais carrière désormais bien établie via une source autoritative nommée (HATVP)."
PA842125,M.,Thomas,Lam,1981-10-22,Villeurbanne,Horizons & Indépendants,Hauts-de-Seine,2,(23) - Chef d'entreprise de 10 salariés ou plus,Chefs d'entreprise de plus de 10 personnes,"Artisans, commerçants et chefs d'entreprise",http://www.wikidata.org/entity/Q127271701,https://fr.wikipedia.org/wiki/Thomas_Lam_(homme_politique),bac+5,economie-gestion | commerce,1,0,0,prive_uniquement,moyenne,"Wikipédia (catégorie « Élève de Neoma Business School (Reims et Rouen) ») et Wikidata confirment l'établissement, sans texte explicite « diplômé de » dans le corps de l'article (bio très courte, 6 lignes) ; confiance plafonnée à moyenne pour cette raison. Le HATVP donne deux postes courts et datés : direction commerciale chez « ASINARIA » (privé, 6 mois en 2021 ; société non identifiée sur Wikipédia ni via une recherche pappers.fr, bloquée par Cloudflare) puis chargé de mission chez Les Républicains (politique, 3 mois juste avant son élection de 2024). Sa profession déclarée à l'Assemblée nationale, « chef d'entreprise de 10 salariés ou plus », n'est corroborée par aucun nom d'entreprise dans les sources consultées ; il est resté sans document supplémentaire malgré la fiche AN et nosdeputes.fr (aucune fiche trouvée pour ce slug)."
PA794354,Mme,Hélène,Laporte,1978-12-29,Villeneuve-sur-Lot,Rassemblement National,Lot-et-Garonne,2,Analyste bancaire,Cadres des services administratifs et commerciaux d’entreprise,Cadres et professions intellectuelles supérieures,http://www.wikidata.org/entity/Q60604421,https://fr.wikipedia.org/wiki/H%C3%A9l%C3%A8ne_Laporte,bac+5,droit | economie,1,0,0,prive_uniquement,moyenne,
PA795334,M.,Benoît,Larrouquis,1969-11-18,Pau,Ensemble pour la République,Français établis hors de France,2,Chef d'entreprise,Chefs d'entreprise de plus de 10 personnes,"Artisans, commerçants et chefs d'entreprise",http://www.wikidata.org/entity/Q136485543,https://fr.wikipedia.org/wiki/Beno%C3%AEt_Larrouquis,bac+5,ingenierie,1,0,0,prive_uniquement,moyenne,Employeurs et dates précises non détaillés dans la source.
PA721984,M.,Philippe,Latombe,1975-04-21,Paris,Les Démocrates,Vendée,1,Cadre supérieur (secteur privé),Cadres des services administratifs et commerciaux d’entreprise,Cadres et professions intellectuelles supérieures,http://www.wikidata.org/entity/Q30349937,https://fr.wikipedia.org/wiki/Philippe_Latombe,bac+5,economie | droit,1,0,0,prive_uniquement,haute,
PA857021,M.,Alim,Latrèche,1979-12-05,Grenoble,Ensemble pour la République,Isère,1,Ingénieur-Cadre,Ingénieurs et cadres techniques d’entreprise,Cadres et professions intellectuelles supérieures,http://www.wikidata.org/entity/Q2836926,https://fr.wikipedia.org/wiki/Alim_Latr%C3%A8che,bac+5,economie-gestion,1,0,0,prive_uniquement,moyenne,"Sa biographie Wikipedia (article complet vérifié) est centrée sur son exceptionnel parcours sportif : champion paralympique d'épée par équipes (Athènes 2004), plusieurs médailles individuelles (Pékin 2008, Londres 2012), chevalier de la Légion d'honneur en 2004 ; la section « Formation » de l'article est explicitement vide. Sa profession déclarée à l'Assemblée nationale, « Ingénieur-Cadre », et l'employeur « Schneider Electric » figurant dans les données Wikidata structurées, n'ont pas pu être recoupés par une source de presse indépendante pendant cette session (recherches bloquées). Le titre « ingénieur » n'étant pas une profession réglementée en France (contrairement à médecin, pharmacien, avocat…), il n'est pas retenu comme base d'inférence d'un diplôme d'ingénieur bac+5 : le niveau d'études reste inconnu. Aucun détail sur la période d'emploi chez Schneider Electric n'a été trouvé. - Le Dauphiné Libéré (3 décembre 2024, texte vérifié par curl+grep) écrit : « Titulaire d'un master en management, il a mené en parallèle une carrière de sportif de très haut niveau », ce qui apporte une information de diplôme totalement absente de la section « Formation » (explicitement vide, {{…}}) de l'article Wikipédia complet, vérifié en wikitext brut. L'établissement délivrant ce master n'est pas nommé, d'où confiance plafonnée à moyenne malgré un diplôme identifié. L'employeur Schneider Electric et le titre « Ingénieur-Cadre » proviennent de Wikidata et de la profession déclarée à l'Assemblée nationale mais n'ont pu être recoupés par aucune source de presse indépendante (HATVP ne contient aucune fiche pour PA857021, probablement parce qu'il n'est député que depuis le 27 mars 2026) ; carrière conservée telle quelle par manque de mieux."
PA720022,M.,Michel,Lauzzana,1957-03-20,Castelsarrasin,Ensemble pour la République,Lot-et-Garonne,1,Médecin,Professions libérales,Cadres et professions intellectuelles supérieures,http://www.wikidata.org/entity/Q30497440,https://fr.wikipedia.org/wiki/Michel_Lauzzana,doctorat,medecine-sante,1,0,0,prive_uniquement,moyenne,"Le doctorat en médecine est déduit de la profession de médecin généraliste, la biographie ne détaillant pas le cursus universitaire."
PA795912,Mme,Laure,Lavalette,1976-04-16,Talence,Rassemblement National,Var,2,(85) - Personne diverse sans activité professionnelle de moins de 60 ans (sauf r,Sans profession déclarée,Sans profession déclarée,http://www.wikidata.org/entity/Q112308110,https://fr.wikipedia.org/wiki/Laure_Lavalette,bac+5,droit,,,1,politique_principalement,moyenne,Déclarée sans activité professionnelle ; seule une activité politique/militante est documentée avant le mandat.
PA841837,M.,Robert,Le Bourgeois,1969-11-12,Dieppe,Rassemblement National,Seine-Maritime,10,(37) - Cadre administratif et commercial d'entreprise,Cadres des services administratifs et commerciaux d’entreprise,Cadres et professions intellectuelles supérieures,http://www.wikidata.org/entity/Q127256529,https://fr.wikipedia.org/wiki/Robert_Le_Bourgeois,bac+5,sciences politiques,1,0,0,prive_uniquement,haute,
PA841515,M.,Aurélien,Le Coq,1996-09-28,Paris,La France insoumise - Nouveau Front Populaire,Nord,1,(54) - Employé administratif d'entreprise,Employés administratifs d'entreprise,Employés,http://www.wikidata.org/entity/Q127256660,https://fr.wikipedia.org/wiki/Aur%C3%A9lien_Le_Coq,bac+5,sciences-politiques,1,0,0,politique_principalement,moyenne,"L'infobox Wikipédia liste Institut d'études politiques de Lille et Université de Lille comme établissements, mais le corps de l'article place la mention d'études sous un bandeau « Quand ? » (date incertaine) et ne dit jamais qu'il est diplômé ; la fiche de l'Assemblée nationale, citée dans l'article et consultable, le décrit en 2026 comme « employé administratif d'entreprise », profession qui n'implique aucun diplôme précis. Conformément à la règle d'honnêteté, le diplôme reste donc inconnu plutôt que déduit du champ d'études. La carrière est en revanche très documentée : chargé de mission salarié de La France insoumise sur plusieurs contrats successifs de 2020 à 2024 (coordination de campagnes, dont la direction de la campagne municipale à Lille en 2020), plus un contrat via l'association de financement de la campagne présidentielle de Jean-Luc Mélenchon en 2021-2022 (tous confirmés par le HATVP) — militantisme et emploi politique dominants depuis l'adolescence, avec un bref emploi privé de serveur en 2019 avant que le militantisme ne devienne son activité rémunérée principale."
PA719412,Mme,Sandrine,Le Feur,1991-03-18,Saint-Brieuc,Ensemble pour la République,Finistère,4,Agriculteur-propriétaire exploitant,Agriculteurs exploitants,Agriculteurs exploitants,http://www.wikidata.org/entity/Q30339295,https://fr.wikipedia.org/wiki/Sandrine_Le_Feur,bac+2,agriculture,1,0,0,prive_uniquement,haute,A interrompu une école d'ingénieurs en 2011 sans diplôme avant de se réorienter vers l'agriculture.
PA840979,M.,Corentin,Le Fur,1989-12-13,Paris,Droite Républicaine,Côtes-d'Armor,3,(37) - Cadre administratif et commercial d'entreprise,Cadres administratifs et techniques de la fonction publique,Cadres et professions intellectuelles supérieures,http://www.wikidata.org/entity/Q126599320,https://fr.wikipedia.org/wiki/Corentin_Le_Fur_(homme_politique),bac+5,gestion-commerce | communication-journalisme,1,0,0,politique_principalement,haute,Bref début de carrière dans le conseil aux entreprises avant un poste de conseiller législatif au sein du groupe LR.
PA719404,M.,Didier,Le Gac,1965-07-19,Castres,Ensemble pour la République,Finistère,3,Profession rattachée à l'enseignement,"Professions de l’enseignement primaire et professionnel, de la formation continue et du sport",Professions intermédiaires,http://www.wikidata.org/entity/Q30375947,https://fr.wikipedia.org/wiki/Didier_Le_Gac,bac+5,gestion-commerce,1,1,0,mixte_public_prive,haute,
PA795672,M.,Arnaud,Le Gall,1980-11-29,Carhaix-Plouguer,La France insoumise - Nouveau Front Populaire,Val-d'Oise,9,Cadre de la fonction publique,Cadres administratifs et techniques de la fonction publique,Cadres et professions intellectuelles supérieures,http://www.wikidata.org/entity/Q112654178,https://fr.wikipedia.org/wiki/Arnaud_Le_Gall,bac+5,sciences politiques,0,1,0,public_uniquement,moyenne,"Niveau d'études déduit de sa fonction d'enseignant en sciences politiques, aucun diplôme précis mentionné dans la source."
PA345722,Mme,Constance,Le Grip,1960-11-14,Chatou,Ensemble pour la République,Hauts-de-Seine,6,Conseillère parlementaire,Cadres administratifs et techniques de la fonction publique,Cadres et professions intellectuelles supérieures,http://www.wikidata.org/entity/Q510080,https://fr.wikipedia.org/wiki/Constance_Le_Grip,bac+5,sciences politiques,0,0,1,politique_principalement,haute,
PA719388,Mme,Annaïg,Le Meur,1973-04-29,Brest,Ensemble pour la République,Finistère,1,Autre profession libérale,Artisans,"Artisans, commerçants et chefs d'entreprise",http://www.wikidata.org/entity/Q30339292,https://fr.wikipedia.org/wiki/Anna%C3%AFg_Le_Meur,bac+3_4,medecine-sante,1,1,0,mixte_public_prive,moyenne,"Le champ « université » de l'infobox Wikipédia (source Wikidata) indique Université Grenoble-Alpes ; le diplôme d'État de masseur-kinésithérapeute est inféré comme profession réglementée (kinésithérapeute → bac+3_4). Les affirmations d'un master 2 sciences de l'éducation et d'un diplôme d'orthopédiste-orthésiste (2003), présentes uniquement sur un site miroir de Wikidata (wikidata.fr-fr.nina.az), n'ont pas pu être confirmées par une source officielle et ne sont donc pas retenues pour le niveau de diplôme. Elle a été formatrice à l'IFMK de l'AP-HP (1999-2003) et de Brest (2015-2017), rôles publics documentés par Wikipédia FR avec citations. La HATVP ne recense aucune activité salariée pour elle (seulement des mandats), donc pas de source HATVP pour la carrière."
PA719756,Mme,Christine,Le Nabour,1964-10-28,Noisy-le-Sec,Ensemble pour la République,Ille-et-Vilaine,5,Employée (secteur privé),Personnels des services directs aux particuliers,Employés,http://www.wikidata.org/entity/Q30344710,https://fr.wikipedia.org/wiki/Christine_Le_Nabour,bac+5,sport,1,0,0,prive_uniquement,moyenne,"Wikipédia et Wikidata indiquent des études à Rennes (licence, Université Rennes-II) puis un master à l'Université Nancy-I, entreprises pour devenir professeure d'éducation physique ; le domaine « sport » est déduit de cet objectif d'études, aucun diplôme nommé précisément dans le texte consulté. Elle n'a jamais exercé comme professeure d'EPS (pas de CAPEPS documenté) mais est devenue professeure de danse puis animatrice en danse (secteur privé). La HATVP confirme uniquement l'activité rémunérée « Animatrice en danse » pour GRYMDA (2018-2019) ; ses engagements auprès des missions locales (Pays de Vitré, Bretagne, national) apparaissent en bénévolat, non comme employeurs."
PA720342,Mme,Nicole,Le Peih,1959-09-28,Pontivy,Ensemble pour la République,Morbihan,3,Agricultrice,Agriculteurs exploitants,Agriculteurs exploitants,http://www.wikidata.org/entity/Q30435836,https://fr.wikipedia.org/wiki/Nicole_Le_Peih,inconnu,,1,0,0,prive_uniquement,haute,"Parcours professionnel précis et détaillé dans l'article Wikipedia complet (vérifié) : débuts dans l'hôtellerie de luxe à Quiberon, Chartres puis Paris, puis assistante commerciale chez Lerial à Locminé ; après l'incendie de l'entreprise en 1989, création avec son mari d'une exploitation agricole de volailles et de vaches allaitantes à Baud. Aucune mention de diplôme ou d'établissement de formation dans l'article, malgré une biographie par ailleurs assez fournie ; le niveau d'études reste donc inconnu. - Aucun élément nouveau sur le niveau d'études : le wikitext brut de l'article Wikipédia complet (vérifié) confirme mot pour mot le même récit que l'extrait trimé (hôtellerie de luxe puis Lerial puis exploitation agricole à Baud), avec le champ infobox « université » vide. L'index HATVP local confirme la mise en retraite au 31/12/2021 (pension MSA-Ircantec) et un rôle de dirigeante à partir de 07/2022 (employeur non nommé, cohérent avec la structure de l'exploitation agricole familiale). Diplôme laissé inconnu ; le métier d'agricultrice/exploitante ne présume aucun niveau de diplôme précis (cf. règle sur les professions non réglementées)."
PA720614,Mme,Marine,Le Pen,1968-08-05,Neuilly-sur-Seine,Rassemblement National,Pas-de-Calais,11,Avocate,Professions libérales,Cadres et professions intellectuelles supérieures,http://www.wikidata.org/entity/Q12927,https://fr.wikipedia.org/wiki/Marine_Le_Pen,bac+5,droit,1,0,0,politique_principalement,haute,Carrière d'avocate brève (1992-1998) avant une carrière politique de plusieurs décennies au FN/RN.
PA721852,Mme,Marie,Lebec,1990-12-17,Vernon,Ensemble pour la République,Yvelines,4,Consultante en affaires publiques,Cadres des services administratifs et commerciaux d’entreprise,Cadres et professions intellectuelles supérieures,http://www.wikidata.org/entity/Q30336075,https://fr.wikipedia.org/wiki/Marie_Lebec,bac+5,sciences politiques,1,0,0,prive_uniquement,haute,
PA774962,Mme,Karine,Lebon,1985-06-09,Le Port,Gauche Démocrate et Républicaine,Réunion,2,Professeure des écoles,Cadres administratifs et techniques de la fonction publique,Cadres et professions intellectuelles supérieures,http://www.wikidata.org/entity/Q99670641,https://fr.wikipedia.org/wiki/Karine_Lebon,bac+3_4,arts | education,1,1,0,mixte_public_prive,moyenne,"A 18 ans, partie a Paris etudier a la Sorbonne Nouvelle (licence arts du spectacle et etudes theatrales) pour devenir actrice, puis retour a La Reunion et obtention du CRPE (professeure des ecoles) en 2007 (source: en.wikipedia.org/wiki/Karine_Lebon)."
PA795108,Mme,Élise,Leboucher,1982-10-09,Ernée,La France insoumise - Nouveau Front Populaire,Sarthe,4,Educatrice spécialisée,"Professions de l’enseignement primaire et professionnel, de la formation continue et du sport",Professions intermédiaires,http://www.wikidata.org/entity/Q112652414,https://fr.wikipedia.org/wiki/%C3%89lise_Leboucher,bac+3_4,sociologie,0,1,0,public_uniquement,moyenne,"Éducatrice spécialisée depuis 2006 dans un Établissement public de santé mentale (EPSM) à Allonnes (Wikipedia FR, confirmé par la fiche AN qui reprend la même profession déclarée), engagée syndicalement à la CGT à partir de 2007 avec un mandat de représentante au CHSCT. Le titre d'« éducateur spécialisé » est une profession réglementée en France nécessitant le Diplôme d'État d'éducateur spécialisé (DEES, formation de 3 ans post-bac, reconnu au grade licence), d'où l'inférence bac+3_4 ; confiance ramenée à moyenne car il s'agit d'une inférence à partir du titre professionnel réglementé, l'établissement de formation précis n'ayant pas été identifié faute d'accès aux moteurs de recherche pendant cette session."
PA795374,M.,Pascal,Lecamp,1958-04-06,Civray,Les Démocrates,Vienne,3,Cadre administratif et commercial d'entreprise,Cadres des services administratifs et commerciaux d’entreprise,Cadres et professions intellectuelles supérieures,http://www.wikidata.org/entity/Q98234433,https://fr.wikipedia.org/wiki/Pascal_Lecamp,inconnu,,0,1,0,public_uniquement,haute,"Article Wikipedia classé comme ébauche, centré exclusivement sur son parcours politique local (conseiller municipal de Civray depuis 2008, maire de 2020 à 2022, député depuis 2022) et ses fonctions à l'Assemblée (commission des finances puis des affaires économiques). Aucune information sur un employeur nommé, une entreprise ou une formation n'a pu être trouvée, malgré la vérification de l'article Wikipedia complet et de la fiche AN sous ses deux formats. Le secteur privé est retenu par déduction de la catégorie professionnelle déclarée (« cadre administratif et commercial d'entreprise »), sans confirmation indépendante, d'où la confiance basse. Les moteurs de recherche web étaient indisponibles ou bloqués pendant l'essentiel de cette session, empêchant une recherche de presse régionale (Vienne, Nouvelle République) sur son parcours professionnel antérieur. - L'index HATVP local résout un cas jusque-là totalement générique (« Cadre administratif et commercial d'entreprise @ inconnu ») : Pascal Lecamp a été directeur des relations parlementaires et de la coopération internationale chez Business France de septembre 2018 à mars 2022, poste qu'il occupe donc jusqu'à son élection comme député (19 juin 2022). Business France est un établissement public industriel et commercial (EPIC) placé sous la tutelle des ministères de l'Économie et des Affaires étrangères, donc classé « public » et non « prive » malgré la catégorie AN « Cadre administratif et commercial d'entreprise » (probablement un artefact de la nomenclature socio-professionnelle générique de l'Assemblée, qui ne distingue pas EPIC et entreprise privée). Aucune trace d'un emploi antérieur distinct dans le privé n'a pu être établie. Le profil bascule donc de « prive_uniquement » (confiance basse) à « public_uniquement » (confiance haute). Aucun diplôme mentionné dans le wikitext brut de l'article Wikipédia (ébauche centrée sur son parcours politique local), qui reste vide sur ce point malgré vérification complète."
PA796026,Mme,Julie,Lechanteux,1977-12-22,Annecy,Rassemblement National,Var,5,(85) - Personne diverse sans activité professionnelle de moins de 60 ans (sauf r,Sans profession déclarée,Sans profession déclarée,http://www.wikidata.org/entity/Q63607678,https://fr.wikipedia.org/wiki/Julie_Lechanteux,bac_ou_moins,gestion-commerce,1,0,0,prive_uniquement,haute,"Chef d'entreprise dans plusieurs secteurs (coiffure, traiteur, immobilier) avant son engagement politique."
PA840857,Mme,Nadine,Lechon,1963-04-16,Sainte-Foy-la-Grande,Rassemblement National,Dordogne,1,(12) - Agriculteur sur moyenne exploitation,Agriculteurs exploitants,Agriculteurs exploitants,http://www.wikidata.org/entity/Q127256838,https://fr.wikipedia.org/wiki/Nadine_Lechon,bac_ou_moins,medecine-sante,1,0,0,prive_uniquement,moyenne,"Carrière bien documentée par un portrait de presse régionale (France Bleu/ici.fr) : ambulancière entre Périgueux et Bergerac dans sa jeunesse, puis viticultrice à 37 ans avec son mari, puis commerçante (boutique de vêtements à Bergerac), puis retour à l'agriculture (vigne et kiwis) depuis 2-3 ans. Aucun diplôme n'est mentionné explicitement dans les sources. Le niveau bac_ou_moins est une inférence à partir de la profession réglementée d'ambulancière (le diplôme d'État d'ambulancier, DEA, est un titre professionnel de niveau infra-bac+2, accessible sans le baccalauréat) ; confiance abaissée à moyenne en conséquence, conformément à la règle sur les inférences de profession réglementée. Sources consultées : fiche AN, Wikipédia FR et EN, article France Bleu/ici.fr."
PA335612,M.,Jean-Paul,Lecoq,1958-10-13,Le Havre,Gauche Démocrate et Républicaine,Seine-Maritime,8,Électricien,"Professions de l’enseignement primaire et professionnel, de la formation continue et du sport",Professions intermédiaires,http://www.wikidata.org/entity/Q602146,https://fr.wikipedia.org/wiki/Jean-Paul_Lecoq,bac_ou_moins,autre,1,0,0,prive_uniquement,haute,"Entrée dans la vie active dès 14 ans, sans poursuite d'études."
PA712014,M.,Vincent,Ledoux,1966-06-21,Watermael Boitsfort,Ensemble pour la République,Nord,10,Sans profession déclarée,Cadres administratifs et techniques de la fonction publique,Cadres et professions intellectuelles supérieures,http://www.wikidata.org/entity/Q23384045,https://fr.wikipedia.org/wiki/Vincent_Ledoux,bac+5,lettres-sciences humaines | sciences politiques,0,0,1,politique_principalement,moyenne,Formation universitaire très détaillée mais seul un poste de collaborateur politique est documenté avant son mandat.
PA795298,M.,Jérôme,Legavre,1972-08-20,Rennes,La France insoumise - Nouveau Front Populaire,Seine-Saint-Denis,12,Professeur de lettres,Cadres administratifs et techniques de la fonction publique,Cadres et professions intellectuelles supérieures,http://www.wikidata.org/entity/Q112642707,https://fr.wikipedia.org/wiki/J%C3%A9r%C3%B4me_Legavre,bac+3_4,lettres-langues | enseignement,0,1,0,public_uniquement,moyenne,"Wikipédia confirme qu'il a été professeur de français à l'Éducation nationale dans l'Oise, avant d'être élu. Sa déclaration HATVP (fiche consultée) mentionne un emploi administratif chez une entité abrégée « ACTE » de janvier 2019 à juin 2022, dont la nature exacte (association, structure syndicale ?) n'a pas pu être confirmée ; elle ne semble pas remettre en cause le profil « fonction publique » dominant. Aucun diplôme n'est cité nommément. Le niveau bac+3_4 est une inférence à partir de la profession réglementée de professeur de lettres (le CAPES de lettres a longtemps exigé au minimum une licence, avant la mastérisation de 2010) ; confiance abaissée à moyenne en conséquence. Sources consultées : fiche AN, Wikipédia FR/EN, HATVP, export JSON nosdeputes.fr."
PA791824,Mme,Sarah,Legrain,1985-11-17,Paris,La France insoumise - Nouveau Front Populaire,Paris,16,Professeure de français,Cadres administratifs et techniques de la fonction publique,Cadres et professions intellectuelles supérieures,http://www.wikidata.org/entity/Q112448632,https://fr.wikipedia.org/wiki/Sarah_Legrain,bac+5,lettres-sciences humaines,0,1,0,public_uniquement,haute,
PA842029,Mme,Claire,Lejeune,1994-09-07,Juvisy,La France insoumise - Nouveau Front Populaire,Essonne,7,"34 - Professeur, profession scientifique","Professions de l’enseignement primaire et professionnel, de la formation continue et du sport",Professions intermédiaires,http://www.wikidata.org/entity/Q124439687,https://fr.wikipedia.org/wiki/Claire_Lejeune_(femme_politique),bac+5,lettres-sciences humaines | sciences politiques,0,1,0,public_uniquement,moyenne,"A entamé un doctorat à Sciences Po en 2021, non présenté comme achevé dans la source ; enseigne en parallèle."
PA793290,Mme,Gisèle,Lelouis,1952-03-10,Paris,Rassemblement National,Bouches-du-Rhône,3,Ancien employé,Sans profession déclarée,Sans profession déclarée,http://www.wikidata.org/entity/Q112639975,https://fr.wikipedia.org/wiki/Gis%C3%A8le_Lelouis,bac+5,ingenierie,1,1,0,mixte_public_prive,moyenne,"Diplôme d'ingénieur déduit du titre professionnel, aucun établissement ni dates précisés."
PA794838,M.,Didier,Lemaire,1975-07-23,Altkirch,Horizons & Indépendants,Haut-Rhin,3,Employé civil et agent de service de la fonction publique,"Employés administratifs de la fonction publique, agents de service et auxiliaires de santé",Employés,http://www.wikidata.org/entity/Q112652013,https://fr.wikipedia.org/wiki/Didier_Lemaire,inconnu,,0,1,0,public_uniquement,haute,"Carrière de sapeur-pompier professionnel bien documentée et confirmée par sa déclaration HATVP (employeur SDIS du Haut-Rhin, janvier 2018-juin 2022, avec rémunérations annuelles précises) et par Wikipédia. Aucune mention d'un diplôme ou d'une formation académique spécifique dans les sources consultées (fiche AN, Wikipédia FR/EN, HATVP) ; le concours de sapeur-pompier professionnel ne requiert pas de diplôme universitaire, donc pas d'inférence de niveau appliquée. Diplôme laissé inconnu par honnêteté. - Wikitext brut de l'article Wikipédia et HATVP confirment intégralement la carrière déjà établie, sans nouvel élément sur un diplôme. L'index HATVP local révèle en outre des rôles de dirigeant bénévole (Office municipal des sports d'Altkirch 05/2020-07/2022, Syndicat mixte des gardes champêtres intercommunaux « Brigades vertes » 09/2020-11/2022) et un engagement bénévole à l'Association française pour la prévention des catastrophes naturelles et technologiques : fonctions civiques liées à son mandat d'élu local, non ajoutées à la carrière professionnelle proprement dite. Le concours de sapeur-pompier professionnel ne requiert pas de diplôme universitaire particulier ; diplôme laissé inconnu par honnêteté, comme lors du passage précédent."
PA721632,Mme,Patricia,Lemoine,1961-12-30,Enghien-les-Bains,Ensemble pour la République,Seine-et-Marne,5,retraitée,"Cadres de la fonction publique, professions intellectuelles et  artistiques",Cadres et professions intellectuelles supérieures,http://www.wikidata.org/entity/Q57394738,https://fr.wikipedia.org/wiki/Patricia_Lemoine,inconnu,,1,0,0,politique_principalement,moyenne,"La fiche Who's Who France (déjà identifiée lors d'une recherche précédente, non re-consultable en détail car le contenu est chargé en JavaScript) la présente comme agent immobilier avant sa carrière politique. L'export de données nosdeputes.fr/Assemblée nationale indique par ailleurs la profession déclarée « Directrice de cabinet » lors de son entrée en fonction en 2018, en cohérence avec ses mandats de maire et de présidente de communauté de communes. Étant donné le poids des fonctions politiques (directrice de cabinet d'élu, maire, présidente de CC) par rapport au bref épisode d'agent immobilier, le profil retenu est « politique_principalement ». Aucun diplôme trouvé malgré la recherche (fiche AN, Wikipédia FR/EN, Who's Who, JSON nosdeputes.fr). - Aucune amélioration possible cette session : le wikitext brut de l'article Wikipédia complet ne contient toujours aucune information sur sa carrière avant 2008 ni sur un établissement de formation (infobox sans champ profession/université). L'index HATVP local ne contient aucune déclaration pour PA721632 (entrée null). Le JSON nosdeputes.fr confirme uniquement la profession déclarée « Directrice de cabinet » à son entrée en fonction, sans détail supplémentaire. La fiche Who's Who (citée lors du passage précédent) reste inaccessible en contenu statique (site chargé en JavaScript). Enregistrement conservé inchangé."
PA840983,M.,Bartolomé,Lenoir,1991-09-04,Angers,Union des droites pour la République,Creuse,1,(37) - Cadre administratif et commercial d'entreprise,Cadres des services administratifs et commerciaux d’entreprise,Cadres et professions intellectuelles supérieures,http://www.wikidata.org/entity/Q126537376,https://fr.wikipedia.org/wiki/Bartolom%C3%A9_Lenoir,bac+5,sciences | gestion-commerce,1,0,0,politique_principalement,moyenne,A aussi fondé une entreprise de mobilier en parallèle de son engagement associatif puis politique au sein de LR.
PA795244,M.,Stéphane,Lenormand,1964-08-13,Saint-Pierre,"Libertés, Indépendants, Outre-mer et Territoires",Saint-Pierre-et-Miquelon,1,Ancien cadre,Cadres administratifs et techniques de la fonction publique,Cadres et professions intellectuelles supérieures,http://www.wikidata.org/entity/Q56310930,https://fr.wikipedia.org/wiki/St%C3%A9phane_Lenormand,bac+5,histoire-geographie | lettres-langues | enseignement,0,1,0,public_uniquement,moyenne,"Aucune source n'a permis de préciser son emploi de « cadre » avant sa carrière politique : la fiche AN et Wikipédia FR/EN ne mentionnent que la profession déclarée « Ancien cadre » ; l'article de portrait la1ere.francetvinfo.fr cité par Wikipédia n'est plus accessible (404) et aucun résultat pertinent n'a été trouvé via les moteurs de recherche alternatifs (Marginalia). Le classement « public_uniquement » repose uniquement sur la catégorie INSEE de la profession déclarée (« Cadres administratifs et techniques de la fonction publique »), d'où une confiance basse maintenue. Diplôme laissé inconnu. - La page la1ere.francetvinfo.fr (portrait de candidat, 30 mai 2017 — précédemment notée comme introuvable/404 par le passage précédent, mais accessible et vérifiée par curl+grep cette session) écrit explicitement : « Ce professeur d'histoire-géographie et de français […] a rejoint le mouvement politique Archipel Demain il y a 30 ans. » Ceci recoupe l'infobox du wikitext brut Wikipédia (profession = Enseignant) et la catégorie Wikipédia « Professeur français de lettres », ainsi que l'entrée HATVP « Enseignant @ Education Nationale » (01/2021-08/2021, un retour ponctuel à l'enseignement entre la présidence du conseil territorial et son mandat de député). Professeur certifié d'histoire-géographie et de français implique normalement le CAPES (bac+5) ; inférence de profession réglementée, confiance plafonnée à moyenne malgré une source de presse nommée et vérifiée. Établissement scolaire non identifié."
PA793532,Mme,Murielle,Lepvraud,1974-07-15,Loudeac,La France insoumise - Nouveau Front Populaire,Côtes-d'Armor,4,Employé administratif d'entreprise,Employés administratifs d'entreprise,Employés,http://www.wikidata.org/entity/Q112641643,https://fr.wikipedia.org/wiki/Murielle_Lepvraud,bac+2,lettres-sciences humaines,1,1,0,mixte_public_prive,moyenne,Chronologie des emplois donnée par la biographie mais sans dates précises ni niveau exact de la formation de libraire.
PA774958,M.,Gérard,Leseul,1960-08-15,Le Mesnil Esnard,Socialistes et apparentés,Seine-Maritime,5,Cadre d'entreprise / enseignant universitaire,Cadres des services administratifs et commerciaux d’entreprise,Cadres et professions intellectuelles supérieures,http://www.wikidata.org/entity/Q99627615,https://fr.wikipedia.org/wiki/G%C3%A9rard_Leseul,bac_ou_moins,,1,1,0,mixte_public_prive,haute,"Carrière très bien documentée (Wikipédia + déclaration HATVP consultée, qui précise dates et rémunérations pour Crédit Mutuel et Université de Rouen). L'infobox Wikipédia indique comme unique établissement « Diplômé de : Lycée Corneille de Rouen », sans mention d'un établissement d'enseignement supérieur malgré une carrière de cadre (rémunération Crédit Mutuel > 100 000 €/an) et de professeur associé à l'université - fonction qui, en droit français, ne requiert pas de doctorat et peut être occupée sur la base de l'expérience professionnelle. Le niveau retenu (bac_ou_moins) reflète l'absence de tout établissement supérieur identifié, mais la confiance est limitée à moyenne car l'absence de mention dans l'infobox ne prouve pas formellement l'absence de diplôme supérieur."
PA793608,Mme,Katiana,Levavasseur,1970-12-09,Rouen,Rassemblement National,Eure,2,Ouvrier de type industriel,Ouvriers qualifiés de type industriel,Ouvriers,http://www.wikidata.org/entity/Q112649766,https://fr.wikipedia.org/wiki/Katiana_Levavasseur,bac_ou_moins,medecine-sante,1,0,0,prive_uniquement,haute,
PA840765,M.,Laurent,Lhardit,1963-04-20,Marseille,Socialistes et apparentés,Bouches-du-Rhône,2,Chef d'entreprise,Cadres des services administratifs et commerciaux d’entreprise,Cadres et professions intellectuelles supérieures,http://www.wikidata.org/entity/Q118546910,https://fr.wikipedia.org/wiki/Laurent_Lhardit,bac+5,sciences politiques,1,0,0,prive_uniquement,haute,A aussi été collaborateur parlementaire avant de fonder son propre cabinet de conseil.
PA794750,M.,Thierry,Liger,1970-05-27,Nogent-Le-Rotrou,Droite Républicaine,Orne,2,Chef d'entreprise,Chefs d'entreprise de 10 salariés ou plus,"Artisans, commerçants et chefs d'entreprise",http://www.wikidata.org/entity/Q131546327,https://fr.wikipedia.org/wiki/Thierry_Liger,inconnu,,1,0,0,prive_uniquement,basse,"La profession déclarée « Chef d'entreprise » est confirmée par la fiche AN, mais ni le nom ni le secteur de l'entreprise n'ont pu être identifiés : Wikipédia FR ne donne aucun détail, l'article actu.fr du 24/12/2024 (consulté en entier) ne mentionne que ses mandats locaux (maire de Maison-Maugis, président de CdC Cœur du Perche, conseiller régional), et la page normandie.fr citée par Wikipédia est inaccessible (403). Diplôme laissé inconnu faute de toute source. - Aucun élément nouveau : le wikitext brut de l'article Wikipédia (biographie très courte, uniquement politique) ne nomme ni entreprise ni diplôme (infobox université/profession réduite à « Chef d'entreprise »). La version archivée (web.archive.org, 18 juillet 2024) de la page normandie.fr/thierry-liger citée par Wikipédia ne contient qu'une fiche de contact (adresse, téléphone), sans biographie professionnelle. L'index HATVP local ne contient aucune déclaration pour PA794750 (entrée null). Diplôme et secteur d'entreprise restent inconnus faute de toute source."
PA841873,M.,Julien,Limongi,1996-02-12,La Ciotat,Rassemblement National,Seine-et-Marne,4,(74) - Ancien cadre,Cadres des services administratifs et commerciaux d’entreprise,Cadres et professions intellectuelles supérieures,http://www.wikidata.org/entity/Q126599670,https://fr.wikipedia.org/wiki/Julien_Limongi,bac+5,sciences politiques,0,1,0,politique_principalement,moyenne,"Carrière brève avant le mandat, entre poste diplomatique et collaboration parlementaire."
PA794702,Mme,Delphine,Lingemann,1972-11-14,Issoire,Les Démocrates,Puy-de-Dôme,4,Chef d'entreprise - Enseignante associée université,Professions libérales,Cadres et professions intellectuelles supérieures,http://www.wikidata.org/entity/Q112635717,https://fr.wikipedia.org/wiki/Delphine_Lingemann,bac+5,gestion-commerce | sciences politiques,1,1,0,mixte_public_prive,haute,
PA840967,M.,René,Lioret,1952-01-13,Chagny,Rassemblement National,Côte-d'Or,5,(74) - Ancien cadre,Sans profession déclarée,Sans profession déclarée,http://www.wikidata.org/entity/Q126869769,https://fr.wikipedia.org/wiki/Ren%C3%A9_Lioret,inconnu,,1,0,0,prive_uniquement,haute,"Carrière professionnelle précisément documentée par Wikipédia (postes, employeurs nommés, dates) : Laboratoires Lederle (1976-1984) puis Laboratoires Urgo comme directeur des opérations en charge du circuit pharmaceutique (1984-2018). Aucune mention d'un diplôme ou d'une formation académique dans les sources consultées (Wikipédia FR/EN, fiche AN) ; le poste de directeur des opérations n'implique pas nécessairement un diplôme de pharmacien puisqu'il concerne la logistique du circuit pharmaceutique et non la fabrication ou la dispensation du médicament. Diplôme laissé inconnu par honnêteté. - Le wikitext brut de l'article Wikipédia complet confirme la carrière déjà établie (postes, employeurs nommés, dates), sans aucune mention de diplôme ni d'établissement de formation (infobox profession/université vides). L'index HATVP local ne contient aucune activité déclarée pour PA840967 (retraité depuis 2018, avant le début de ses déclarations de mandat en 2021). Le poste de directeur des opérations concerne la logistique du circuit pharmaceutique, non la fabrication ou la dispensation du médicament, donc pas d'inférence de diplôme de pharmacien. Diplôme laissé inconnu par honnêteté."
PA720446,Mme,Brigitte,Liso,1959-07-29,Lille,Ensemble pour la République,Nord,4,Commerçant,Commerçants et assimilés,"Artisans, commerçants et chefs d'entreprise",http://www.wikidata.org/entity/Q30339375,https://fr.wikipedia.org/wiki/Brigitte_Liso,inconnu,,1,0,0,prive_uniquement,haute,"Carrière privée bien documentée par Wikipédia, avec plusieurs employeurs nommés (Pernod Ricard, Hachette Livre, GlaxoSmithKline) puis création de deux commerces indépendants. Le site personnel brigitteliso.fr n'est plus accessible (domaine injoignable) et les articles de presse régionale cités (La Voix du Nord) sont bloqués (403) ; aucun diplôme n'a pu être trouvé malgré ces vérifications. Diplôme laissé inconnu. - Le wikitext brut de l'article Wikipédia confirme mot pour mot la carrière déjà établie (source La Croix, 22 juin 2018), sans nouvelle mention de diplôme (section « Jeunesse et formation » qui ne traite en réalité que des origines familiales italiennes, pas d'études). L'index HATVP local ne mentionne aucune activité salariée nommée (champ vide) ; il révèle un rôle bénévole/dirigeant récent (2026) à l'UNADFI, postérieur de plusieurs années à son entrée en politique (2017) et donc sans pertinence pour la carrière pré-politique. Le site personnel brigitteliso.fr reste injoignable et les articles de La Voix du Nord cités restent bloqués (403). Diplôme laissé inconnu."
PA642725,M.,Eric,Liégeon,1961-01-24,Pontarlier,Droite Républicaine,Doubs,5,Exploitant agricole,Agriculteurs exploitants,Agriculteurs exploitants,http://www.wikidata.org/entity/Q65590818,https://fr.wikipedia.org/wiki/%C3%89ric_Li%C3%A9geon,inconnu,agriculture,1,0,0,prive_uniquement,haute,"Wikipédia (citant L'Est républicain) précise qu'il a repris l'exploitation agricole familiale à 19 ans en 1980, gère un GAEC avec son épouse Hélène, et a été secrétaire général de la FDSEA du Doubs de 2008 à 2014, en cohérence avec la profession déclarée « Exploitant agricole ». Aucun diplôme mentionné dans les sources consultées (fiche AN, Wikipédia FR/EN) ; article Les Echos référencé inaccessible (403). Diplôme laissé inconnu. - Dossier déjà solide en première passe (L'Est républicain, Les Echos). L'index HATVP local confirme l'activité d'agriculteur (« AGRICULTEUR », associé de GAEC, 10/2019-10/2024) et révèle des mandats de dirigeant non salariés jusque-là inconnus : SAFER Bourgogne-Franche-Comté, syndicat mixte du pays du Haut Doubs Pontarlier, comité de pilotage du contrat de territoire, syndicat mixte de l'abattoir du Haut Doubs (2019-2024, liés à sa fonction de maire). Ces mandats accessoires n'ont pas été ajoutés comme entrées de carrière séparées (rôles de représentation attachés à son mandat de maire, pas un emploi). Aucun diplôme mentionné dans l'infobox Wikipédia (wikitext brut relu en entier) ni ailleurs. Diplôme laissé inconnu."
PA793672,Mme,Christine,Loir,1977-02-22,Pont-Audemer,Rassemblement National,Eure,1,Profession intermédiaire de la santé et du travail social,Personnels des services directs aux particuliers,Employés,http://www.wikidata.org/entity/Q112649716,https://fr.wikipedia.org/wiki/Christine_Loir,bac_ou_moins,autre,1,0,0,prive_uniquement,haute,
PA721932,Mme,Marie-France,Lorho,1964-12-15,Colmar,Rassemblement National,Vaucluse,4,Déléguée médicale,Professions intermédiaires administratives et commerciales des entreprises,Professions intermédiaires,http://www.wikidata.org/entity/Q37946793,https://fr.wikipedia.org/wiki/Marie-France_Lorho,inconnu,,1,0,0,prive_uniquement,haute,"Son propre site de campagne (page « Mon parcours ») confirme qu'elle a exercé plus de 30 ans comme déléguée médicale dans le Vaucluse avant son mandat, en cohérence avec la profession déclarée. Aucun diplôme mentionné sur son site ni sur Wikipédia FR/EN ; source consultée en entier. Diplôme laissé inconnu. - L'index HATVP local (nouvelle source par rapport à la première passe) nomme pour la première fois ses employeurs de déléguée médicale : TEVA (01/2017-09/2017) puis THERAMEX (01/2018-10/2022), deux laboratoires pharmaceutiques, ce qui confirme et précise la carrière déjà établie via son site de campagne (mariefrancelorho.fr, « plus de 30 ans » dans le secteur). L'infobox Wikipédia (wikitext brut) ne mentionne aucun diplôme ; l'essentiel de l'article récent porte sur sa condamnation pour détournement de fonds publics (janvier 2026), sans information biographique antérieure supplémentaire. Diplôme laissé inconnu."
PA795974,M.,Philippe,Lottiaux,1966-08-14,Auchel,Rassemblement National,Var,4,Cadre de la fonction publique,Cadres administratifs et techniques de la fonction publique,Cadres et professions intellectuelles supérieures,http://www.wikidata.org/entity/Q41968379,https://fr.wikipedia.org/wiki/Philippe_Lottiaux,bac+5,sciences politiques,1,1,0,mixte_public_prive,haute,"Carrière essentiellement dans la haute fonction publique territoriale et d'État, avec une activité parallèle d'humoriste-imitateur."
PA794590,M.,Alexandre,Loubet,1994-07-07,Toulouse,Rassemblement National,Moselle,7,Cadre d'entreprise,Cadres des services administratifs et commerciaux d’entreprise,Cadres et professions intellectuelles supérieures,http://www.wikidata.org/entity/Q112651358,https://fr.wikipedia.org/wiki/Alexandre_Loubet,bac+5,sciences politiques,1,0,0,politique_principalement,moyenne,Brève expérience dans l'industrie de l'énergie avant une carrière presque exclusivement politique.
PA879389,Mme,Marie-Philippe,Lubet,1957-09-06,Orléans,Ensemble pour la République,Loiret,1,Retraitée,,,http://www.wikidata.org/entity/Q98248658,https://fr.wikipedia.org/wiki/Marie-Philippe_Lubet,inconnu,,0,1,0,public_uniquement,moyenne,"L'infobox de Wikipédia indique la profession « Fonctionnaire du ministère de l'Intérieur », en cohérence avec la profession déclarée « Retraitée ». Aucune date ni fonction précise n'est fournie, d'où une confiance moyenne plutôt que haute. Aucun diplôme trouvé malgré la recherche (fiche AN, Wikipédia FR/EN, articles de presse cités par Wikipédia). Diplôme laissé inconnu. - Aucune entrée dans l'index HATVP local (elle n'est devenue députée que le 27 février 2026, à la suite d'une partielle ; sa déclaration n'est probablement pas encore intégrée au jeu de données local). Le wikitext brut de l'infobox confirme uniquement « Fonctionnaire du ministère de l'Intérieur », sans poste ni dates précises, comme en première passe. Aucun diplôme trouvé. Diplôme laissé inconnu ; confiance maintenue à moyenne faute de détail sur la fonction exacte."
PA795636,M.,Benjamin,Lucas-Lundy,1990-10-08,Amiens,Écologiste et Social,Yvelines,8,(85) - Personne diverse sans activité professionnelle de moins de 60 ans (sauf r,Sans profession déclarée,Sans profession déclarée,http://www.wikidata.org/entity/Q26214575,https://fr.wikipedia.org/wiki/Benjamin_Lucas-Lundy,bac_ou_moins,droit,0,0,1,politique_principalement,haute,"France 3 Régions (portrait législatives 2022, confirmé par fetch direct) : « Après trois années de Droit à l'Université de Picardie Jules-Verne, il tourne le dos aux études pour se consacrer à la politique » - aucun diplôme obtenu, d'où bac_ou_moins malgré trois années d'études suivies (champ fields conservé à titre indicatif). Sa déclaration HATVP (fiche nominative consultée) liste uniquement des activités rémunérées de nature politique/militante : secrétaire général de Génération.s (2019), collaborateur du conseil départemental de la Somme (2019-2021), porte-parole de la campagne Jadot (2021-2022), coordination de la campagne Autain au barreau de Paris (2020). Aucun emploi privé ou public de droit commun identifié dans la déclaration ; carrière donc politique_principalement."
PA794578,Mme,Véronique,Ludmann,1963-03-17,La Bassée,Horizons & Indépendants,Oise,4,Directrice d'école,"Professions de l’enseignement primaire et professionnel, de la formation continue et du sport",Professions intermédiaires,http://www.wikidata.org/entity/Q136442450,https://fr.wikipedia.org/wiki/V%C3%A9ronique_Ludmann,bac+3_4,enseignement,0,1,0,public_uniquement,moyenne,"Directrice d'école (puis retraitée) selon la profession déclarée et Wikipédia, qui confirme une carrière d'enseignante puis de directrice d'école jusqu'à la retraite, en parallèle d'un engagement politique local (conseillère municipale de Senlis dès 2014, adjointe au maire, vice-présidente de la CCSSO) avant de succéder à Éric Woerth à l'Assemblée en mars 2026. Diplôme inféré : le métier de directrice d'école suppose la certification d'enseignant du premier degré (instituteur ou professeur des écoles selon l'époque exacte de son recrutement, née en 1963) ; faute de confirmation de l'institution et de la date précises, confiance limitée à moyenne conformément à la règle sur les inférences de profession réglementée. Aucune information sur des études supérieures spécifiques n'a été retrouvée (fiche AN très succincte, nosdeputes.fr ne référence pas encore cette députée récemment entrée en fonction)."
PA795746,M.,Antoine,Léaument,1989-09-04,Châteauroux,La France insoumise - Nouveau Front Populaire,Essonne,10,Responsable de la communication numérique,Cadres administratifs et techniques de la fonction publique,Cadres et professions intellectuelles supérieures,http://www.wikidata.org/entity/Q62976462,https://fr.wikipedia.org/wiki/Antoine_L%C3%A9aument,bac+5,lettres-sciences humaines | sciences politiques,0,0,1,politique_principalement,haute,
PA227089,Mme,Valérie,Létard,1962-10-13,Orchies,"Libertés, Indépendants, Outre-mer et Territoires",Nord,21,Cadre de la fonction publique territoriale,Cadres administratifs et techniques de la fonction publique,Cadres et professions intellectuelles supérieures,http://www.wikidata.org/entity/Q2321787,https://fr.wikipedia.org/wiki/Val%C3%A9rie_L%C3%A9tard,bac+5,economie | autre,0,1,0,public_uniquement,moyenne,
PA841587,M.,David,Magnier,1972-06-05,Beauvais,Rassemblement National,Oise,7,"(48) - Contremaître, agent de maîtrise",Agents de maîtrise (hors maîtrise administrative),Professions intermédiaires,http://www.wikidata.org/entity/Q127109404,https://fr.wikipedia.org/wiki/David_Magnier,inconnu,,1,1,0,mixte_public_prive,haute,"Carrière reconstituée à partir de sa biographie de campagne (davidmagnier.fr/bio, consultée directement) : gendarme mobile, puis second de cuisine en restauration privée (La Toque Blanche à Beauvais, l'auberge Le Gicourt à Agnetz), puis restauration collective en lycée (Saint-Maximin dès 2002, Beauvais dès 2004, chef en 2006, avec une démarche circuits courts à partir de 2010). Cette trajectoire est cohérente avec sa profession déclarée « Contremaître, agent de maîtrise » (poste d'encadrement en restauration collective). Source unique et auto-publiée (site de campagne), non recoupée par la presse ni par Wikipédia (silencieux sur cette période) ; une recherche ciblée sur une autre piste (Storengy/CDC Biodiversité) n'a donné aucun résultat indépendant et a été écartée comme non fiable. Aucun diplôme mentionné nulle part (CAP cuisine possible mais non confirmé, donc laissé inconnu). - Confiance relevée de moyenne à haute : l'index HATVP local nomme désormais explicitement l'employeur de son poste de « Responsable de restauration », le Conseil régional des Hauts-de-France (01/2018-07/2024, mise en disponibilité au 8 juillet 2024), ce qui confirme indépendamment la trajectoire déjà reconstituée à partir de sa biographie de campagne (davidmagnier.fr/bio) : restauration collective en lycée public depuis la régionalisation de la gestion des lycées. Aucun diplôme mentionné dans le wikitext brut de l'infobox Wikipédia (profession = « Contremaître, agent de maîtrise », sans indication de formation). Diplôme laissé inconnu."
PA720230,Mme,Lise,Magnier,1984-12-31,Châlons-sur-Marne,Horizons & Indépendants,Marne,4,Cadre territorial,Cadres administratifs et techniques de la fonction publique,Cadres et professions intellectuelles supérieures,http://www.wikidata.org/entity/Q30377001,https://fr.wikipedia.org/wiki/Lise_Magnier,bac+5,droit | gestion-commerce,0,1,0,public_uniquement,haute,A aussi été brièvement assistante parlementaire avant son mandat.
PA717379,M.,Sylvain,Maillard,1974-04-28,Saint-Maur-des-Fossés,Ensemble pour la République,Paris,1,Industriel-Chef d'entreprise,Chefs d'entreprise de plus de 10 personnes,"Artisans, commerçants et chefs d'entreprise",http://www.wikidata.org/entity/Q30239185,https://fr.wikipedia.org/wiki/Sylvain_Maillard,bac+5,gestion-commerce,1,0,0,prive_uniquement,haute,"A également suivi un échange Erasmus en science politique à l'université de Munich, sans diplôme mentionné."
PA796010,M.,Frédéric,Maillot,1986-11-15,Saint-Pierre,Gauche Démocrate et Républicaine,Réunion,6,Intervenant social,"Professions de l’enseignement primaire et professionnel, de la formation continue et du sport",Professions intermédiaires,http://www.wikidata.org/entity/Q112633707,https://fr.wikipedia.org/wiki/Fr%C3%A9d%C3%A9ric_Maillot,bac_ou_moins,,1,0,0,prive_uniquement,moyenne,"A quitté le collège en troisième, sans diplôme, avant d'exercer plusieurs métiers puis de devenir salarié associatif."
PA794114,M.,Emmanuel,Mandon,1965-06-22,Neuilly-sur-Seine,Les Démocrates,Loire,3,Conseiller d'insertion professionnelle,Professions intermédiaires administratives et commerciales des entreprises,Professions intermédiaires,http://www.wikidata.org/entity/Q62887924,https://fr.wikipedia.org/wiki/Emmanuel_Mandon,bac+5,droit | sciences politiques,1,0,0,politique_principalement,moyenne,Secteur exact de l'activité de conseiller d'insertion professionnelle non précisé.
PA841183,Mme,Hanane,Mansouri,2000-11-24,Echirolles,Union des droites pour la République,Isère,8,"(84) - Elève, étudiant",Sans profession déclarée,Sans profession déclarée,http://www.wikidata.org/entity/Q126810747,https://fr.wikipedia.org/wiki/Hanane_Mansouri,bac+3_4,droit | sciences-politiques,0,0,1,politique_principalement,moyenne,"Freelanceinfos.fr (article dédié, consulté directement) : élue à 23 ans, elle est décrite comme « encore étudiante en master d'administration publique » au moment de son élection, après des études de droit et administration publique reprises à Grenoble (confirmé par Wikipédia). Son parcours pré-mandat est celui d'une militante (présidente des Jeunes Républicains de l'Isère) sans emploi salarié identifié. Niveau bac+3_4 inféré du fait qu'une inscription en master suppose en principe une licence validée (inférence structurelle sur le système universitaire français, non une confirmation explicite d'obtention), d'où confiance moyenne et non haute. Le master d'administration publique lui-même n'était pas achevé au moment de l'élection."
PA841563,Mme,Claire,Marais-Beuil,1958-11-04,Caen,Rassemblement National,Oise,1,Profession libérale,Professions libérales,Cadres et professions intellectuelles supérieures,http://www.wikidata.org/entity/Q63106704,https://fr.wikipedia.org/wiki/Claire_Marais-Beuil,doctorat,medecine-sante,1,0,0,prive_uniquement,moyenne,"Aucune information biographique substantielle trouvée au-delà de la catégorie INSEE « Professions libérales » ; la fiche Wikipédia est très succincte (élection 2024, candidature aux municipales 2026 à Beauvais) et la fiche AN ne détaille rien. Recherches ciblées sur le type de profession libérale (infirmière, kinésithérapeute, avocate, notaire, médecin) sans résultat concluant. Sources tierces indiquent que sa déclaration HATVP mentionne « Néant » pour les activités professionnelles rémunérées au moment du dépôt, ce qui suggère une activité déjà cessée sans en préciser la nature. Études non documentées. - Trouvaille de cette deuxième passe : la fiche Wikidata de Claire Marais-Beuil (Q63106704, non consultée en première passe) liste parmi ses occupations « médecin » (Q39631), avec pour référence le Répertoire national des élus (RNE) du 9 avril 2019, un jeu de données officiel du ministère de l'Intérieur sur les élus locaux, où elle apparaît probablement au titre de son mandat de conseillère régionale antérieur à 2019. C'est une source administrative indirecte (déclaration au moment du dépôt de candidature), non recoupée par un article de presse : l'article Oise Hebdo sur son élection de 2024 (vérifié par curl) ne mentionne aucune profession, et sa fiche Wikipédia est une ébauche très succincte. Profession libérale « médecin » cohérente avec la profession déclarée à l'AN (« Profession libérale ») et avec le « Néant » HATVP en 2024 (activité déjà cessée). Par prudence, diplôme fixé à doctorat (profession médicale réglementée) avec confiance plafonnée à moyenne, conformément à la règle sur les professions réglementées ; institution de formation non identifiée, `degrees` laissé vide. Recherches complémentaires infructueuses : nosdeputes.fr/17/depute/claire-marais-beuil/json ne retourne aucune donnée."
PA605782,M.,Laurent,Marcangeli,1980-12-10,Ajaccio,Horizons & Indépendants,Corse-du-Sud,1,Avocat,Professions libérales,Cadres et professions intellectuelles supérieures,http://www.wikidata.org/entity/Q2514772,https://fr.wikipedia.org/wiki/Laurent_Marcangeli,bac+3_4,lettres-sciences humaines | droit,1,0,0,prive_uniquement,moyenne,"Profession d'avocat connue via la profession déclarée, non développée dans la biographie centrée sur les mandats."
PA794530,M.,Matthieu,Marchio,1993-06-08,Dieppe,Rassemblement National,Nord,16,Cadre administratif et commercial d'entreprise,Cadres des services administratifs et commerciaux d’entreprise,Cadres et professions intellectuelles supérieures,http://www.wikidata.org/entity/Q112636857,https://fr.wikipedia.org/wiki/Matthieu_Marchio,inconnu,,1,0,0,prive_uniquement,haute,"Contexte.com (fiche « key people », consultée directement, contenu vérifié par curl pour écarter tout risque d'hallucination) qualifie Matthieu Marchio d'« ancien conseiller en immobilier », engagé au RN/FN depuis 2014, avec un passage rémunéré comme collaborateur du groupe Front National au conseil régional du Nord-Pas-de-Calais (2016-2018, confirmé aussi par Wikipédia) avant de devenir élu local puis député. Une page lechodusud.com prétendument consacrée à lui a été écartée après vérification : son contenu HTML statique ne contient aucun texte réel (site nécessitant JavaScript), la réponse précédente de l'outil de fetch était donc fabriquée et ne doit pas être utilisée. Aucune information sur son parcours scolaire/universitaire n'a été retrouvée malgré plusieurs recherches dédiées. - Confiance relevée de moyenne à haute : l'index HATVP local remplace le « conseiller en immobilier, employeur non précisé » de la première passe (source : contexte.com) par quatre postes datés et nommés : serveur (EURL HPB Quai N°5, 2016), collaborateur du groupe FN au conseil régional Nord-Pas-de-Calais (2016-2018, déjà confirmé par Wikipédia/Le Monde), puis deux postes réels dans l'immobilier privé, assistant commercial chez Nexity Conseil et Transaction (2019-2020) et gestionnaire de copropriété chez Foncia Mansart (2022), qui correspondent à la profession déclarée « Cadre administratif et commercial d'entreprise ». Aucune information sur ses études (wikitext brut Wikipédia entièrement relu : infobox sans champ université, texte biographique centré sur ses affaires judiciaires prud'homales). Diplôme laissé inconnu."
PA795730,M.,Bastien,Marchive,1990-07-15,Niort,Ensemble pour la République,Deux-Sèvres,1,Juriste,Cadres des services administratifs et commerciaux d’entreprise,Cadres et professions intellectuelles supérieures,http://www.wikidata.org/entity/Q112654862,https://fr.wikipedia.org/wiki/Bastien_Marchive,bac+5,droit | autre,1,0,0,politique_principalement,haute,"A exercé comme juriste en cabinets d'avocats avant de rejoindre un cabinet politique en 2014, où il a passé la majorité de sa carrière pré-mandat."
PA794206,M.,Christophe,Marion,1973-04-25,Vendôme,Ensemble pour la République,Loir-et-Cher,3,Délégué général du Comité des travaux historiques et scientifiques,Cadres administratifs et techniques de la fonction publique,Cadres et professions intellectuelles supérieures,http://www.wikidata.org/entity/Q80103374,https://fr.wikipedia.org/wiki/Christophe_Marion,bac+5,lettres-sciences humaines,0,1,0,public_uniquement,haute,"Carrière dans l'enseignement supérieur public, avec un passage en cabinet politique régional."
PA840837,M.,Pascal,Markowsky,1954-07-22,Valenciennes,Rassemblement National,Charente-Maritime,4,"(72) - Ancien artisan, commerçant, chef d'entreprise",Sans profession déclarée,Sans profession déclarée,http://www.wikidata.org/entity/Q126597818,https://fr.wikipedia.org/wiki/Pascal_Markowsky,inconnu,,1,1,0,mixte_public_prive,moyenne,"Wikipédia confirme la séquence militaire puis restaurateur puis chef d'entreprise dans l'imprimerie. Sud Ouest (article sur la liquidation de son entreprise, consulté via fetch direct) confirme et nomme l'entreprise : MPC - Média Publicité Conseil, à Saint-Pierre-d'Oléron (île d'Oléron), créée il y a près de trente ans (donc vers 1995) par Pascal Markowsky et gérée par son épouse, liquidée en 2025 après des soupçons de surfacturation révélés par Les Jours. Dates précises du service militaire et de la période de restaurateur non retrouvées, d'où confiance moyenne malgré la confirmation de l'entreprise d'imprimerie. Aucune information sur ses études. - L'index HATVP local confirme (sans ajouter de nouveauté substantielle) la fonction de dirigeant de la SARL MPC (01/2019-05/2025), déjà établie par Sud Ouest en première passe. Le wikitext brut Wikipédia (entièrement relu) confirme la séquence militaire/restaurateur/chef d'entreprise mais sans dates précises pour les deux premières périodes, d'où le maintien de la confiance à moyenne. Aucune information sur ses études. Diplôme laissé inconnu (chef d'entreprise et restaurateur n'impliquent pas de diplôme particulier)."
PA794518,M.,Pierre,Marle,1954-02-19,Bollezeele,Horizons & Indépendants,Nord,14,Directeur d'école primaire (retraité),"Professions de l’enseignement primaire et professionnel, de la formation continue et du sport",Professions intermédiaires,http://www.wikidata.org/entity/Q65591952,https://fr.wikipedia.org/wiki/Pierre_Marle,bac+3_4,enseignement,0,1,0,public_uniquement,moyenne,"Profession déclarée « Directeur d'école primaire (retraité) », confirmée dans les grandes lignes par Wikipédia qui détaille surtout son mandat de maire de Bollezeele (élu 2014, réélu 2020) et son entrée à l'Assemblée en 2024 comme suppléant de Paul Christophe. Aucun nom d'établissement scolaire ni date de carrière précise retrouvés (fiche AN succincte, page lesbiographies.com protégée par une authentification, articles de La Voix du Nord inaccessibles). Diplôme inféré comme pour Véronique Ludmann : le métier de directeur d'école suppose la certification d'enseignant du premier degré, mais l'institution et l'année exactes restent inconnues, d'où confiance moyenne."
PA719080,Mme,Sandra,Marsaud,1974-01-02,Périgueux,Ensemble pour la République,Charente,2,Cadre (entreprises publiques),Cadres des services administratifs et commerciaux d’entreprise,Cadres et professions intellectuelles supérieures,http://www.wikidata.org/entity/Q30349074,https://fr.wikipedia.org/wiki/Sandra_Marsaud,bac+5,lettres-sciences humaines,1,0,0,prive_uniquement,haute,
PA841825,M.,Patrice,Martin,1963-09-13,Neufchâtel-en-Bray,Rassemblement National,Seine-Maritime,6,(11) - Agriculteur sur petite exploitation,Agriculteurs exploitants,Agriculteurs exploitants,http://www.wikidata.org/entity/Q62578128,https://fr.wikipedia.org/wiki/Patrice_Martin_(homme_politique),inconnu,agriculture,1,0,0,prive_uniquement,haute,"France 3 Régions (portrait « qui est Patrice Martin », consulté directement) : il se présente lui-même comme « petit agriculteur laitier » dans le pays de Bray, âgé de 60 ans en 2024, ce qui confirme et précise la profession déclarée (agriculteur sur petite exploitation). Aucune autre activité professionnelle mentionnée. Aucune information sur ses études retrouvée. - L'index HATVP local confirme l'activité d'exploitant agricole (08/2018-07/2024) et révèle un mandat de dirigeant chez « OPLASE », une entité identifiée via l'API officielle recherche-entreprises.api.gouv.fr comme domiciliée à la Maison du Lait (siège des fédérations laitières françaises) et classée « activités des organisations professionnelles » : cohérent avec son statut d'« agriculteur laitier » revendiqué à France 3 Régions. Aucune information sur ses études trouvée (wikitext brut Wikipédia entièrement relu, essentiellement consacré à ses controverses). Diplôme laissé inconnu."
PA342384,Mme,Élisa,Martin,1972-05-15,Nancy,La France insoumise - Nouveau Front Populaire,Isère,3,"Professeur, profession scientifique",Cadres administratifs et techniques de la fonction publique,Cadres et professions intellectuelles supérieures,http://www.wikidata.org/entity/Q50938755,https://fr.wikipedia.org/wiki/%C3%89lisa_Martin,bac+3_4,lettres-sciences humaines,0,1,0,public_uniquement,moyenne,Niveau exact du diplôme de philosophie non précisé dans la source.
PA793342,Mme,Alexandra,Martin (Alpes-Maritimes),1968-10-25,Nice,Droite Républicaine,Alpes-Maritimes,8,Employé civil et agent de service de la fonction publique,"Employés administratifs de la fonction publique, agents de service et auxiliaires de santé",Employés,http://www.wikidata.org/entity/Q112639321,https://fr.wikipedia.org/wiki/Alexandra_Martin_(1968),bac+3_4,droit,0,0,1,politique_principalement,moyenne,Diplôme de droit non précisément défini ; carrière connue limitée à des fonctions politiques/de cabinet.
PA793944,Mme,Alexandra,Martin (Gironde),1976-07-28,Bordeaux,Ensemble pour la République,Gironde,1,Sans profession déclarée,Cadres d'entreprise,Cadres et professions intellectuelles supérieures,http://www.wikidata.org/entity/Q120798609,https://fr.wikipedia.org/wiki/Alexandra_Martin_(1976),inconnu,,1,0,0,prive_uniquement,haute,"Confirmé par ÉlyséeScope (« exerçait la profession de responsable centre de formation ») ainsi que par les sources déjà identifiées lors d'une recherche précédente (lechodusud.com, ici.fr) et Wikipédia : responsable d'un centre de formation aux métiers de l'industrie à Bruges, identifié comme le Pôle Formation UIMM Nouvelle-Aquitaine (structure de formation professionnelle privée liée au patronat de l'industrie, confirmée existante via formation-maisonindustrie.com et la fiche letudiant.fr de l'établissement). Aucune information sur ses études personnelles trouvée malgré plusieurs recherches. - Aucune amélioration par rapport à la première passe : elle n'a pas d'entrée dans l'index HATVP local (null), et le wikitext brut de l'infobox Wikipédia (entièrement relu) laisse les champs « université » et « profession » vides. Le texte biographique confirme uniquement le poste déjà connu de responsable de centre de formation à Bruges, sourcé à la profession de foi officielle des législatives 2022 (programme-candidats.interieur.gouv.fr). Diplôme laissé inconnu ; carrière inchangée mais reconfirmée par une source supplémentaire (le wikitext lui-même cite la profession de foi officielle)."
PA795100,M.,Éric,Martineau,1968-05-08,Le Mans,Les Démocrates,Sarthe,3,Agriculteur sur moyenne exploitation,Agriculteurs exploitants,Agriculteurs exploitants,http://www.wikidata.org/entity/Q98236409,https://fr.wikipedia.org/wiki/%C3%89ric_Martineau,inconnu,agriculture,1,0,0,prive_uniquement,haute,"Son site personnel (eric-martineau72.fr, page « qui suis-je », consultée directement) indique qu'il a « repris en janvier 1990 l'exploitation familiale de pommes, en cultures biologique et éco-responsable » à la Ferme des Quantières, qu'il continue d'exploiter avec des associés. Il a ensuite été conseiller municipal puis maire de Chenu (2020-2022) avant de devenir député en 2022. Aucune information sur son parcours scolaire ou une éventuelle formation agricole (BTSA, BPREA) n'a été retrouvée malgré une recherche ciblée. - L'index HATVP local confirme l'activité de producteur de pommes déjà établie (site eric-martineau72.fr) et révèle deux activités complémentaires jusque-là inconnues : un gîte touristique (auto-entreprise, depuis 2017) et des mandats de dirigeant dans des organisations professionnelles de la filière pomicole (OP Renaissance, ANPP), cohérents avec son profil d'arboriculteur engagé dans la structuration de sa filière. Aucune information sur un éventuel diplôme agricole (BTSA, BPREA) trouvée dans le wikitext brut Wikipédia (entièrement relu). Diplôme laissé inconnu."
PA794770,Mme,Michèle,Martinez,1968-06-06,Perpignan,Rassemblement National,Pyrénées-Orientales,4,Clerc d'huissier,Professions intermédiaires administratives et commerciales des entreprises,Professions intermédiaires,http://www.wikidata.org/entity/Q112640893,https://fr.wikipedia.org/wiki/Mich%C3%A8le_Martinez,bac+2,droit,1,0,0,prive_uniquement,moyenne,"Aucune information biographique substantielle au-delà de la profession déclarée (clerc d'huissier, catégorie INSEE professions intermédiaires administratives). La profession de foi Barodet (législatives 2022, PDF consulté directement) ne mentionne qu'un mandat de conseillère municipale déléguée de Perpignan, sans détail de carrière ni d'études. Contrairement à des professions strictement réglementées (pharmacien, infirmier, etc.), le métier de clerc d'huissier n'impose pas nécessairement un diplôme universitaire précis (souvent un BTS carrières juridiques ou une expérience professionnelle), donc aucune inférence de diplôme n'a été retenue. - Deux avancées de cette passe. D'abord, l'index HATVP local nomme enfin l'étude d'huissier jusque-là non identifiée (SCP Vuillemin Chazel Bouley, 2018-2019) et révèle un poste ultérieur chez un cabinet de recouvrement (BRR, 2019-2021), ce qui reconstitue une carrière complète et datée. Ensuite, le wikitext brut de l'infobox Wikipédia (non consulté en première passe, qui ne s'était appuyée que sur la profession de foi Barodet) contient un champ « université = [[Clerc d'huissier de justice|ENP]] » : l'article Wikipédia « Clerc d'huissier de justice » (vérifié) explique que l'ENP est l'École Nationale de Procédure (ENPEPP), l'établissement paritaire privé qui forme les clercs en alternance avec l'étude, sur une durée d'un à deux ans selon le niveau de qualification visé (clerc aux procédures, clerc significateur, clerc expert). Le niveau exact obtenu (bac+2 ou moins) reste incertain ; retenu à bac+2 par analogie avec les formations professionnelles courtes de ce type, confiance plafonnée à moyenne car il s'agit d'une inférence à partir du nom de l'établissement et non d'un diplôme explicitement nommé."
PA720146,M.,Denis,Masséglia,1981-04-11,Nice,Ensemble pour la République,Maine-et-Loire,5,Ingénieur Arts et métiers,Cadres des services administratifs et commerciaux d’entreprise,Cadres et professions intellectuelles supérieures,http://www.wikidata.org/entity/Q30377701,https://fr.wikipedia.org/wiki/Denis_Mass%C3%A9glia,bac+5,ingenierie,1,0,0,prive_uniquement,moyenne,
PA720976,M.,Max,Mathiasin,1956-02-24,Deshaies,"Libertés, Indépendants, Outre-mer et Territoires",Guadeloupe,3,Fonction publique territoriale,Cadres administratifs et techniques de la fonction publique,Cadres et professions intellectuelles supérieures,http://www.wikidata.org/entity/Q30378055,https://fr.wikipedia.org/wiki/Max_Mathiasin,bac+3_4,,0,1,0,public_uniquement,moyenne,"Aucun diplôme retrouvé malgré recherche large (fiche AN, Wikipédia complète avec notes/liens externes, HATVP, presse - la1ere.francetvinfo.fr et tijournal.fr bloqués au fetch). Carrière avant 2017 reconstituée via Wikipédia : nomination à la caisse des écoles de Pointe-à-Pitre puis directeur administratif et financier de Guadeloupe Formation (organisme de formation professionnelle rattaché à la Région), les deux dans la sphère publique/parapublique territoriale, cohérent avec la profession déclarée « Fonction publique territoriale ». La déclaration HATVP (mandat 2022-2024) ne mentionne aucune activité professionnelle rémunérée hors mandat (« Néant »), ce qui ne documente pas la période antérieure à 2017. - Le wikitext brut de Wikipédia (entièrement relu, y compris la section « Affaires judiciaires » non consultée en détail en première passe) précise qu'il était « le directeur, jusqu'en 2016, de la caisse des écoles de Pointe-à-Pitre » avant de devenir directeur administratif et financier de Guadeloupe Formation en septembre 2016 : plus précis que la première passe (« Cadre »). L'index HATVP local ne contient aucune activité professionnelle pour lui (seulement des mandats électifs et un bénévolat associatif sportif sans rapport). Un poste de direction d'un établissement public communal correspond typiquement à un cadre de catégorie A de la fonction publique territoriale (assimilable à un attaché territorial) ; sur cette base, le diplôme est inféré à bac+3_4, conformément à la règle sur les emplois de catégorie A, avec confiance plafonnée à moyenne car il s'agit d'une inférence à partir du titre du poste et non d'un diplôme confirmé. Aucune institution nommée, `degrees` laissé vide. Recherches complémentaires infructueuses : la1ere.francetvinfo.fr et tijournal.fr toujours inaccessibles au fetch direct."
PA720728,M.,Jean-Paul,Mattei,1954-03-21,Saarburg,Les Démocrates,Pyrénées-Atlantiques,2,Notaire,Professions libérales,Cadres et professions intellectuelles supérieures,http://www.wikidata.org/entity/Q30378193,https://fr.wikipedia.org/wiki/Jean-Paul_Matte%C3%AF,bac+5,droit,1,0,0,prive_uniquement,haute,"Bac économique (lycée Barthou, Pau) puis fac de droit à Pau, DESS de droit notarial, puis diplôme supérieur de notariat achevé à Toulouse ; notaire associé fondateur de la SELARL Matteï et Associés à Pau depuis 1993. Confirmé par HATVP (« NOTAIRE GÉRANT ASSOCIE », SELARL MATTEI ET ASSOCIES, 2017-2023) et par bap-europe.com, dont le texte a été vérifié directement par curl+grep (« il obtient un DESS droit notarial avant d'achever sa formation universitaire... maître de conférences associé à la fac de Pau »)."
PA795422,M.,Damien,Maudet,1996-11-14,Brive-la-Gaillarde,La France insoumise - Nouveau Front Populaire,Haute-Vienne,1,Cadre administratif et commercial d'entreprise,Cadres des services administratifs et commerciaux d’entreprise,Cadres et professions intellectuelles supérieures,http://www.wikidata.org/entity/Q112635145,https://fr.wikipedia.org/wiki/Damien_Maudet,bac+5,lettres-sciences humaines | sciences politiques,1,0,0,politique_principalement,haute,A aussi occupé de petits emplois étudiants avant son engagement politique.
PA842271,M.,Emmanuel,Maurel,1973-05-10,Epinay-sur-Seine,Gauche Démocrate et Républicaine,Val-d'Oise,3,"(34) - Professeur, profession scientifique","Professions de l’enseignement primaire et professionnel, de la formation continue et du sport",Professions intermédiaires,http://www.wikidata.org/entity/Q3052795,https://fr.wikipedia.org/wiki/Emmanuel_Maurel,bac+5,sciences politiques | lettres-sciences humaines,0,1,0,politique_principalement,haute,"Bref passage comme enseignant vacataire à Sciences Po, mais carrière ensuite dominée par des fonctions politiques (parti, région, Parlement européen)."
PA794262,Mme,Patricia,Maussion,1968-09-23,Sainte-Gemmes-D'Andigné,Les Démocrates,Maine-et-Loire,7,Agricultrice,Agriculteurs exploitants,Agriculteurs exploitants,http://www.wikidata.org/entity/Q63455916,https://fr.wikipedia.org/wiki/Patricia_Maussion,inconnu,agriculture,1,0,0,prive_uniquement,moyenne,"Aucun diplôme (agricole ou autre) retrouvé. Vérifié : Wikipédia (texte complet + wikitexte brut, aucune mention de formation), fiche AN, absence de lien HATVP sur la page Wikipédia (élue très récemment, avril 2026, en remplacement de Philippe Bolo - déclaration probablement pas encore publiée ou non requise). Un article d'Oxygène Radio est cité en source Wikipédia mais n'a pas pu être récupéré. Carrière d'agricultrice indépendante bien établie depuis 1993 (source Wikipédia). - Aucune amélioration possible sur le diplôme malgré une nouvelle recherche : pas d'entrée dans l'index HATVP local (élue très récemment, le 27 avril 2026, en remplacement de Philippe Bolo ; déclaration probablement pas encore publiée, comme pour d'autres élus de remplacement très récents du même lot). L'article Wikipédia, désormais beaucoup plus étoffé (texte complet et wikitexte brut), ne mentionne toujours aucune formation. Deux nouveaux articles de presse récupérés et vérifiés par curl+grep (20 Minutes du 3 avril 2026, contenu confirmé en JSON-LD article body ; Ouest-France renvoie une page d'erreur serveur, pas de contenu) confirment le profil d'éleveuse bio issue d'une famille d'agriculteurs (fratrie de quatre enfants) mais n'apportent aucune information de formation ni de nouvel employeur. L'article d'Oxygène Radio, déjà signalé irrécupérable par le premier passage, est confirmé être une page rendue entièrement en JavaScript (seul un blob de configuration du lecteur radio est présent dans le HTML statique, aucun texte d'article). Carrière reprise du premier passage et complétée par la présidence du Pays de l'Anjou Bleu depuis 2020 (mentionnée dans le nouvel article Wikipédia et confirmée par 20 Minutes), une fonction politique locale du même ordre que ses mandats électifs."
PA793616,M.,Kévin,Mauvieux,1991-09-09,Pont-Audemer,Rassemblement National,Eure,3,Conseiller en assurance,Employés de commerce,Employés,http://www.wikidata.org/entity/Q112649848,https://fr.wikipedia.org/wiki/K%C3%A9vin_Mauvieux,bac+3_4,economie,1,0,0,prive_uniquement,moyenne,La licence en économie est signalée comme non sourcée dans l'article (« réf. nécessaire »).
PA794686,Mme,Marianne,Maximi,1985-11-13,Louviers,La France insoumise - Nouveau Front Populaire,Puy-de-Dôme,1,Profession intermédiaire de la santé et du travail social,"Professions de l’enseignement primaire et professionnel, de la formation continue et du sport",Professions intermédiaires,http://www.wikidata.org/entity/Q112635593,https://fr.wikipedia.org/wiki/Marianne_Maximi,bac+5,lettres-sciences humaines | autre,0,1,0,public_uniquement,haute,"Des emplois d'étudiante (surveillante, La Poste) menés en parallèle de ses études ne sont pas comptés comme carrière."
PA841931,M.,Laurent,Mazaury,1965-08-23,Pantin,"Libertés, Indépendants, Outre-mer et Territoires",Yvelines,11,(37) - Cadre administratif et commercial d'entreprise,Cadres des services administratifs et commerciaux d’entreprise,Cadres et professions intellectuelles supérieures,http://www.wikidata.org/entity/Q127256521,https://fr.wikipedia.org/wiki/Laurent_Mazaury,inconnu,,1,0,0,prive_uniquement,haute,"Dossier extrêmement pauvre en source : la biographie Wikipédia (texte intégral et wikitexte brut) ne contient que la date/lieu de naissance, aucune information de carrière ou de formation. La fiche AN ne donne que la catégorie socioprofessionnelle auto-déclarée « Cadre administratif et commercial d'entreprise » (identique à la catégorie INSEE), sans nom d'employeur. Aucun lien HATVP présent sur la page Wikipédia ; une tentative d'URL HATVP devinée (hatvp.fr/fiche-nominative/?declarant=mazaury-laurent) redirige vers la page d'accueil, donc non valide. Les identifiants Wikidata ne comportent aucune propriété employeur/formation. Le secteur privé est retenu uniquement sur la base de la catégorie socioprofessionnelle auto-déclarée. - Le dossier était extrêmement pauvre lors du premier passage (aucune information de carrière ou de formation, aucun lien HATVP trouvé via Wikipédia). L'index HATVP local (non disponible au premier passage) révèle une carrière nette et datée : directeur de l'offre et du développement chez Cityz Média (groupe audiovisuel/média local, sans doute lié à la chaîne « Cityzen TV » de l'ouest parisien) de janvier 2018 à juillet 2024, puis président de la SEM Média de l'Ouest Parisien et dirigeant de la SEM Ciné 7 (société d'économie mixte gérant des salles de cinéma dans l'agglomération de Saint-Quentin-en-Yvelines), cohérent avec la profession déclarée « Cadre d'entreprise » de l'infobox Wikipédia. Cette carrière media/cinéma via des SEM est traitée comme secteur « prive » par convention du projet (statut de droit privé des SEM, comme pour Philippe Naillet/SEM Sodiac). Aucun diplôme trouvé malgré une recherche élargie : le wikitexte brut Wikipédia laisse le champ « université » vide et ne mentionne que la profession ; une recherche plein texte Wikipédia sur « Laurent Mazaury » + « Cityz » ne retourne aucun résultat ; la fiche AN ne contient aucune information de formation."
PA719436,M.,Nicolas,Meizonnet,1983-12-22,Nîmes,Rassemblement National,Gard,2,Ingénieur en informatique,Cadres des services administratifs et commerciaux d’entreprise,Cadres et professions intellectuelles supérieures,http://www.wikidata.org/entity/Q44508694,https://fr.wikipedia.org/wiki/Nicolas_Meizonnet,bac+3_4,informatique,0,0,1,politique_principalement,basse,"La profession déclarée à l'Assemblée (« Ingénieur en informatique ») n'est corroborée par aucun employeur ni diplôme nommé dans sa biographie Wikipédia, qui ne documente qu'un parcours politique — donc pas retenue comme base d'inférence bac+5. Les seules études documentées sont en informatique à l'université Montpellier-II (niveau/obtention non précisés, sourcé à une page de syllabus DEUG MASS du LIRMM et à Midi Libre) puis un « master 1 » de psychologie clinique entamé en 2019 (première année seulement, non confirmé comme achevé). Toute la carrière documentée est politique : assistant parlementaire de Gilbert Collard depuis 2012, puis président de son propre micro-parti. La HATVP ne recense aucune activité salariée (seulement mandats et le parti politique qu'il dirige/dont il est bénévole)."
PA719338,Mme,Graziella,Melchior,1960-04-06,Brest,Ensemble pour la République,Finistère,5,Professeure agrégée,Cadres administratifs et techniques de la fonction publique,Cadres et professions intellectuelles supérieures,http://www.wikidata.org/entity/Q30339298,https://fr.wikipedia.org/wiki/Graziella_Melchior,bac+5,gestion-commerce,1,1,0,mixte_public_prive,haute,
PA720370,M.,Ludovic,Mendes,1987-04-11,Metz,Ensemble pour la République,Moselle,2,Cadre supérieur (secteur privé),Cadres des services administratifs et commerciaux d’entreprise,Cadres et professions intellectuelles supérieures,http://www.wikidata.org/entity/Q30525139,https://fr.wikipedia.org/wiki/Ludovic_Mendes,inconnu,,1,0,0,prive_uniquement,moyenne,"Carrière privée bien documentée par Wikipédia (issu d'une famille d'ouvriers, responsable commercial puis créateur/gérant de la société de nettoyage ENIDD, liquidée judiciairement en 2016 avec interdiction de gérer confirmée en appel puis en cassation) et confirmée par de nombreuses sources de presse citées (Le Républicain lorrain, Société.com, BODACC). Aucune information de formation/diplôme trouvée : la déclaration HATVP ne détaille aucune activité professionnelle (« Néant »), et les articles de presse évoquant possiblement sa formation (Le Point « les non-dits d'un candidat », Nouvel Obs/Rue89, 20 Minutes) n'ont pas pu être récupérés (accès bloqué). - Aucune amélioration possible : l'index HATVP local confirme ce que le premier passage avait déjà trouvé par la déclaration elle-même (section « activités » vide, cohérent avec le « Néant » cité dans les notes précédentes). Le wikitexte brut Wikipédia ne contient aucune information supplémentaire par rapport au texte déjà exploité (même paragraphe « Jeunesse et parcours professionnel », toujours marqué {{refnec}} sur le passage évoquant les études à Metz avant le poste de responsable commercial, sans nom d'établissement ni de diplôme). Carrière reprise à l'identique du premier passage, déjà très bien sourcée par la presse (Le Républicain lorrain, Société.com, BODACC, Cour de cassation)."
PA841463,Mme,Estelle,Mercier,1973-01-15,Nancy,Socialistes et apparentés,Meurthe-et-Moselle,1,"(34) - Professeur, profession scientifique",Cadres administratifs et techniques de la fonction publique,Cadres et professions intellectuelles supérieures,http://www.wikidata.org/entity/Q127274355,https://fr.wikipedia.org/wiki/Estelle_Mercier,doctorat,gestion-commerce,0,1,0,public_uniquement,haute,
PA841215,Mme,Marie,Mesmeur,1994-08-12,Landerneau,La France insoumise - Nouveau Front Populaire,Ille-et-Vilaine,1,Educatrice spécialisée,"Professions de l’enseignement primaire et professionnel, de la formation continue et du sport",Professions intermédiaires,http://www.wikidata.org/entity/Q127256695,https://fr.wikipedia.org/wiki/Marie_Mesmeur,bac+5,lettres-sciences humaines | autre,0,1,0,public_uniquement,moyenne,"Elle a débuté une thèse de doctorat en sociologie, non confirmée comme achevée avant son élection ; le secteur d'exercice comme éducatrice spécialisée n'est pas précisé."
PA719640,Mme,Sophie,Mette,1959-09-13,Montauban,Les Démocrates,Gironde,9,Sans profession déclarée,Sans profession déclarée,Sans profession déclarée,http://www.wikidata.org/entity/Q30490415,https://fr.wikipedia.org/wiki/Sophie_Mette,bac+3_4,communication-journalisme,1,0,0,politique_principalement,haute,"Profession déclarée « Sans profession déclarée » à l'AN, confirmé par la déclaration HATVP qui indique « Néant » pour toute activité professionnelle rémunérée à la date de l'élection ou dans les cinq années précédentes. La biographie Wikipédia (texte intégral) ne mentionne aucune activité professionnelle avant son engagement associatif bénévole à Bazas à partir de 1987 puis politique à partir de 2001 ; aucune formation ou diplôme cité. Aucune autre source n'a pu être identifiée. - Le premier passage concluait à « aucune activité professionnelle » avant l'engagement associatif de 1987, en s'appuyant sur le texte Wikipédia et la déclaration HATVP « Néant ». Une source non exploitée par le premier passage — l'article Sud Ouest « Sophie Mette, un parcours local » (20 juin 2017), déjà cité en référence dans l'article Wikipédia mais jamais récupéré — a été vérifiée par curl+grep (texte réellement présent sur la page, pas de fabrication) : « Elle poursuit ensuite des études à Bordeaux où elle obtient un DUT communication et un diplôme à l'ISIC et travaille dans la formation professionnelle pour adultes. Deux ans plus tard, la voilà à Bazas [...] ». Cela établit un diplôme nommé (DUT communication, puis un second diplôme non précisé à l'ISIC, école bordelaise de communication) et un emploi salarié réel avant son installation à Bazas en 1987, ce qui contredit le « aucune activité professionnelle » retenu précédemment. Niveau retenu à bac+3_4 (le DUT seul est bac+2, mais la poursuite d'études à l'ISIC immédiatement après suggère au moins une licence professionnelle ; le nom exact du diplôme ISIC n'est pas précisé par l'article, donc pas de bac+5 sans confirmation). L'index HATVP local ajoute par ailleurs un mandat non salarié de dirigeante du MoDem (06/2013-09/2024, probablement responsable de la fédération départementale), plus des sièges à LCP et au Comité de bassin Adour-Garonne en 2024-2025 obtenus après son élection (non retenus comme carrière pré-politique). Compte tenu de la brève carrière salariée (~2 ans) suivie de plus de 35 ans d'engagement associatif puis politique continu, le profil de carrière est classé « politique_principalement » malgré le travail privé initial avéré."
PA795176,M.,Nicolas,Metzdorf,1988-05-20,Nouméa,Ensemble pour la République,Nouvelle-Calédonie,1,Ingénieur et cadre technique d'entreprise,Cadres administratifs et techniques de la fonction publique,Cadres et professions intellectuelles supérieures,http://www.wikidata.org/entity/Q32557023,https://fr.wikipedia.org/wiki/Nicolas_Metzdorf,bac+5,agriculture,1,1,0,mixte_public_prive,haute,"Bac ES (2005), BTSA au lycée agricole de Pouembout (2007), licence d'agronomie à l'Université de Strasbourg puis master recherche en agro-géographie (Paris-Diderot / AgroParisTech, 2012), tout confirmé et sourcé dans l'infobox et le corps de l'article Wikipédia. De retour en Nouvelle-Calédonie comme ingénieur agronome, recruté adjoint au chef de service agriculture de la province Nord — confirmé par HATVP (« chef de service », province nord, 11/2012-06/2014, « activité de salariée »). Co-gérant de CYN SARL depuis 2019 (privé, HATVP) et dirigeant d'ENERCAL 2018-2019 (société d'économie mixte majoritairement publique, HATVP), en parallèle de mandats politiques provinciaux puis nationaux."
PA719272,Mme,Frédérique,Meunier,1960-12-08,Paris,Droite Républicaine,Corrèze,2,Avocate,Professions libérales,Cadres et professions intellectuelles supérieures,http://www.wikidata.org/entity/Q30339260,https://fr.wikipedia.org/wiki/Fr%C3%A9d%C3%A9rique_Meunier,bac+5,droit,1,,0,prive_uniquement,moyenne,"Le diplôme est déduit de la profession d'avocate (CAPA), non détaillé dans la biographie."
PA795482,Mme,Manon,Meunier,1996-03-30,Limoges,La France insoumise - Nouveau Front Populaire,Haute-Vienne,3,Cadre de la fonction publique,Cadres administratifs et techniques de la fonction publique,Cadres et professions intellectuelles supérieures,http://www.wikidata.org/entity/Q112653377,https://fr.wikipedia.org/wiki/Manon_Meunier,bac+5,agriculture | ingenierie,0,1,0,public_uniquement,moyenne,"Secteur de l'emploi d'aide-soignante non précisé dans la source, supposé public par défaut."
PA793852,M.,Pierre,Meurin,1989-11-30,Paris,Rassemblement National,Gard,4,Cadre administratif et commercial d'entreprise,Cadres des services administratifs et commerciaux d’entreprise,Cadres et professions intellectuelles supérieures,http://www.wikidata.org/entity/Q61769367,https://fr.wikipedia.org/wiki/Pierre_Meurin,bac+5,droit,1,0,0,politique_principalement,haute,"Poste à l'ISSEP, institut privé proche de la mouvance politique de Marion Maréchal; carrière par ailleurs très marquée par des engagements politiques et de cabinet."
PA841395,M.,Maxime,Michelet,1992-04-19,Châlons-sur-Marne,Union des droites pour la République,Marne,3,Historien,Cadres administratifs et techniques de la fonction publique,Cadres et professions intellectuelles supérieures,http://www.wikidata.org/entity/Q117311808,https://fr.wikipedia.org/wiki/Maxime_Michelet,bac+5,lettres-sciences humaines,0,1,0,public_uniquement,haute,Inscrit en thèse d'histoire en 2017 mais obtention du doctorat non confirmée dans la source.
PA841769,M.,Éric,Michoux,1959-06-17,Paris,Union des droites pour la République,Saône-et-Loire,4,(23) - Chef d'entreprise de 10 salariés ou plus,Chefs d'entreprise de plus de 10 personnes,"Artisans, commerçants et chefs d'entreprise",http://www.wikidata.org/entity/Q65593196,https://fr.wikipedia.org/wiki/%C3%89ric_Michoux,inconnu,,1,0,0,prive_uniquement,moyenne,"La déclaration HATVP (URL trouvée via le modèle {{Liens}} de la page Wikipédia) donne un employeur nommé et vérifiable : président directeur général de GALILE SAS depuis janvier 2019 (rémunération déclarée : 76 241 € en 2024), avec de très nombreux mandats sociaux non rémunérés dans des filiales du groupe (secteur énergie industrielle/chaudières). Cohérent avec la profession déclarée « Chef d'entreprise de 10 salariés ou plus ». Wikipédia ne précise ni école ni diplôme (« Il devient chef d'entreprise » sans autre détail) ; aucune biographie/portrait détaillé n'a pu être trouvé (site GALILE et Pappers inaccessibles, presse locale lejsl.com/francebleu.fr limitée aux résultats électoraux). Éducation reste non documentée. - Aucune amélioration trouvée sur le diplôme. L'index HATVP local confirme intégralement ce que le premier passage avait déjà établi via le même index (PDG de GALILE SAS depuis janvier 2018/2019, dizaines de mandats sociaux non rémunérés dans les filiales du groupe) : pas d'information nouvelle. Le wikitexte brut Wikipédia (récemment enrichi avec une photo de 2026) reste muet sur la formation : le champ « université » de l'infobox est vide et le texte se limite à « Il devient chef d'entreprise » sans nom d'école ni de diplôme, sourcé uniquement par un article France Bleu sur les résultats électoraux 2024. Carrière reprise à l'identique."
PA795664,M.,Paul,Midy,1983-01-25,Fontainebleau,Ensemble pour la République,Essonne,5,Chef d'entreprise de 10 salariés ou plus,Chefs d'entreprise de plus de 10 personnes,"Artisans, commerçants et chefs d'entreprise",http://www.wikidata.org/entity/Q111378729,https://fr.wikipedia.org/wiki/Paul_Midy,bac+5,ingenierie,1,1,0,mixte_public_prive,haute,
PA817203,Mme,Laure,Miller,1983-12-25,Reims,Ensemble pour la République,Marne,2,Avocate,Professions libérales,Cadres et professions intellectuelles supérieures,http://www.wikidata.org/entity/Q63766458,https://fr.wikipedia.org/wiki/Laure_Miller,bac+5,droit,1,0,0,prive_uniquement,moyenne,Le diplôme de droit n'est pas explicitement mentionné mais est requis pour exercer la profession d'avocate qu'elle a brièvement exercée.
PA643104,Mme,Christelle,Minard,1970-10-04,Chartres,Droite Républicaine,Eure-et-Loir,2,Agricultrice,Agriculteurs exploitants,Agriculteurs exploitants,http://www.wikidata.org/entity/Q63764691,https://fr.wikipedia.org/wiki/Christelle_Minard,inconnu,agriculture | enseignement,1,0,0,prive_uniquement,moyenne,"Correction par rapport à l'hypothèse précédente (« public par défaut ») : l'annuaire officiel de l'éducation (data.education.gouv.fr, dataset fr-en-annuaire-education) confirme que le « Lycée d'enseignement agricole privé de Nermont » a le statut « Privé », sous contrat avec l'État (tutelle : ministère de l'Agriculture), et n'est donc pas un établissement public. La déclaration HATVP (URL trouvée dans le HTML rendu de la page Wikipédia : minard-christelle-21338) ne mentionne que ses activités agricoles (gérante d'exploitation puis de SCEA), pas le poste d'enseignante, dont les dates restent donc inconnues. Aucun diplôme (agricole, universitaire ou d'enseignement) retrouvé ; l'article de presse le plus détaillé (lechorepublicain.fr) est bloqué par un pare-feu anti-robot. - Aucune amélioration sur le diplôme. Le wikitexte brut Wikipédia (article très étoffé, photo de 2026) précise enfin comment elle est devenue enseignante : « elle devient enseignante après une rencontre avec la directrice du lycée agricole de Nermont », soit un recrutement par relation personnelle et non par concours ou titre requis - ceci exclut d'inférer un diplôme d'enseignement réglementé (contrairement à un professeur certifié/agrégé recruté par concours). L'index HATVP local confirme les activités agricoles déjà connues (gérante d'exploitation individuelle puis SCEA depuis 2020, gérante depuis 07/2022) mais ne mentionne jamais le poste d'enseignante ni de diplôme ; il liste en revanche une longue série de mandats non rémunérés (« dirigeant ») liés à ses fonctions d'élue locale (CAUE, agence technique départementale, SEM Sempat 28, office du tourisme de Dreux, Sivom et CCAS de Tremblay-les-Villages, association Initiative Eure-et-Loir, agence départementale du tourisme, etc.) — non retenus comme carrière car ce sont des sièges institutionnels attachés à son mandat de conseillère départementale/vice-présidente, pas des emplois. L'article de L'Écho Républicain cité en référence Wikipédia (« Femme et agricultrice : Christelle Minard ») reste bloqué par Cloudflare (« Sorry, you have been blocked »), confirmé par curl."
PA795962,Mme,Joséphine,Missoffe,1973-09-24,Boulogne Billancourt,Ensemble pour la République,Paris,14,Infirmière-Puéricultrice,"Professions de l’enseignement primaire et professionnel, de la formation continue et du sport",Professions intermédiaires,http://www.wikidata.org/entity/Q130340094,https://fr.wikipedia.org/wiki/Jos%C3%A9phine_Missoffe,bac+3_4,medecine-sante,1,0,0,prive_uniquement,moyenne,"Elle étudie à la Maison d'éducation de la Légion d'honneur (un lycée, pas un établissement d'enseignement supérieur), puis obtient un diplôme d'infirmière-puéricultrice — sourcé par Le Monde (2019), cité dans Wikipédia. Niveau bac+3_4 par la règle « infirmier » du référentiel de professions réglementées. Elle travaille ensuite comme infirmière puis directrice de crèche ; seul l'emploi le plus récent est confirmé par la HATVP : « Responsable de structure petite enfance », Croix-Rouge Île-de-France, 06/2023-09/2024 — un employeur associatif, classé ici par convention dans le seau « prive_uniquement » faute de catégorie « associatif » dans l'énumération career_profile. Les employeurs antérieurs (infirmière, première direction de crèche) restent non identifiés."
PA607619,M.,Paul,Molac,1962-05-21,Ploermel,"Libertés, Indépendants, Outre-mer et Territoires",Morbihan,4,Professeur du secondaire,Cadres administratifs et techniques de la fonction publique,Cadres et professions intellectuelles supérieures,http://www.wikidata.org/entity/Q3371854,https://fr.wikipedia.org/wiki/Paul_Molac,bac+3_4,agriculture | lettres-sciences humaines,1,1,0,mixte_public_prive,haute,
PA842147,M.,Christophe,Mongardien,1963-01-09,Marseille,Ensemble pour la République,Hauts-de-Seine,13,Ingénieur - Responsable Support Technique Grands Comptes,Ingénieurs et cadres techniques d’entreprise,Cadres et professions intellectuelles supérieures,http://www.wikidata.org/entity/Q130340068,https://fr.wikipedia.org/wiki/Christophe_Mongardien,bac+5,ingenierie,1,0,0,prive_uniquement,haute,
PA793174,M.,Yannick,Monnet,1975-10-07,Moulins,Gauche Démocrate et Républicaine,Allier,1,Cadre de la fonction publique,Cadres administratifs et techniques de la fonction publique,Cadres et professions intellectuelles supérieures,http://www.wikidata.org/entity/Q112638039,https://fr.wikipedia.org/wiki/Yannick_Monnet,bac+5,autre,0,1,0,public_uniquement,moyenne,Le niveau du diplôme d'ingénierie sociale (souvent assimilé à un niveau master) reste une inférence.
PA840915,M.,Thibaut,Monnier,1987-02-24,Belfort,Rassemblement National,Drôme,4,(37) - Cadre administratif et commercial d'entreprise,Cadres des services administratifs et commerciaux d’entreprise,Cadres et professions intellectuelles supérieures,http://www.wikidata.org/entity/Q62887837,https://fr.wikipedia.org/wiki/Thibaut_Monnier,bac+5,sciences politiques,1,1,0,mixte_public_prive,moyenne,
PA794810,Mme,Louise,Morel,1995-10-15,Strasbourg,Les Démocrates,Bas-Rhin,6,Cadre administratif et commercial d'entreprise,Cadres des services administratifs et commerciaux d’entreprise,Cadres et professions intellectuelles supérieures,http://www.wikidata.org/entity/Q112651884,https://fr.wikipedia.org/wiki/Louise_Morel_(femme_politique),bac+5,sciences politiques | gestion-commerce,1,0,0,prive_uniquement,moyenne,
PA793696,M.,Serge,Muller,1976-02-26,Toulon,Rassemblement National,Dordogne,2,Profession intermédiaire de la santé et du travail social,"Employés administratifs de la fonction publique, agents de service et auxiliaires de santé",Employés,http://www.wikidata.org/entity/Q112641729,https://fr.wikipedia.org/wiki/Serge_Muller,bac_ou_moins,medecine-sante,0,1,0,public_uniquement,moyenne,"Aide-soignant est une profession réglementée nécessitant le diplôme d'État d'aide-soignant (DEAS, niveau infra-baccalauréat/CAP-BEP, classé ici bac_ou_moins) : inférence explicite, confiance maintenue à moyenne conformément à la règle sur les inférences de profession réglementée. Carrière confirmée par la déclaration HATVP (poste salarié en hôpital public, janvier 2019-juin 2022, montants nets précis) et par Wikipédia (poste antérieur en psychiatrie à Toulon avant son installation en Dordogne en 2014, non daté précisément). Secteur hospitalier = fonction publique hospitalière."
PA793354,Mme,Joëlle,Mélin,1950-03-26,Versailles,Rassemblement National,Bouches-du-Rhône,9,Médecin expert judiciaire,Professions libérales,Cadres et professions intellectuelles supérieures,http://www.wikidata.org/entity/Q17155333,https://fr.wikipedia.org/wiki/Jo%C3%ABlle_M%C3%A9lin,doctorat,medecine-sante,1,1,0,mixte_public_prive,haute,
PA795786,Mme,Yaël,Ménaché,1985-05-12,Péronne,Rassemblement National,Somme,5,Commerciale,Professions intermédiaires administratives et commerciales des entreprises,Professions intermédiaires,http://www.wikidata.org/entity/Q112652868,https://fr.wikipedia.org/wiki/Ya%C3%ABl_M%C3%A9nach%C3%A9,bac+3_4,lettres-sciences humaines | droit,1,0,0,prive_uniquement,haute,
PA794322,M.,Thomas,Ménagé,1992-01-06,Blois,Rassemblement National,Loiret,4,Cadre administratif et commercial d'entreprise,Cadres des services administratifs et commerciaux d’entreprise,Cadres et professions intellectuelles supérieures,http://www.wikidata.org/entity/Q112650795,https://fr.wikipedia.org/wiki/Thomas_M%C3%A9nag%C3%A9,bac+5,droit,1,0,0,politique_principalement,haute,A d'abord eu une carrière politique (parti Debout la France) avant un emploi privé dans l'immobilier juste avant son élection.
PA795820,M.,Marcellin,Nadeau,1962-11-02,Saint-Pierre,Gauche Démocrate et Républicaine,Martinique,2,Cadre de la fonction publique,Cadres administratifs et techniques de la fonction publique,Cadres et professions intellectuelles supérieures,http://www.wikidata.org/entity/Q65594337,https://fr.wikipedia.org/wiki/Marcellin_Nadeau,bac+5,droit,0,1,0,public_uniquement,haute,
PA721486,M.,Christophe,Naegelen,1983-12-30,Remiremont,"Libertés, Indépendants, Outre-mer et Territoires",Vosges,3,Industriel-Chef d'entreprise,Chefs d'entreprise de plus de 10 personnes,"Artisans, commerçants et chefs d'entreprise",http://www.wikidata.org/entity/Q30530164,https://fr.wikipedia.org/wiki/Christophe_Naegelen,bac+5,gestion-commerce,1,0,0,prive_uniquement,haute,
PA643157,M.,Philippe,Naillet,1960-08-14,Saint-Denis,Socialistes et apparentés,Réunion,1,Inspecteur assurance-vie,Cadres des services administratifs et commerciaux d’entreprise,Cadres et professions intellectuelles supérieures,http://www.wikidata.org/entity/Q22683833,https://fr.wikipedia.org/wiki/Philippe_Naillet,inconnu,,1,0,0,prive_uniquement,moyenne,"Wikipédia indique qu'il « a étudié à l'université de La Réunion » sans préciser ni la filière ni le niveau atteint (licence, master, abandon en cours de route) - impossible d'en déduire un niveau de diplôme sans inventer, donc laissé à inconnu malgré plusieurs passes de recherche ciblées sur la formation (articles imazpress.com accessible mais sans détail, lequotidien.re/linfo.re/outremers360.com/ledauphine.com bloqués au fetch). Carrière bien documentée : inspecteur assurance-vie chez AG2R La Mondiale (employeur privé nommé par Wikipédia), puis PDG de la SEM Sodiac de 2014 à 2020 (rémunération confirmée par HATVP), poste à statut de droit privé malgré la présence de capitaux publics dans une SEM. - Aucune amélioration sur le diplôme malgré une nouvelle recherche ciblée : le wikitexte brut Wikipédia confirme seulement « a étudié à l'université de La Réunion » (champ infobox « université » renseigné mais pas de filière ni de niveau) ; le JSON nosdeputes.fr ne fournit que la même profession déclarée « Inspecteur assurance-vie » sans détail supplémentaire ; l'article imazpress.com tenté à nouveau renvoie une erreur 406 (contenu non accessible en curl simple, cohérent avec le blocage déjà signalé par le premier passage pour ce domaine). L'index HATVP local confirme et précise les dates de la carrière déjà connue à la SEM Sodiac (dirigeant 01/2017-10/2022, administrateur rémunéré 07/2020-08/2022 puis mandats jusqu'en 2024) ; aucune nouvelle activité n'apparaît pour l'emploi antérieur chez AG2R La Mondiale (la déclaration HATVP locale ne remonte pas jusqu'à cette période). Carrière reprise à l'identique avec dates HATVP affinées."
PA794038,M.,Yannick,Neuder,1969-03-15,Tullins,Droite Républicaine,Isère,7,Cardiologue,Cadres administratifs et techniques de la fonction publique,Cadres et professions intellectuelles supérieures,http://www.wikidata.org/entity/Q62887718,https://fr.wikipedia.org/wiki/Yannick_Neuder,doctorat,medecine-sante,0,1,0,public_uniquement,haute,
PA610654,M.,Jean-Philippe,Nilor,1965-05-15,Fort-de-France,La France insoumise - Nouveau Front Populaire,Martinique,4,Collaborateur parlementaire,Cadres administratifs et techniques de la fonction publique,Cadres et professions intellectuelles supérieures,http://www.wikidata.org/entity/Q3168847,https://fr.wikipedia.org/wiki/Jean-Philippe_Nilor,bac+5,economie,0,0,1,politique_principalement,haute,
PA841191,Mme,Sandrine,Nosbé,1972-10-29,La Réunion,La France insoumise - Nouveau Front Populaire,Isère,9,(54) - Employé administratif d'entreprise,Employés administratifs d'entreprise,Employés,http://www.wikidata.org/entity/Q126688573,https://fr.wikipedia.org/wiki/Sandrine_Nosb%C3%A9,inconnu,lettres-langues,1,0,0,prive_uniquement,haute,"Aucun employeur ni diplôme retrouvé malgré recherche étendue : Wikipédia (texte intégral, ne documente que le bac obtenu à La Réunion puis des séjours au Royaume-Uni à 21 ans et en Allemagne à 24-29 ans, sans mention de métier), fiche AN, absence de lien HATVP sur la page Wikipédia (aucune déclaration retrouvée), site personnel refondu en WordPress dont l'ancienne page « qui suis-je » renvoie une erreur 404 et dont l'API ne liste plus qu'une page de mentions légales, profil LinkedIn inaccessible (blocage anti-robot), articles de presse (Le Dauphiné, imazpress) bloqués ou sans détail biographique. Secteur privé retenu uniquement sur la base de la catégorie socioprofessionnelle auto-déclarée « Employé administratif d'entreprise ». - Dossier totalement transformé par rapport au premier passage, qui n'avait retrouvé ni employeur ni diplôme. L'index HATVP local (non disponible au premier passage) donne une carrière nette et datée : RRH chez Manutan (03/2020-12/2020), RRH au cabinet Lucien Georgelin (03/2021-10/2021), gestionnaire de paie chez XPPER (10/2022-07/2024), avec des périodes de demandeur d'emploi entre chaque poste (Pôle emploi, non retenues comme « carrière »). Par ailleurs, le site personnel qu'elle avait refondu en WordPress (dont la page « qui suis-je » renvoyait une erreur 404 selon le premier passage) a pu être récupéré dans son ancienne version via l'index CDX de web.archive.org (capture du 8 juillet 2024, hors norme WebSearch car c'est une requête d'API déterministe sur une URL connue) : elle y écrit « Après des études en Langues Étrangères, je suis tombée par hasard dans les Ressources humaines ». Ceci confirme un domaine d'études (langues étrangères) cohérent avec sa trajectoire professionnelle en RH, mais sans préciser le diplôme obtenu ni son niveau (licence, master, étude interrompue) — le niveau de diplôme est donc laissé à « inconnu » par prudence, conformément à la consigne de ne pas inventer un niveau à partir d'un poste (RRH/gestionnaire de paie ne figurent pas dans la liste des professions réglementées permettant une inférence de diplôme)."
PA841107,M.,Jacques,Oberti,1960-11-26,Marseille,Socialistes et apparentés,Haute-Garonne,10,(38) - Ingénieur et cadre technique d'entreprise,Cadres des services administratifs et commerciaux d’entreprise,Cadres et professions intellectuelles supérieures,http://www.wikidata.org/entity/Q65594765,https://fr.wikipedia.org/wiki/Jacques_Oberti,bac+5,agriculture | informatique,1,0,0,politique_principalement,moyenne,"Formation confirmée par sa page de portrait personnelle (oberti-jacques.fr) : « ingénieur agronome de formation initiale » titulaire d'un DESS en informatique appliquée aux sciences expérimentales et à l'agriculture - source nommant les diplômes mais pas les écoles, donc confiance limitée à moyenne (règle : « haute » exige un établissement ou employeur nommé). Il a exercé comme agronome/cadre technique d'entreprise avant son entrée en politique à 35 ans (1995, cohérent avec la profession déclarée « Ingénieur et cadre technique d'entreprise »), mais aucun employeur n'est nommé. Depuis 1995, sa carrière est presque entièrement occupée par des mandats exécutifs locaux à temps plein (adjoint puis maire d'Ayguesvives, président du Sicoval jusqu'en 2024), d'où le classement politique_principalement malgré une expérience professionnelle privée réelle en amont. La déclaration HATVP ne liste aucune activité professionnelle rémunérée dans les cinq ans précédant son élection de 2024 (uniquement des mandats)."
PA721960,Mme,Danièle,Obono,1980-07-12,Libreville,La France insoumise - Nouveau Front Populaire,Paris,17,Bibliothécaire,Cadres administratifs et techniques de la fonction publique,Cadres et professions intellectuelles supérieures,http://www.wikidata.org/entity/Q30335340,https://fr.wikipedia.org/wiki/Dani%C3%A8le_Obono,bac+3_4,lettres-sciences humaines,0,1,0,public_uniquement,haute,Elle a aussi été militante associative en parallèle de son emploi de bibliothécaire.
PA795552,M.,Julien,Odoul,1985-05-08,Paris,Rassemblement National,Yonne,3,Collaborateur parlementaire,Cadres administratifs et techniques de la fonction publique,Cadres et professions intellectuelles supérieures,http://www.wikidata.org/entity/Q41102798,https://fr.wikipedia.org/wiki/Julien_Odoul,bac+3_4,lettres-sciences humaines,1,1,0,politique_principalement,haute,"Emploi d'assistant parlementaire jugé fictif et condamné pénalement, mais listé ici comme fait de carrière."
PA795722,M.,Karl,Olive,1969-03-29,Saint Germain en Laye,Ensemble pour la République,Yvelines,12,Chef d'entreprise,Professions libérales,Cadres et professions intellectuelles supérieures,http://www.wikidata.org/entity/Q3193433,https://fr.wikipedia.org/wiki/Karl_Olive,bac+2,communication-journalisme,1,0,0,prive_uniquement,haute,Nombreuses fonctions bénévoles/associatives dans le sport en complément de sa carrière de journaliste.
PA794830,M.,Hubert,Ott,1964-06-06,Colmar,Les Démocrates,Haut-Rhin,2,"Professeur, profession scientifique",Cadres administratifs et techniques de la fonction publique,Cadres et professions intellectuelles supérieures,http://www.wikidata.org/entity/Q112652467,https://fr.wikipedia.org/wiki/Hubert_Ott,bac+3_4,sciences,0,1,0,public_uniquement,haute,"Maîtrise en sciences naturelles obtenue à la faculté de biologie de Strasbourg : le site personnel ott-hubert.info (cité dans les notes préexistantes) est désormais hors ligne (domaine expiré, NXDOMAIN), mais une capture d'archive Wayback Machine du 18/06/2021 a été récupérée et vérifiée par curl+grep, confirmant mot pour mot : « Titulaire d'une Maitrise en Sciences Naturelles de la Faculté de Biologie de Strasbourg ». Professeur de SVT à l'institution Champagnat d'Issenheim (établissement catholique privé sous contrat d'association) ; la HATVP indique néanmoins l'employeur « Rectorat de Strasbourg » (2017-2022), régime standard des enseignants du privé sous contrat rémunérés par l'État — classé secteur public."
PA842045,Mme,Julie,Ozenne,1978-08-02,Granville,Écologiste et Social,Essonne,9,(38) - Ingénieur et cadre technique d'entreprise,Cadres des services administratifs et commerciaux d’entreprise,Cadres et professions intellectuelles supérieures,http://www.wikidata.org/entity/Q126810352,https://fr.wikipedia.org/wiki/Julie_Ozenne,bac+5,arts,1,0,0,prive_uniquement,haute,
PA793872,Mme,Nathalie,Oziol,1990-02-18,Toulouse,La France insoumise - Nouveau Front Populaire,Hérault,2,"Professeur, profession scientifique",Cadres administratifs et techniques de la fonction publique,Cadres et professions intellectuelles supérieures,http://www.wikidata.org/entity/Q112040646,https://fr.wikipedia.org/wiki/Nathalie_Oziol,doctorat,lettres-sciences humaines,0,1,0,public_uniquement,haute,
PA795124,M.,Didier,Padey,1965-11-09,Chambéry,Les Démocrates,Savoie,1,cadre commercial,Cadres des services administratifs et commerciaux d’entreprise,Cadres et professions intellectuelles supérieures,http://www.wikidata.org/entity/Q98233377,https://fr.wikipedia.org/wiki/Didier_Padey,bac+5,ingenierie,1,0,0,prive_uniquement,moyenne,"Aucun diplôme n'a pu être confirmé : la profession déclarée à l'Assemblée (« cadre commercial ») n'implique aucun diplôme particulier selon la grille de référence. Les seules pistes trouvées pour un diplôme (profils LinkedIn/Viadeo et fiche TheOrg.com pour Victrex) sont des pages à rendu JavaScript — le HTML statique récupéré par curl ne contient même pas son nom — donc écartées conformément à la règle anti-fabrication (pas de WebFetch non plus utilisé sur ces pages). L'emploi chez Victrex Europa (groupe chimique privé britannique, « Développement de partenariat ») est en revanche confirmé par la déclaration HATVP (2019-2025)."
PA720334,M.,Jimmy,Pahun,1962-05-15,Paris,Les Démocrates,Morbihan,2,Navigateur,"Professions de l’enseignement primaire et professionnel, de la formation continue et du sport",Professions intermédiaires,http://www.wikidata.org/entity/Q3179100,https://fr.wikipedia.org/wiki/Jimmy_Pahun,bac_ou_moins,,1,0,0,prive_uniquement,moyenne,A quitté l'école à 16 ans sans le baccalauréat ; le passage par le Centre de formation des journalistes (Wikidata) n'est pas détaillé dans la biographie.
PA841993,M.,Dominique,Paillat,1958-06-11,Le Boupère,Horizons & Indépendants,Vendée,2,responsable d'usine,Cadres des services administratifs et commerciaux d’entreprise,Cadres et professions intellectuelles supérieures,http://www.wikidata.org/entity/Q98246113,https://fr.wikipedia.org/wiki/Dominique_Paillat,inconnu,,1,0,0,prive_uniquement,basse,"Aucune information de carrière au-delà de la profession auto-déclarée « responsable d'usine » (nom de l'entreprise, secteur d'activité et dates tous inconnus). Wikipédia (texte intégral et wikitexte brut) ne traite que de son parcours électoral local. L'article actu.fr cité en référence n'a pas pu être exploité (contenu chargé en JavaScript, non présent dans le HTML statique récupéré) ; le site de la mairie de Saint-Germain-de-Prinçay ne donne aucun élément biographique professionnel ; la page Ouest-France a renvoyé une erreur d'accès (403). - Aucune amélioration possible malgré une recherche élargie. Pas d'entrée dans l'index HATVP local : Dominique Paillat n'est devenu député que le 25 mai 2026 (succédant à Béatrice Bellamy, décédée), sa déclaration d'intérêts n'est donc probablement pas encore publiée dans le millésime disponible, comme pour Patricia Maussion dans ce même lot. L'article Wikipédia, désormais beaucoup plus riche (plusieurs références de presse), confirme seulement le parcours électoral local (conseiller municipal puis maire de Saint-Germain-de-Prinçay depuis 2020) et donne un nouvel indice indirect : l'infobox le qualifie de « Cadre d'entreprise, Cadre retraité », cohérent avec un poste de cadre du secteur privé (responsable d'usine) aujourd'hui achevé, mais sans nom d'employeur. Les deux articles Ouest-France cités en référence renvoient une page d'erreur serveur générique (« Une erreur est survenue », vérifié par curl, pas de blocage anti-robot mais un contenu réellement absent) ; l'article actu.fr est un rendu JavaScript pur (aucun texte d'article dans le HTML statique, uniquement du code de gestion de bandeau cookies/consentement) ; le site de la mairie de Saint-Germain-de-Prinçay, déjà tenté par le premier passage, ne contient aucun élément biographique professionnel."
PA759832,Mme,Agnès,Pannier-Runacher,1974-06-19,Paris,Ensemble pour la République,Pas-de-Calais,2,Dirigeante d'entreprise,Chefs d'entreprise de plus de 10 personnes,"Artisans, commerçants et chefs d'entreprise",http://www.wikidata.org/entity/Q33230494,https://fr.wikipedia.org/wiki/Agn%C3%A8s_Pannier-Runacher,bac+5,gestion-commerce | sciences politiques,1,1,0,mixte_public_prive,haute,
PA719632,Mme,Sophie,Panonacle,1968-12-16,Bordeaux,Ensemble pour la République,Gironde,8,Sans profession déclarée,Sans profession déclarée,Sans profession déclarée,http://www.wikidata.org/entity/Q30505891,https://fr.wikipedia.org/wiki/Sophie_Panonacle,bac+5,gestion-commerce,1,0,0,prive_uniquement,moyenne,Le niveau d'études provient de Wikidata (école de commerce de Bordeaux) et n'est pas détaillé dans la biographie.
PA795050,Mme,Astrid,Panosyan-Bouvet,1971-08-13,Paris,Ensemble pour la République,Paris,4,Cadre administratif et commercial d'entreprise,Chefs d'entreprise de plus de 10 personnes,"Artisans, commerçants et chefs d'entreprise",http://www.wikidata.org/entity/Q33106414,https://fr.wikipedia.org/wiki/Astrid_Panosyan-Bouvet,bac+5,gestion-commerce | sciences politiques,1,0,0,prive_uniquement,haute,A aussi été conseillère ministérielle (secteur politique) entre sa carrière chez Groupama et son poste chez Unibail-Rodamco-Westfield.
PA720892,Mme,Mathilde,Panot,1989-01-15,Tours,La France insoumise - Nouveau Front Populaire,Val-de-Marne,10,Coordinatrice de projets associatifs,Cadres des services administratifs et commerciaux d’entreprise,Cadres et professions intellectuelles supérieures,http://www.wikidata.org/entity/Q30343128,https://fr.wikipedia.org/wiki/Mathilde_Panot,bac+5,sciences politiques,0,0,0,politique_principalement,moyenne,"Parcours principalement associatif et militant avant le mandat, sans emploi identifié dans le secteur privé ou public."
PA841381,Mme,Sophie,Pantel,1971-07-27,Mende,Socialistes et apparentés,Lozère,1,Cadre de la fonction publique d'État,"Professions de l’enseignement primaire et professionnel, de la formation continue et du sport",Professions intermédiaires,http://www.wikidata.org/entity/Q19958474,https://fr.wikipedia.org/wiki/Sophie_Pantel,bac+5,droit,1,1,0,mixte_public_prive,haute,
PA794670,Mme,Caroline,Parmentier,1965-12-16,Pau,Rassemblement National,Pas-de-Calais,9,Attachée de Presse,Cadres administratifs et techniques de la fonction publique,Cadres et professions intellectuelles supérieures,http://www.wikidata.org/entity/Q110934545,https://fr.wikipedia.org/wiki/Caroline_Parmentier,inconnu,communication-journalisme,1,0,0,prive_uniquement,haute,"Carrière bien documentée : journaliste puis rédactrice en chef du quotidien Présent pendant 32 ans (1986-2018, confirmé par Wikipédia et sa déclaration HATVP), puis attachée de presse du RN et collaboratrice parlementaire de Marine Le Pen (2019-2021/2022). Aucune information sur son parcours de formation n'a été retrouvée malgré une recherche dans le texte Wikipédia complet et l'API de recherche Wikipédia (mots-clés « études », « journalisme ») : le métier de journaliste n'étant pas une profession réglementée avec diplôme obligatoire en France, le niveau de diplôme reste inconnu plutôt que d'être déduit."
PA720480,Mme,Charlotte,Parmentier-Lecocq,1977-07-17,Pointe-à-Pitre,Horizons & Indépendants,Nord,6,Industriel-Chef d'entreprise,Professions libérales,Cadres et professions intellectuelles supérieures,http://www.wikidata.org/entity/Q30530300,https://fr.wikipedia.org/wiki/Charlotte_Parmentier-Lecocq,bac+5,gestion-commerce,1,0,0,prive_uniquement,haute,
PA793398,M.,Jérémie,Patrier-Leitus,1989-03-07,Paris,Horizons & Indépendants,Calvados,3,Cadre de la fonction publique,Cadres administratifs et techniques de la fonction publique,Cadres et professions intellectuelles supérieures,http://www.wikidata.org/entity/Q112641192,https://fr.wikipedia.org/wiki/J%C3%A9r%C3%A9mie_Patrier-Leitus,bac+5,economie,1,1,0,mixte_public_prive,haute,
PA718784,M.,Éric,Pauget,1970-08-18,Antibes,Droite Républicaine,Alpes-Maritimes,7,Autre cadre (secteur privé),Cadres des services administratifs et commerciaux d’entreprise,Cadres et professions intellectuelles supérieures,http://www.wikidata.org/entity/Q30339237,https://fr.wikipedia.org/wiki/%C3%89ric_Pauget,inconnu,,1,0,0,prive_uniquement,basse,"Biographie très lacunaire sur les études et le détail du parcours professionnel, confirmée par la consultation de son propre site de campagne (ericpauget.fr/parcours-2), qui ne détaille que son engagement politique continu depuis 1988 (militant RPR à 18 ans) et son élection comme conseiller municipal à 25 ans (1995), sans aucune mention d'études, d'employeur ou de formation. Sa déclaration HATVP indique qu'il est dirigeant de la SARL Claire (depuis 2017) et de la SPL Antibes Avenir (société publique locale, depuis 2019), concomitamment à son mandat de député ; profession déclarée à l'Assemblée « Autre cadre (secteur privé) ». Aucun diplôme n'a pu être identifié."
PA840793,M.,Marc,Pena,1960-05-07,Marseille,Socialistes et apparentés,Bouches-du-Rhône,11,"(34) - Professeur, profession scientifique","Professions de l’enseignement primaire et professionnel, de la formation continue et du sport",Professions intermédiaires,http://www.wikidata.org/entity/Q30319402,https://fr.wikipedia.org/wiki/Marc_Pena,doctorat,droit,0,1,0,public_uniquement,haute,
PA841199,M.,Thierry,Perez,1966-11-19,Paris,Rassemblement National,Isère,10,(33) - Cadre de la fonction publique,Cadres administratifs et techniques de la fonction publique,Cadres et professions intellectuelles supérieures,http://www.wikidata.org/entity/Q127274305,https://fr.wikipedia.org/wiki/Thierry_Perez,inconnu,,1,0,0,prive_uniquement,basse,"Biographie Wikipédia extrêmement succincte (élu en juillet 2024, aucune mention d'études ni de carrière antérieure). Les seules informations de carrière proviennent de sa déclaration HATVP : dirigeant de la société « Incentive Agency » depuis 2018, et « cadre collaborateur de Groupe » (staff d'un groupe d'élus) à la Région Auvergne-Rhône-Alpes de 2021 à 2024 - ce dernier poste étant classé ici comme « politique » (fonctionnellement analogue à un collaborateur d'élu) même si l'Assemblée nationale le classe administrativement comme « cadre de la fonction publique ». L'article du Dauphiné Libéré consacré à son élection est payant et n'apporte aucun détail supplémentaire accessible. Aucun diplôme n'a été trouvé."
PA721182,M.,Frédéric,Petit,1961-02-10,Marseille,Les Démocrates,Français établis hors de France,7,Ingénieur,Cadres des services administratifs et commerciaux d’entreprise,Cadres et professions intellectuelles supérieures,http://www.wikidata.org/entity/Q30336862,"https://fr.wikipedia.org/wiki/Fr%C3%A9d%C3%A9ric_Petit_(homme_politique,_1961)",bac+5,ingenierie | gestion-commerce,1,0,0,prive_uniquement,haute,A eu une longue carrière associative avant de rejoindre le secteur privé.
PA721234,Mme,Maud,Petit,1971-11-15,Paris,Les Démocrates,Val-de-Marne,4,Chargée de ressources humaines,Cadres des services administratifs et commerciaux d’entreprise,Cadres et professions intellectuelles supérieures,http://www.wikidata.org/entity/Q30511580,https://fr.wikipedia.org/wiki/Maud_Petit,bac+3_4,droit | lettres-sciences humaines,1,0,0,prive_uniquement,moyenne,Niveau exact du diplôme universitaire (licence ou maîtrise) non précisé par la source.
PA721270,M.,Stéphane,Peu,1962-07-24,Pau,Gauche Démocrate et Républicaine,Seine-Saint-Denis,2,Employé,Employés administratifs d'entreprise,Employés,http://www.wikidata.org/entity/Q30380891,https://fr.wikipedia.org/wiki/St%C3%A9phane_Peu,inconnu,,1,0,0,politique_principalement,basse,"Sa déclaration HATVP ne recense aucune « activité » professionnelle (liste vide) : seuls figurent des mandats électifs et des sièges d'administrateur (Office public de l'habitat, coopérative HLM, La Chaîne Parlementaire) qui sont des émanations de son mandat d'élu et non un emploi séparé. Engagé dans les Jeunesses communistes dès les années 1980, il est élu local sans interruption depuis 1995 (adjoint au maire de Saint-Denis, vice-président de Plaine Commune), ce qui en fait un profil de politicien de carrière. La profession « Employé » déclarée à l'Assemblée (catégorie INSEE « employés administratifs d'entreprise ») suggère un emploi salarié antérieur non documenté, sans employeur ni période identifiables. Recherche complémentaire via l'API Wikipédia infructueuse."
PA793708,M.,Sébastien,Peytavie,1982-04-17,Sarlat,Écologiste et Social,Dordogne,4,Profession intermédiaire de la santé et du travail social,"Professions de l’enseignement primaire et professionnel, de la formation continue et du sport",Professions intermédiaires,http://www.wikidata.org/entity/Q112641851,https://fr.wikipedia.org/wiki/S%C3%A9bastien_Peytavie,bac+5,medecine-sante,1,1,0,mixte_public_prive,haute,
PA794582,M.,Kévin,Pfeffer,1990-07-09,Forbach,Rassemblement National,Moselle,6,Permanent politique,Cadres administratifs et techniques de la fonction publique,Cadres et professions intellectuelles supérieures,http://www.wikidata.org/entity/Q62388344,https://fr.wikipedia.org/wiki/K%C3%A9vin_Pfeffer,bac+3_4,sciences | gestion-commerce,0,0,1,politique_principalement,moyenne,Aucun emploi hors parti politique mentionné avant son élection.
PA794270,Mme,Anna,Pic,1978-06-04,Montpellier,Socialistes et apparentés,Manche,4,"Professeur, profession scientifique",Cadres administratifs et techniques de la fonction publique,Cadres et professions intellectuelles supérieures,http://www.wikidata.org/entity/Q63766396,https://fr.wikipedia.org/wiki/Anna_Pic,bac+5,lettres-sciences humaines,0,1,0,public_uniquement,haute,
PA817211,M.,René,Pilato,1962-08-31,Lagny-sur Marne,La France insoumise - Nouveau Front Populaire,Charente,1,Enseignant,Cadres administratifs et techniques de la fonction publique,Cadres et professions intellectuelles supérieures,http://www.wikidata.org/entity/Q116479877,https://fr.wikipedia.org/wiki/Ren%C3%A9_Pilato,bac+5,sciences | enseignement,1,1,0,mixte_public_prive,moyenne,"Wikipédia, Sud Ouest et France Bleu confirment qu'après un début de carrière non précisé dans l'industrie spatiale (secteur privé), il devient professeur de mathématiques titulaire de l'Éducation nationale, muté au lycée de l'image et du son d'Angoulême en 2002 (France Bleu), poste occupé jusqu'à sa mise en disponibilité pour mandat en 2023 (HATVP). Diplôme inféré par la règle sur les professions réglementées : un poste de professeur titulaire ayant fait l'objet d'une mutation académique (et non un contractuel) suppose la réussite du CAPES (bac+5) ; établissement et année du concours non confirmés, d'où confiance limitée à « moyenne ». Aucun détail sur l'employeur ni la formation initiale dans le spatial."
PA793756,M.,François,Piquemal,1984-12-28,Besançon,La France insoumise - Nouveau Front Populaire,Haute-Garonne,4,Enseignant,Cadres administratifs et techniques de la fonction publique,Cadres et professions intellectuelles supérieures,http://www.wikidata.org/entity/Q112110960,https://fr.wikipedia.org/wiki/Fran%C3%A7ois_Piquemal,bac+5,lettres-sciences humaines | education,0,1,0,public_uniquement,haute,
PA721844,Mme,Béatrice,Piron,1965-08-30,Martigues,Horizons & Indépendants,Yvelines,3,Chef d'entreprise,Chefs d'entreprise de plus de 10 personnes,"Artisans, commerçants et chefs d'entreprise",http://www.wikidata.org/entity/Q30385652,https://fr.wikipedia.org/wiki/B%C3%A9atrice_Piron,bac+5,ingenierie | gestion-commerce,1,0,0,prive_uniquement,haute,
PA608172,Mme,Christine,Pirès Beaune,1964-10-06,Saint-Georges-de-Mons,Socialistes et apparentés,Puy-de-Dôme,2,Fonctionnaire de catégorie A,Cadres administratifs et techniques de la fonction publique,Cadres et professions intellectuelles supérieures,http://www.wikidata.org/entity/Q2413788,https://fr.wikipedia.org/wiki/Christine_Pir%C3%A8s-Beaune,bac+2,gestion-commerce,0,1,0,public_uniquement,haute,Deux postes de chef de cabinet auprès d'un élu s'inscrivent dans une carrière par ailleurs menée dans la fonction publique territoriale.
PA793572,M.,Christophe,Plassard,1967-11-19,La Garenne-Colombes,Horizons & Indépendants,Charente-Maritime,5,Profession libérale,Professions libérales,Cadres et professions intellectuelles supérieures,http://www.wikidata.org/entity/Q112641449,https://fr.wikipedia.org/wiki/Christophe_Plassard,bac_ou_moins,,1,0,0,prive_uniquement,moyenne,"Plusieurs sources (site de campagne, presse) le décrivent comme autodidacte issu de la société civile, sans mention de diplôme d'études supérieures (source : christopheplassard.fr/christophe-plassard)."
PA793664,Mme,Marie,Pochon,1990-05-04,Grenoble,Écologiste et Social,Drôme,3,Responsable associative,Cadres administratifs et techniques de la fonction publique,Cadres et professions intellectuelles supérieures,http://www.wikidata.org/entity/Q112249169,https://fr.wikipedia.org/wiki/Marie_Pochon,bac+5,sciences politiques,0,0,1,politique_principalement,moyenne,"Parcours dominé par le militantisme écologiste et associatif, sans emploi privé ou public identifié avant le mandat."
PA793656,Mme,Lisette,Pollet,1968-01-04,Romorantin-Lanthenay,Rassemblement National,Drôme,2,Ouvrier qualifié de type industriel,Ouvriers qualifiés de type industriel,Ouvriers,http://www.wikidata.org/entity/Q112649617,https://fr.wikipedia.org/wiki/Lisette_Pollet,inconnu,,1,0,0,prive_uniquement,haute,"Carrière professionnelle bien documentée et concordante entre Wikipédia et sa déclaration HATVP : femme de ménage chez Elior puis chef de groupe entretien chez Sodexo/SFRS de 2017 jusqu'à sa démission en octobre 2021. Aucune information sur son parcours scolaire n'a pu être retrouvée ; le poste occupé, non qualifié, ne permet pas d'inférer un diplôme particulier (règle : ne pas déduire de niveau d'études pour un métier non réglementé)."
PA719528,M.,Jean-François,Portarrieu,1965-10-14,Toulouse,Horizons & Indépendants,Haute-Garonne,5,Journaliste,Cadres administratifs et techniques de la fonction publique,Cadres et professions intellectuelles supérieures,http://www.wikidata.org/entity/Q30503261,https://fr.wikipedia.org/wiki/Jean-Fran%C3%A7ois_Portarrieu,bac+5,lettres-sciences humaines | communication-journalisme,1,1,0,mixte_public_prive,moyenne,"Diplôme personnel non détaillé, déduit de son activité d'enseignant de philosophie."
PA796062,M.,Thomas,Portes,1985-11-18,Carmaux,La France insoumise - Nouveau Front Populaire,Seine-Saint-Denis,3,Cheminot,"Employés administratifs de la fonction publique, agents de service et auxiliaires de santé",Employés,http://www.wikidata.org/entity/Q112653860,https://fr.wikipedia.org/wiki/Thomas_Portes,bac+3_4,droit,0,1,0,public_uniquement,haute,A aussi dirigé une association (CNL) entre son emploi SNCF et son élection.
PA794994,M.,Alexandre,Portier,1990-04-21,La Tronche,Droite Républicaine,Rhône,9,Professeur de philosophie,Cadres administratifs et techniques de la fonction publique,Cadres et professions intellectuelles supérieures,http://www.wikidata.org/entity/Q112635139,https://fr.wikipedia.org/wiki/Alexandre_Portier,bac+5,lettres-sciences humaines | sciences politiques,0,1,0,public_uniquement,haute,A aussi étudié à l'EHESS sans diplôme mentionné.
PA607553,M.,Dominique,Potier,1964-03-17,Toul,Socialistes et apparentés,Meurthe-et-Moselle,5,Agriculteur,Agriculteurs exploitants,Agriculteurs exploitants,http://www.wikidata.org/entity/Q3035399,https://fr.wikipedia.org/wiki/Dominique_Potier,bac+3_4,agriculture | lettres-sciences humaines,1,0,0,prive_uniquement,moyenne,Le diplôme exact obtenu en géographie n'est pas précisé.
PA720720,Mme,Josy,Poueyto,1954-01-13,Paris,Les Démocrates,Pyrénées-Atlantiques,1,Retraitée de la fonction publique (hors enseignement),Sans profession déclarée,Sans profession déclarée,http://www.wikidata.org/entity/Q30343078,https://fr.wikipedia.org/wiki/Josy_Poueyto,inconnu,,0,1,0,public_uniquement,moyenne,"Selon un article de presse locale (bap-europe.com, 2017, vérifié par curl+grep), Josy Poueyto entre à la Direction départementale de l'équipement (fonction publique d'État) dès 1972, à 18 ans, poste qu'elle occupe jusqu'à sa retraite avant de se consacrer pleinement à la politique (élue conseillère générale en 1998) ; cohérent avec sa profession déclarée à l'Assemblée (« Retraitée de la fonction publique, hors enseignement »). Aucun diplôme n'est mentionné : son entrée dans la fonction publique dès la sortie du lycée, sans précision de concours ou de catégorie, ne permet pas d'inférer un niveau d'études particulier avec certitude, d'où confiance « moyenne » et diplôme non déduit."
PA795270,Mme,Marie-Agnès,Poussier-Winsback,1967-03-25,Nancy,Horizons & Indépendants,Seine-Maritime,9,Enseignante,Cadres administratifs et techniques de la fonction publique,Cadres et professions intellectuelles supérieures,http://www.wikidata.org/entity/Q16663006,https://fr.wikipedia.org/wiki/Marie-Agn%C3%A8s_Poussier-Winsback,bac+3_4,sciences politiques | lettres-sciences humaines,1,1,0,mixte_public_prive,haute,
PA721916,Mme,Natalia,Pouzyreff,1961-02-18,Limoges,Ensemble pour la République,Yvelines,6,Ingénieure,Sans profession déclarée,Sans profession déclarée,http://www.wikidata.org/entity/Q30343070,https://fr.wikipedia.org/wiki/Natalia_Pouzyreff,bac+5,ingenierie | education,1,1,0,mixte_public_prive,haute,
PA720100,M.,Aurélien,Pradié,1986-03-14,Cahors,Non inscrit,Lot,1,Cadre supérieur (secteur privé),Cadres des services administratifs et commerciaux d’entreprise,Cadres et professions intellectuelles supérieures,http://www.wikidata.org/entity/Q30351657,https://fr.wikipedia.org/wiki/Aur%C3%A9lien_Pradi%C3%A9,bac_ou_moins,,1,0,0,politique_principalement,moyenne,"Après une prépa sciences po, il commence des études de droit à Toulouse mais quitte l'université sans diplôme."
PA840955,M.,Pierre,Pribetich,1956-12-28,Roubaix,Socialistes et apparentés,Côte-d'Or,3,"(34) - Professeur, profession scientifique","Professions de l’enseignement primaire et professionnel, de la formation continue et du sport",Professions intermédiaires,http://www.wikidata.org/entity/Q3386685,https://fr.wikipedia.org/wiki/Pierre_Pribetich,doctorat,ingenierie,0,1,0,public_uniquement,haute,
PA841367,M.,Christophe,Proença,1966-05-31,Saint-Céré,Socialistes et apparentés,Lot,2,"(34) - Professeur, profession scientifique","Professions de l’enseignement primaire et professionnel, de la formation continue et du sport",Professions intermédiaires,http://www.wikidata.org/entity/Q63763800,https://fr.wikipedia.org/wiki/Christophe_Proen%C3%A7a,bac+5,ingenierie | enseignement,0,1,0,public_uniquement,haute,"Sa déclaration HATVP précise explicitement qu'il est « Professeur certifié classe exceptionnelle 5 échelon » en sciences de l'ingénieur à l'Éducation nationale (poste déclaré de 09/2018 à 02/2024 au moins), ce que confirme Wikipédia (« enseignant en sciences de l'ingénieur »). Le statut de « professeur certifié » implique la réussite du CAPES/CAPET (bac+5) : il s'agit ici d'une information directement déclarée dans une source primaire officielle (et non d'une simple inférence de profession réglementée), d'où une confiance « haute ». L'établissement de formation initiale n'est pas précisé."
PA719578,M.,Loïc,Prud'homme,1969-08-19,Bègles,La France insoumise - Nouveau Front Populaire,Gironde,3,Fonctionnaire de catégorie B,"Professions de l’enseignement primaire et professionnel, de la formation continue et du sport",Professions intermédiaires,http://www.wikidata.org/entity/Q30339287,https://fr.wikipedia.org/wiki/Lo%C3%AFc_Prud%27homme,bac+2,sciences | agriculture,1,1,0,mixte_public_prive,moyenne,"Wikipédia et un article de L'Obs (2018, vérifié) confirment qu'après un début de carrière non précisé dans le privé, il devient technicien à l'INRA (organisme public), spécialisé en sciences du sol (érosion, propriétés hydriques) puis dans le cycle des éléments minéraux (phosphore), sur le site de Villenave-d'Ornon. Il perçoit par ailleurs des droits d'auteur (Éditions T. Souccar, 2019-2022, HATVP) pour un ouvrage co-écrit sur l'alimentation, activité annexe non comptée comme emploi principal. Diplôme inféré par la règle sur les professions réglementées : un poste de « technicien » en catégorie B de la fonction publique correspond typiquement à bac+2 ; établissement et diplôme précis (BTS/DUT) non confirmés, d'où confiance « moyenne ». L'emploi antérieur dans le privé n'est pas détaillé."
PA795966,M.,Stéphane,Rambaud,1960-04-05,Alger,Rassemblement National,Var,3,Retraité de la police nationale,Sans profession déclarée,Sans profession déclarée,http://www.wikidata.org/entity/Q112651131,https://fr.wikipedia.org/wiki/St%C3%A9phane_Rambaud,bac+3_4,armee-securite,0,1,0,public_uniquement,moyenne,"Carrière de 37 ans dans la police nationale confirmée par Wikipédia et sa déclaration HATVP (commissaire de police, retraité le 1er juin 2021), en poste dans plusieurs commissariats (Mantes-la-Jolie, Cayenne, Rodez, Saint-Brieuc, Annecy, Toulon). Diplôme inféré par la règle sur les professions réglementées : l'accès au corps de conception et de direction (commissaire de police) se fait par un concours de catégorie A+, historiquement ouvert avec une licence (bac+3), exigence portée à un niveau master par les réformes plus récentes ; né en 1960 et vraisemblablement recruté dans les années 1980, le niveau bac+3_4 est retenu par prudence, confiance limitée à « moyenne » faute de confirmation de la date exacte du concours et de l'établissement de formation (ENSP). L'article de presse locale Var-Matin le concernant n'a pas pu être consulté (site bloquant les requêtes automatisées, HTTP 406, et inaccessible via WebFetch)."
PA720092,M.,Richard,Ramos,1968-03-23,Blois,Les Démocrates,Loiret,6,Autre cadre (secteur privé),Cadres des services administratifs et commerciaux d’entreprise,Cadres et professions intellectuelles supérieures,http://www.wikidata.org/entity/Q30386268,https://fr.wikipedia.org/wiki/Richard_Ramos,bac_ou_moins,,1,0,0,prive_uniquement,haute,"La biographie indique explicitement l'entrée dans la vie active après le baccalauréat, sans études supérieures."
PA793230,Mme,Angélique,Ranc,1988-03-16,Troyes,Rassemblement National,Aube,3,Sans activité professionnelle,Sans profession déclarée,Sans profession déclarée,http://www.wikidata.org/entity/Q62664129,https://fr.wikipedia.org/wiki/Ang%C3%A9lique_Ranc,bac+2,gestion-commerce,1,0,0,prive_uniquement,moyenne,"Le niveau exact de la formation comptable n'est pas précisé, estimé à bac+2."
PA793254,M.,Julien,Rancoule,1993-07-31,Carcassonne,Rassemblement National,Aude,3,Profession libérale,Professions libérales,Cadres et professions intellectuelles supérieures,http://www.wikidata.org/entity/Q112639781,https://fr.wikipedia.org/wiki/Julien_Rancoule,inconnu,armee-securite,1,0,0,prive_uniquement,moyenne,"Carrière bien documentée par sa déclaration HATVP : agent de sécurité (France Gardiennage puis Mondial Protection GSO, secteur privé, 2017-2020), collaborateur de groupe d'élus à la Région Occitanie (politique, 2020-2021), puis élu (conseiller municipal de Limoux depuis 2020, député depuis 2022). Il est également sapeur-pompier volontaire au SDIS de l'Aude depuis 2017, mais sa déclaration HATVP précise explicitement qu'il ne s'agit pas d'une profession mais d'une activité indemnisée, non comptée ici dans worked_public. Aucune information sur ses études n'a été trouvée au-delà du fait qu'il était lycéen à Jules-Fil (Carcassonne) en 2011 ; le métier d'agent de sécurité (carte professionnelle/CQP) n'implique pas de diplôme de l'enseignement supérieur."
PA721062,M.,Jean-Hugues,Ratenon,1967-06-25,Saint-Benoit,La France insoumise - Nouveau Front Populaire,Réunion,5,Employé (secteur privé),Employés de commerce,Employés,http://www.wikidata.org/entity/Q30334352,https://fr.wikipedia.org/wiki/Jean-Hugues_Ratenon,bac_ou_moins,ingenierie,1,0,0,prive_uniquement,haute,"Le texte source (wikitexte brut) de sa page Wikipédia précise qu'il est « détenteur d'un baccalauréat en électrotechnique qu'il a obtenu à l'école d'électricité du Port » (La Réunion), information absente de l'extrait Wikipédia déjà minée mais retrouvée dans l'infobox et le corps de l'article complet. Après son service militaire, il travaille environ deux ans en France métropolitaine dans le froid et la climatisation, avant de retourner à La Réunion en 1992 pour exercer comme bazardier puis poissonnier ; il s'engage ensuite dans le milieu associatif (défense des chômeurs) à partir de 1998 (président de l'association jusqu'en 2009), avant une carrière politique locale puis nationale à partir de 2008. Diplôme le plus élevé confirmé : baccalauréat technologique (aucune étude supérieure mentionnée)."
PA720552,Mme,Isabelle,Rauch,1968-08-10,Villers-Semeuse,Horizons & Indépendants,Moselle,9,Consultante,Professions libérales,Cadres et professions intellectuelles supérieures,http://www.wikidata.org/entity/Q30386520,https://fr.wikipedia.org/wiki/Isabelle_Rauch,bac+5,lettres-sciences humaines | medecine-sante | gestion-commerce,1,1,0,mixte_public_prive,haute,
PA794154,M.,Jean-Claude,Raux,1967-01-18,Argentan,Écologiste et Social,Loire-Atlantique,6,"Professeur, profession scientifique",Cadres administratifs et techniques de la fonction publique,Cadres et professions intellectuelles supérieures,http://www.wikidata.org/entity/Q98231860,https://fr.wikipedia.org/wiki/Jean-Claude_Raux,bac+3_4,lettres-sciences humaines,0,1,0,public_uniquement,moyenne,"A étudié à l'Université de Caen puis enseigné les lettres-anglais en lycée professionnel dès 1999, ce qui suppose au moins une licence (source: jeanclauderaux.fr/mon-parcours, lechodusud.com/post/qui-est-jean-claude-raux)."
PA793094,M.,Nicolas,Ray,1981-05-14,Vichy,Droite Républicaine,Allier,3,Inspecteur principal des Finances publiques,Cadres administratifs et techniques de la fonction publique,Cadres et professions intellectuelles supérieures,http://www.wikidata.org/entity/Q112638162,https://fr.wikipedia.org/wiki/Nicolas_Ray,bac+5,sciences politiques | droit | economie,0,1,0,public_uniquement,haute,
PA794778,Mme,Sandra,Regol,1978-04-13,Beziers,Écologiste et Social,Bas-Rhin,1,(85) - Personne diverse sans activité professionnelle de moins de 60 ans (sauf r,Sans profession déclarée,Sans profession déclarée,http://www.wikidata.org/entity/Q109711972,https://fr.wikipedia.org/wiki/Sandra_Regol,bac+5,communication-journalisme,1,1,0,mixte_public_prive,moyenne,"Études supérieures à l'université Paris-VIII puis à l'université de Bourgogne (Dijon) — confirmé par Wikipédia (catégories) et par France 3 Grand Est — mais aucun diplôme nommé dans les sources consultées : niveau de diplôme laissé « inconnu » plutôt que déduit du seul intitulé de poste. La carrière pré-politique est en revanche bien documentée : chargée de communication de l'EM Strasbourg puis de Sciences Po Strasbourg à partir de 2004 (deux établissements publics d'enseignement supérieur), confirmé texte à l'appui par curl+grep sur France 3 Grand Est (« Après des études à Paris 8 puis à Dijon, Sandra Regol pose ses valises à Strasbourg en 2004 pour devenir chargée de communication de l'EM Strasbourg, puis de Sciences Po »). Puis activité privée via Nodalys-Webportage (distribution de films / conseil, 2019-2021, confirmé HATVP) en parallèle de son engagement croissant chez EELV (secrétaire nationale adjointe 2019-2022, confirmé HATVP)."
PA795240,Mme,Mereana,Reid Arbelot,1970-09-12,Papeete,Gauche Démocrate et Républicaine,Polynésie Française,3,Ingénieur en chef du contrôle de la navigation aérienne,Cadres administratifs et techniques de la fonction publique,Cadres et professions intellectuelles supérieures,http://www.wikidata.org/entity/Q119353867,https://fr.wikipedia.org/wiki/Mereana_Reid_Arbelot,bac+5,ingenierie,0,1,0,public_uniquement,moyenne,Formation ENAC et 24 ans de carrière à la DGAC/tour de contrôle de Tahiti confirmés par portrait de presse (source: https://ladepeche.pf/2023/08/08/portrait-tiarama-les-yeux-du-ciel-polynesien/ et LinkedIn).
PA841955,M.,Matthias,Renault,1988-05-02,Villeurbanne,Rassemblement National,Somme,3,(37) - Cadre administratif et commercial d'entreprise,Cadres des services administratifs et commerciaux d’entreprise,Cadres et professions intellectuelles supérieures,http://www.wikidata.org/entity/Q47168993,https://fr.wikipedia.org/wiki/Matthias_Renault,bac+5,sciences politiques | economie,0,1,0,public_uniquement,haute,Énarque et ancien magistrat financier ; occupe brièvement un poste de collaborateur parlementaire avant son élection.
PA841377,Mme,Emeline,Rey-Rinchet,1988-03-29,Bordeaux,Droite Républicaine,Lot-et-Garonne,3,Ostéopathe,Professions libérales,Cadres et professions intellectuelles supérieures,http://www.wikidata.org/entity/Q138725254,https://fr.wikipedia.org/wiki/%C3%89meline_Rey-Rinchet,bac+5,medecine-sante,1,0,0,prive_uniquement,basse,"Aucune biographie détaillée disponible : la page Wikipédia et la fiche AN sont très courtes, et la HATVP ne recense aucune déclaration pour elle. Niveau bac+5 déduit par analogie du régime réglementaire de la profession d'ostéopathe (titre protégé depuis 2002, formation en école agréée d'au moins 5 ans depuis la réforme de 2014) — l'ostéopathe n'est pas listée explicitement dans le référentiel de professions réglementées fourni, d'où une confiance cappée à « basse » plutôt que « moyenne ». Le nom de l'école de formation n'a pas été trouvé. Confirmé par curl+grep sur un portrait Sud Ouest (2026) : ostéopathe exerçant en cabinet et viticultrice sur les terres familiales de Dondas ; aucun élément trouvé sur un éventuel salariat public ou privé antérieur."
PA840657,Mme,Sophie,Ricourt Vaginay,1969-12-18,Toulon,Union des droites pour la République,Alpes-de-Haute-Provence,2,(37) - Cadre administratif et commercial d'entreprise,Cadres des services administratifs et commerciaux d’entreprise,Cadres et professions intellectuelles supérieures,http://www.wikidata.org/entity/Q63766507,https://fr.wikipedia.org/wiki/Sophie_Vaginay-Ricourt,bac+2,droit,1,0,0,prive_uniquement,moyenne,"La biographie mentionne seulement qu'elle est ""clerc de notaire de formation"", sans détail sur l'employeur."
PA795876,M.,Davy,Rimane,1979-12-15,Kourou,Gauche Démocrate et Républicaine,Guyane,2,Technicien,Agents de maîtrise (hors maîtrise administrative),Professions intermédiaires,http://www.wikidata.org/entity/Q112628915,https://fr.wikipedia.org/wiki/Davy_Rimane,bac+2,ingenierie,0,1,0,public_uniquement,moyenne,"La déclaration HATVP confirme le poste de technicien d'exploitation à EDF Guyane (deux déclarations successives, 01/2016-07/2022 puis 01/2019-06/2024), ce que corrobore sa fiche Wikipédia (« Davy Rimane est technicien d'exploitation à EDF Guyane »). EDF étant une entreprise à capitaux majoritairement/totalement publics, l'emploi est classé secteur public. Aucune information sur son établissement de formation n'a été trouvée (Wikipédia très succincte, fiche AN muette, pas de site personnel identifié) ; le titre de « technicien » correspond en général à un diplôme de niveau bac+2 (BTS/DUT), inférence de profession réglementée d'où le plafonnement de la confiance à moyenne. La déclaration HATVP mentionne aussi des fonctions de dirigeant dans deux structures guyanaises (« Le DRIM'S » et « YANA ASEWA », 2019-2020), dont la nature exacte (association ou société) n'a pas pu être confirmée et qui n'ont donc pas été intégrées à la carrière professionnelle."
PA841981,Mme,Catherine,Rimbert,1968-09-13,Avignon,Rassemblement National,Vaucluse,5,(31) - Profession libérale,Professions libérales,Cadres et professions intellectuelles supérieures,http://www.wikidata.org/entity/Q126364255,https://fr.wikipedia.org/wiki/Catherine_Rimbert,inconnu,,1,0,0,mixte_public_prive,moyenne,"La déclaration HATVP est la seule source d'information sur son parcours : activité de « communication » en auto-entreprise de janvier 2019 à juillet 2024, doublée à partir d'août 2022 d'un poste de collaboratrice parlementaire de la députée RN Bénédicte Auzanot. La fiche Wikipédia (deux phrases) et la fiche de l'Assemblée nationale (« Profession libérale ») ne donnent aucun détail supplémentaire sur la nature exacte de cette activité de communication ni sur ses études. Elle est aussi mentionnée comme dirigeante du syndicat mixte du parc régional des Baronnies provençales (12/2021-03/2024), rôle probablement lié à un mandat local non documenté ailleurs, non repris dans la carrière professionnelle par prudence. Aucun diplôme ni établissement de formation trouvé."
PA721426,Mme,Véronique,Riotton,1969-11-02,Bonneville,Ensemble pour la République,Haute-Savoie,1,Consultante-Coach en Ressources Humaines,Chefs d'entreprise de plus de 10 personnes,"Artisans, commerçants et chefs d'entreprise",http://www.wikidata.org/entity/Q30388169,https://fr.wikipedia.org/wiki/V%C3%A9ronique_Riotton,bac+3_4,gestion-commerce,1,0,0,prive_uniquement,haute,
PA842227,M.,Joseph,Rivière,1971-10-15,Saint-Denis,Rassemblement National,Réunion,3,(45) - Profession intermédiaire administrative de la fonction publique,"Employés administratifs de la fonction publique, agents de service et auxiliaires de santé",Employés,http://www.wikidata.org/entity/Q127248007,"https://fr.wikipedia.org/wiki/Joseph_Rivi%C3%A8re_(homme_politique,_1971)",bac+3_4,gestion-commerce | lettres-sciences humaines,0,1,0,public_uniquement,haute,
PA722252,Mme,Marie-Pierre,Rixain,1977-01-18,Saint-Cyr-l'Ecole,Ensemble pour la République,Essonne,4,Consultante en communication,Professions libérales,Cadres et professions intellectuelles supérieures,http://www.wikidata.org/entity/Q30388327,https://fr.wikipedia.org/wiki/Marie-Pierre_Rixain,bac+5,sciences politiques,1,0,0,prive_uniquement,haute,A d'abord été collaboratrice parlementaire avant de devenir consultante indépendante.
PA794442,Mme,Laurence,Robert-Dehault,1964-01-17,Saint-Dizier,Rassemblement National,Haute-Marne,2,Profession libérale,Professions libérales,Cadres et professions intellectuelles supérieures,http://www.wikidata.org/entity/Q63763665,https://fr.wikipedia.org/wiki/Laurence_Robert-Dehault,inconnu,,1,0,0,prive_uniquement,moyenne,"La déclaration HATVP confirme une activité d'hypnothérapeute en micro-entreprise (deux déclarations, 01/2017-06/2022 et 01/2019-06/2022), ce que corrobore la fiche Wikipédia (« Laurence Robert-Dehault est hypnothérapeute »), qui la présente aussi comme « issue d'une dynastie de maîtres de forges » sans autre précision professionnelle. Elle est conseillère départementale de la Haute-Marne depuis 2015 (mandat électif local, non traité comme emploi). L'hypnothérapie n'étant pas une profession réglementée à diplôme d'État en France (formations privées variées, non normalisées), aucune inférence de niveau de diplôme n'a été appliquée ; aucun établissement de formation n'a été identifié dans les sources consultées (Wikipédia, fiche AN, HATVP)."
PA795528,M.,Charles,Rodwell,1996-07-26,Londres,Ensemble pour la République,Yvelines,1,Cadre de la fonction publique,Cadres administratifs et techniques de la fonction publique,Cadres et professions intellectuelles supérieures,http://www.wikidata.org/entity/Q112518535,https://fr.wikipedia.org/wiki/Charles_Rodwell,bac+5,sciences politiques,0,1,0,politique_principalement,haute,"Carrière dominée par des postes politiques (collaborateur, cabinet ministériel), avec un bref passage chez Enedis (entreprise publique de distribution d'électricité)."
PA266808,M.,Vincent,Rolland,1970-02-01,Moutiers,Droite Républicaine,Savoie,2,Collaborateur parlementaire,Cadres administratifs et techniques de la fonction publique,Cadres et professions intellectuelles supérieures,http://www.wikidata.org/entity/Q3559821,https://fr.wikipedia.org/wiki/Vincent_Rolland,bac+3_4,economie,1,0,0,prive_uniquement,moyenne,Exerce comme moniteur de ski indépendant en parallèle d'une collaboration avec Hervé Gaymard.
PA841927,Mme,Anne-Sophie,Ronceret,1978-01-07,Suresnes,Ensemble pour la République,Yvelines,10,Collaboratrice parlementaire,Cadres administratifs et techniques de la fonction publique,Cadres et professions intellectuelles supérieures,http://www.wikidata.org/entity/Q131546364,https://fr.wikipedia.org/wiki/Anne-Sophie_Ronceret,inconnu,,0,0,1,politique_principalement,haute,"La déclaration HATVP (une seule déclaration mais quatre lignes d'activité) montre une carrière exclusivement politique : collaboratrice parlementaire d'Aurore Bergé (01/2019-07/2023 puis 09/2024-01/2025), collaboratrice d'un autre député (08/2023-01/2024), et cheffe de cabinet adjointe au ministère chargé de l'Égalité femmes-hommes (01/2024-09/2024), poste confirmé par sa fiche Wikipédia qui précise sa nomination en janvier 2024 « au cabinet de la ministre déléguée [...] chargée de l'égalité entre les femmes et les hommes ». Elle devient députée en octobre 2024 en remplaçant Aurore Bergé nommée au gouvernement. Aucune activité professionnelle hors sphère politique n'a été trouvée, ni aucune information sur ses études (Wikipédia, HATVP et fiche AN muets sur ce point)."
PA721458,M.,Xavier,Roseren,1970-01-12,Chamonix Mont-Blanc,Horizons & Indépendants,Haute-Savoie,6,Commerçant,Commerçants et assimilés,"Artisans, commerçants et chefs d'entreprise",http://www.wikidata.org/entity/Q30505632,https://fr.wikipedia.org/wiki/Xavier_Roseren,bac+3_4,gestion-commerce,1,0,0,prive_uniquement,haute,
PA840673,Mme,Valérie,Rossi,1964-06-05,Marseille,Socialistes et apparentés,Hautes-Alpes,2,(37) - Cadre administratif et commercial d'entreprise,Cadres des services administratifs et commerciaux d’entreprise,Cadres et professions intellectuelles supérieures,http://www.wikidata.org/entity/Q63766451,https://fr.wikipedia.org/wiki/Val%C3%A9rie_Rossi_(femme_politique_fran%C3%A7aise),inconnu,,1,0,0,mixte_public_prive,haute,"Parcours très bien documenté par une déclaration HATVP détaillée (quatre déclarations, employeurs et dates nommés) et confirmé point par point par sa fiche Wikipédia : maire de Puy-Sanières de 2001 à 2020, conseillère départementale du canton de Chorges depuis 2015, puis « pendant neuf années la collaboratrice parlementaire des députés de la 2e circonscription des Hautes-Alpes, Joël Giraud et sa suppléante Claire Bouchet ». La HATVP précise en parallèle une activité d'agent commercial en immobilier (micro-entreprise, 2019-2024) et un poste de directrice de l'association Hautes-Alpes Emploi Relais (06/2023-08/2024, démission lors de son élection). Carrière donc mixte entre activité politique rémunérée (attachée parlementaire, mandats électifs) et activité indépendante/associative. Aucune information sur son niveau d'études n'a été trouvée dans aucune des sources consultées."
PA342196,Mme,Claudia,Rouaux,1963-10-13,Sainte-Gemmes-d'Andigné,Socialistes et apparentés,Ille-et-Vilaine,3,Gestionnaire à l'INRAE,Cadres administratifs et techniques de la fonction publique,Cadres et professions intellectuelles supérieures,http://www.wikidata.org/entity/Q63248658,https://fr.wikipedia.org/wiki/Claudia_Rouaux,inconnu,,0,1,0,public_uniquement,haute,"Poste confirmé de façon concordante par trois sources : la déclaration HATVP (« Gestionnaire », INRAE, 12/2017-03/2020, mise en disponibilité de la fonction publique lors de son entrée en fonction de députée), la fiche Wikipédia (référencée sur la fiche officielle de l'Assemblée nationale) et son propre site (claudiarouaux.fr), qui précise « Technicienne qualité et gestionnaire dans le domaine de la recherche » à l'INRAE. L'INRAE étant un établissement public à caractère scientifique et technologique, l'emploi est classé secteur public. Malgré la consultation de ces trois sources, aucune n'indique d'établissement de formation ni de diplôme : le niveau d'études reste donc inconnu, conformément à la règle d'honnêteté du projet plutôt que de risquer une déduction non fondée."
PA795410,Mme,Béatrice,Roullaud,1960-06-09,Béziers,Rassemblement National,Seine-et-Marne,6,Profession libérale,Professions libérales,Cadres et professions intellectuelles supérieures,http://www.wikidata.org/entity/Q112652813,https://fr.wikipedia.org/wiki/B%C3%A9atrice_Roullaud,bac+5,droit,1,0,0,prive_uniquement,haute,
PA606545,M.,Jean-Louis,Roumégas,1962-06-06,Alger,Écologiste et Social,Hérault,1,Enseignant 1er deg.- Professeur d'école,"Professions de l’enseignement primaire et professionnel, de la formation continue et du sport",Professions intermédiaires,http://www.wikidata.org/entity/Q2913287,https://fr.wikipedia.org/wiki/Jean-Louis_Roum%C3%A9gas,bac+2,lettres-sciences humaines | education,0,1,0,public_uniquement,moyenne,Niveau de diplôme universitaire non confirmé avant son passage à l'enseignement primaire.
PA826635,M.,Aurélien,Rousseau,1976-06-25,Alès,Socialistes et apparentés,Yvelines,7,Maître des requêtes au Conseil d'État,Cadres administratifs et techniques de la fonction publique,Cadres et professions intellectuelles supérieures,http://www.wikidata.org/entity/Q29738515,https://fr.wikipedia.org/wiki/Aur%C3%A9lien_Rousseau,bac+5,lettres-sciences humaines | sciences politiques,0,1,0,politique_principalement,haute,"Carrière de haut fonctionnaire alternant postes administratifs publics (ARS, enseignement) et fonctions politiques de cabinet et ministérielles."
PA795076,Mme,Sandrine,Rousseau,1972-03-08,Maisons Alfort,Écologiste et Social,Paris,9,"Professeur, profession scientifique",Cadres administratifs et techniques de la fonction publique,Cadres et professions intellectuelles supérieures,http://www.wikidata.org/entity/Q21013136,https://fr.wikipedia.org/wiki/Sandrine_Rousseau,doctorat,economie,0,1,0,public_uniquement,haute,
PA841327,M.,Fabrice,Roussel,1973-04-11,Nantes,Socialistes et apparentés,Loire-Atlantique,5,"(34) - Professeur, profession scientifique","Professions de l’enseignement primaire et professionnel, de la formation continue et du sport",Professions intermédiaires,http://www.wikidata.org/entity/Q65601249,https://fr.wikipedia.org/wiki/Fabrice_Roussel,bac+3_4,economie | gestion-commerce,0,1,0,public_uniquement,haute,
PA793270,M.,Jean-François,Rousset,1952-09-09,Aurillac,Ensemble pour la République,Aveyron,3,Chirurgien,Professions libérales,Cadres et professions intellectuelles supérieures,http://www.wikidata.org/entity/Q112639678,https://fr.wikipedia.org/wiki/Jean-Fran%C3%A7ois_Rousset,doctorat,medecine-sante,1,0,0,prive_uniquement,haute,"Exercice en clinique privée; retraité depuis 2014, avant son élection en 2022."
PA842097,Mme,Sophie-Laurence,Roy,1955-12-23,Paris,Rassemblement National,Yonne,2,(31) - Profession libérale,Professions libérales,Cadres et professions intellectuelles supérieures,http://www.wikidata.org/entity/Q127256484,https://fr.wikipedia.org/wiki/Sophie-Laurence_Roy,bac+5,droit,1,0,0,prive_uniquement,haute,
PA722142,M.,François,Ruffin,1975-10-18,Calais,Écologiste et Social,Somme,1,Reporter,Cadres administratifs et techniques de la fonction publique,Cadres et professions intellectuelles supérieures,http://www.wikidata.org/entity/Q3085763,https://fr.wikipedia.org/wiki/Fran%C3%A7ois_Ruffin,bac+5,lettres-sciences humaines | communication-journalisme,0,1,0,public_uniquement,moyenne,"A aussi mené une activité associative/indépendante durable avec le journal Fakir, en plus de sa collaboration avec France Inter."
PA841717,Mme,Sandrine,Runel,1979-06-01,Nîmes,Socialistes et apparentés,Rhône,4,(33) - Cadre de la fonction publique,Cadres administratifs et techniques de la fonction publique,Cadres et professions intellectuelles supérieures,http://www.wikidata.org/entity/Q85304039,https://fr.wikipedia.org/wiki/Sandrine_Runel,bac+3_4,sciences politiques | autre,0,1,0,public_uniquement,moyenne,A aussi travaillé dans le secteur associatif (FNARS) en complément de son emploi à l'OFPRA.
PA341981,Mme,Marie,Récalde,1965-03-12,Langon,Socialistes et apparentés,Gironde,6,Avocate,Professions libérales,Cadres et professions intellectuelles supérieures,http://www.wikidata.org/entity/Q3292773,https://fr.wikipedia.org/wiki/Marie_R%C3%A9calde,bac+5,sciences politiques | droit,1,0,0,prive_uniquement,moyenne,"Profession d'avocate confirmée par la profession déclarée ; diplôme d'avocat déduit, non détaillé dans la biographie."
PA794894,Mme,Anaïs,Sabatini,1990-03-10,Perpignan,Rassemblement National,Pyrénées-Orientales,2,Avocate,Professions libérales,Cadres et professions intellectuelles supérieures,http://www.wikidata.org/entity/Q112642037,https://fr.wikipedia.org/wiki/Ana%C3%AFs_Sabatini,bac+5,droit,1,0,0,prive_uniquement,moyenne,"Niveau de diplôme déduit de la profession d'avocate, formation non détaillée dans la biographie."
PA794570,M.,Alexandre,Sabatou,1993-02-18,Nogent sur Marne,Rassemblement National,Oise,3,Chef de projets SI,Cadres administratifs et techniques de la fonction publique,Cadres et professions intellectuelles supérieures,http://www.wikidata.org/entity/Q112651552,https://fr.wikipedia.org/wiki/Alexandre_Sabatou,bac+5,ingenierie | informatique,0,1,0,public_uniquement,moyenne,"Niveau bac+5 déduit du titre d'ingénieur, école non précisée par la source."
PA841845,M.,Arnaud,Saint-Martin,1979-01-25,Boulogne-Billancourt,La France insoumise - Nouveau Front Populaire,Seine-et-Marne,1,"(34) - Professeur, profession scientifique","Professions de l’enseignement primaire et professionnel, de la formation continue et du sport",Professions intermédiaires,http://www.wikidata.org/entity/Q45486323,https://fr.wikipedia.org/wiki/Arnaud_Saint-Martin,doctorat,sociologie,1,1,0,mixte_public_prive,haute,"Licence de sociologie à l'université de Rouen, poursuite d'études (maîtrise, mémoire sur l'affaire Sokal) à l'université Paris-Descartes, doctorat de sociologie soutenu en 2008 à l'université Paris-Sorbonne sous la direction de Terry Shinn — thèse référencée sur Sudoc et citée dans Wikipédia. Chargé de recherche au CNRS depuis 2018 (confirmé HATVP) : carrière de recherche publique, en parallèle d'une activité de cogérant/coordinateur éditorial aux Éditions du Croquant (maison d'édition associative, HATVP) et d'un mandat au conseil scientifique de l'EHESS (2021-2022, HATVP). Le secteur « associatif » des Éditions du Croquant est compté ici comme du « worked_private » par convention faute de catégorie dédiée dans career_profile ; l'essentiel de la carrière reste la recherche publique au CNRS."
PA841243,M.,Sébastien,Saint-Pasteur,1980-12-08,Tarbes,Socialistes et apparentés,Gironde,7,(33) - Cadre de la fonction publique,Cadres administratifs et techniques de la fonction publique,Cadres et professions intellectuelles supérieures,http://www.wikidata.org/entity/Q63765953,https://fr.wikipedia.org/wiki/S%C3%A9bastien_Saint-Pasteur,bac+5,sciences-politiques,0,1,0,mixte_public_prive,haute,"L'infobox de sa fiche Wikipédia (wikitexte brut) renseigne le champ « université = IEP Bordeaux / Université de Pau et des pays de l'Adour », source Wikipédia considérée fiable par les consignes du projet. Le diplôme de l'IEP de Bordeaux est reconnu grade de master (bac+5) ; le rôle exact de l'Université de Pau (licence antérieure, double cursus ?) n'est pas précisé dans le texte de l'article. La déclaration HATVP confirme par ailleurs un poste de collaborateur de député (01/2015-09/2017, secteur politique) puis de chargé de mission au Conseil régional de Nouvelle-Aquitaine (01/2018-07/2024, secteur public), en parallèle de mandats électifs locaux (conseiller départemental de la Gironde depuis 2015, conseiller municipal de Pessac). Carrière donc mixte entre emploi politique et emploi public territorial."
PA720138,Mme,Laetitia,Saint-Paul,1981-01-21,Chartres,Horizons & Indépendants,Maine-et-Loire,4,Officier de l'armée de Terre,Cadres administratifs et techniques de la fonction publique,Cadres et professions intellectuelles supérieures,http://www.wikidata.org/entity/Q30389297,https://fr.wikipedia.org/wiki/Laetitia_Saint-Paul,bac+5,autre,0,1,0,public_uniquement,haute,
PA795982,M.,Aurélien,Saintoul,1988-05-26,Drancy,La France insoumise - Nouveau Front Populaire,Hauts-de-Seine,11,Cadre de la fonction publique,Cadres administratifs et techniques de la fonction publique,Cadres et professions intellectuelles supérieures,http://www.wikidata.org/entity/Q112652876,https://fr.wikipedia.org/wiki/Aur%C3%A9lien_Saintoul,bac+5,lettres-sciences humaines,0,1,0,politique_principalement,haute,Enseignant un an avant de devenir collaborateur parlementaire de 2017 à 2022.
PA794954,M.,Emeric,Salmon,1973-11-26,Vannes,Rassemblement National,Haute-Saône,2,Cadre administratif et commercial d'entreprise,Cadres des services administratifs et commerciaux d’entreprise,Cadres et professions intellectuelles supérieures,http://www.wikidata.org/entity/Q63248686,https://fr.wikipedia.org/wiki/%C3%89meric_Salmon,bac+5,informatique,1,0,0,prive_uniquement,moyenne,Emploi d'ingénieur informatique mentionné dans le descriptif biographique mais employeur et dates non précisés.
PA721110,Mme,Nicole,Sanquer,1972-06-16,Papeete,"Libertés, Indépendants, Outre-mer et Territoires",Polynésie Française,2,Professeur du secondaire et technique,Cadres administratifs et techniques de la fonction publique,Cadres et professions intellectuelles supérieures,http://www.wikidata.org/entity/Q20089164,https://fr.wikipedia.org/wiki/Nicole_Sanquer,bac+5,lettres-sciences humaines | gestion-commerce | autre,0,1,0,public_uniquement,haute,A aussi exercé une fonction ministérielle locale (politique) juste avant son mandat national.
PA605745,M.,Nicolas,Sansu,1968-06-17,Vierzon,Gauche Démocrate et Républicaine,Cher,2,Permanent politique,Cadres administratifs et techniques de la fonction publique,Cadres et professions intellectuelles supérieures,http://www.wikidata.org/entity/Q2506441,https://fr.wikipedia.org/wiki/Nicolas_Sansu,bac+5,economie,0,0,1,politique_principalement,haute,
PA774960,Mme,Isabelle,Santiago,1965-09-20,Neuilly-sur-Seine,Socialistes et apparentés,Val-de-Marne,9,Cadre territorial,Cadres administratifs et techniques de la fonction publique,Cadres et professions intellectuelles supérieures,http://www.wikidata.org/entity/Q63765654,https://fr.wikipedia.org/wiki/Isabelle_Santiago,bac+3_4,,0,1,0,mixte_public_prive,moyenne,"La déclaration HATVP est très informative : elle confirme un poste de « chargée de mission » à la Région Île-de-France (01/2015-11/2015 puis 04/2018-09/2020, avec la précision explicite « en congé pour convenance personnelle de la fonction publique territoriale lié au mandat de députée »), ce qui établit qu'elle est titulaire de la fonction publique territoriale, cohérent avec sa profession déclarée « Cadre territorial ». Elle a aussi été cheffe de cabinet au Parti socialiste (01/2016-09/2017, secteur politique). Sa fiche Wikipédia ne documente que ses mandats électifs locaux (Alfortville, Val-de-Marne) sans détailler son activité professionnelle. Le statut de titulaire de la fonction publique territoriale en catégorie A (cadre/chargée de mission, assimilable à attachée territoriale) implique en général un diplôme de niveau bac+3_4 ; inférence de profession réglementée, d'où le plafonnement de la confiance à moyenne. Aucun établissement ni diplôme précis n'a pu être identifié."
PA610002,Mme,Eva,Sas,1970-08-13,Nice,Écologiste et Social,Paris,8,Cadre supérieur du secteur privé,Cadres des services administratifs et commerciaux d’entreprise,Cadres et professions intellectuelles supérieures,http://www.wikidata.org/entity/Q3592676,https://fr.wikipedia.org/wiki/%C3%89va_Sas,bac+5,gestion-commerce | lettres-sciences humaines,1,0,0,prive_uniquement,moyenne,Le diplôme ESSEC et la licence de philosophie sont signalés comme des informations à sourcer sur Wikipédia.
PA340343,M.,Hervé,Saulignac,1970-11-06,Privas,Socialistes et apparentés,Ardèche,1,Cadre (entreprises publiques),Cadres administratifs et techniques de la fonction publique,Cadres et professions intellectuelles supérieures,http://www.wikidata.org/entity/Q19958573,https://fr.wikipedia.org/wiki/Herv%C3%A9_Saulignac,bac+3_4,lettres-sciences humaines,0,0,1,politique_principalement,moyenne,Études d'histoire mentionnées sans précision du diplôme obtenu ; carrière avant 2017 exclusivement politique (mandats locaux et collaboration parlementaire).
PA721314,M.,Raphaël,Schellenberger,1990-02-14,Mulhouse,Non inscrit,Haut-Rhin,4,(33) - Cadre de la fonction publique,Cadres administratifs et techniques de la fonction publique,Cadres et professions intellectuelles supérieures,http://www.wikidata.org/entity/Q30336912,https://fr.wikipedia.org/wiki/Rapha%C3%ABl_Schellenberger,bac+5,sciences politiques,0,1,0,public_uniquement,moyenne,"Carrière professionnelle non détaillée dans la bio, déduite de la profession déclarée et du parcours d'études (master en administration des collectivités territoriales)."
PA796050,M.,Philippe,Schreck,1972-02-02,Verdun,Rassemblement National,Var,8,Profession libérale,Professions libérales,Cadres et professions intellectuelles supérieures,http://www.wikidata.org/entity/Q112654787,https://fr.wikipedia.org/wiki/Philippe_Schreck,bac+5,droit,1,0,0,prive_uniquement,haute,
PA795808,Mme,Sabrina,Sebaihi,1981-05-10,Ivry-sur-Seine,Écologiste et Social,Hauts-de-Seine,4,Profession libérale,Professions libérales,Cadres et professions intellectuelles supérieures,http://www.wikidata.org/entity/Q112651173,https://fr.wikipedia.org/wiki/Sabrina_Sebaihi,bac+5,sciences | medecine-sante | sciences politiques,1,1,0,mixte_public_prive,haute,
PA757225,M.,Mikaele,Seo,1971-12-27,Uvea,Ensemble pour la République,Wallis-et-Futuna,1,Profession intermédiaire administrative de la fonction publique,"Professions de l’enseignement primaire et professionnel, de la formation continue et du sport",Professions intermédiaires,http://www.wikidata.org/entity/Q112651641,https://fr.wikipedia.org/wiki/Mikaele_Seo,inconnu,,0,1,0,public_uniquement,moyenne,"Sa fiche Wikipédia indique seulement : « Il a travaillé comme agent d'entretien dans un collège de Wallis », sans nom d'établissement ni dates. Cela correspond à un poste d'agent technique de catégorie C de la fonction publique (secteur public, l'enseignement à Wallis-et-Futuna relevant de l'État), classé public. La déclaration HATVP ne contient aucune ligne d'activité professionnelle pour lui (seulement ses mandats à l'Assemblée territoriale). Contrairement à la catégorie « profession intermédiaire administrative de la fonction publique » déclarée à l'Assemblée nationale, aucune source ne confirme un poste de ce niveau : agent d'entretien ne figure pas parmi les professions réglementées permettant une inférence de diplôme, donc le niveau d'études reste inconnu plutôt que déduit par excès."
PA720960,M.,Olivier,Serva,1974-06-21,Pointe-à-Pitre,"Libertés, Indépendants, Outre-mer et Territoires",Guadeloupe,1,Expert comptable,Professions libérales,Cadres et professions intellectuelles supérieures,http://www.wikidata.org/entity/Q30390327,https://fr.wikipedia.org/wiki/Olivier_Serva,bac+5,gestion-commerce | economie,1,1,0,mixte_public_prive,haute,
PA842255,Mme,Anne,Sicard,1967-06-15,Strasbourg,Rassemblement National,Val-d'Oise,1,(37) - Cadre administratif et commercial d'entreprise,Cadres des services administratifs et commerciaux d’entreprise,Cadres et professions intellectuelles supérieures,http://www.wikidata.org/entity/Q127270999,https://fr.wikipedia.org/wiki/Anne_Sicard,bac+5,education | lettres-sciences humaines,0,1,0,public_uniquement,moyenne,"Niveau de diplôme déduit de sa profession de professeure certifiée, non détaillé par la source; a aussi occupé un poste associatif militant et un poste politique."
PA841091,M.,Arnaud,Simion,1968-05-19,Castelsarrasin,Socialistes et apparentés,Haute-Garonne,6,(33) - Cadre de la fonction publique,Cadres administratifs et techniques de la fonction publique,Cadres et professions intellectuelles supérieures,http://www.wikidata.org/entity/Q63764899,https://fr.wikipedia.org/wiki/Arnaud_Simion,inconnu,,0,1,0,public_uniquement,basse,"Aucune source consultée (Wikipédia, HATVP, fiche AN) ne documente d'activité professionnelle précise : la déclaration HATVP ne contient aucune ligne d'« activité », seulement des mandats électifs (conseiller départemental de la Haute-Garonne depuis 2015, vice-président depuis 2021) et des fonctions de représentant dans des organismes (ALTEAL, SDIS31, Mission locale 31, Centre départemental de l'enfance et de la famille), qui relèvent vraisemblablement de ses mandats électifs plutôt que d'un emploi. Sa fiche Wikipédia ne mentionne aucune profession, le champ « profession » de l'infobox étant vide. Seule la profession déclarée à l'Assemblée nationale (« Cadre de la fonction publique ») donne une indication de secteur (public), retenue ici avec une confiance basse faute de corroboration. Aucune information sur son niveau d'études n'a été trouvée."
PA796018,Mme,Danielle,Simonnet,1971-07-02,Montereau-Fault-Yonne,Écologiste et Social,Paris,15,"Professeur, profession scientifique",Cadres administratifs et techniques de la fonction publique,Cadres et professions intellectuelles supérieures,http://www.wikidata.org/entity/Q20857507,https://fr.wikipedia.org/wiki/Danielle_Simonnet,bac+5,lettres-sciences humaines,0,1,0,politique_principalement,moyenne,A exercé comme conseillère d'orientation psychologue avant de s'engager pleinement dans des fonctions politiques dès 2000.
PA794802,M.,Charles,Sitzenstuhl,1988-12-03,Sélestat,Ensemble pour la République,Bas-Rhin,5,Cadre de la fonction publique,Cadres administratifs et techniques de la fonction publique,Cadres et professions intellectuelles supérieures,http://www.wikidata.org/entity/Q62664023,https://fr.wikipedia.org/wiki/Charles_Sitzenstuhl,doctorat,sciences politiques,0,0,1,politique_principalement,haute,
PA720190,M.,Bertrand,Sorre,1965-05-08,Cherbourg,Ensemble pour la République,Manche,2,Enseignant 1er degré-directeur d'école (en disponibilité),"Employés administratifs de la fonction publique, agents de service et auxiliaires de santé",Employés,http://www.wikidata.org/entity/Q30390636,https://fr.wikipedia.org/wiki/Bertrand_Sorre,bac+5,sciences politiques,0,1,0,public_uniquement,moyenne,"Le passage par l'IEP de Bordeaux provient de Wikidata, non mentionné dans le texte de la biographie."
PA841681,M.,Thierry,Sother,1982-02-02,Mulhouse,Socialistes et apparentés,Bas-Rhin,3,(33) - Cadre de la fonction publique,Cadres administratifs et techniques de la fonction publique,Cadres et professions intellectuelles supérieures,http://www.wikidata.org/entity/Q127256565,https://fr.wikipedia.org/wiki/Thierry_Sother,bac+5,lettres-sciences humaines | communication-journalisme,1,0,0,prive_uniquement,moyenne,"L'essentiel de sa carrière s'est déroulé dans une compagnie de théâtre à statut associatif, assimilée ici au secteur privé faute de catégorie dédiée."
PA795466,Mme,Ersilia,Soudais,1988-05-21,Aubervilliers,La France insoumise - Nouveau Front Populaire,Seine-et-Marne,7,"Professeur, profession scientifique",Cadres administratifs et techniques de la fonction publique,Cadres et professions intellectuelles supérieures,http://www.wikidata.org/entity/Q112652742,https://fr.wikipedia.org/wiki/Ersilia_Soudais,bac+3_4,lettres-sciences humaines,0,1,0,public_uniquement,moyenne,Bio peu détaillée sur les dates; engagement syndical au SNES-FSU non compté comme emploi.
PA794486,Mme,Violette,Spillebout,1972-09-02,Lyon,Ensemble pour la République,Nord,9,Cadre administratif et commercial d'entreprise,Cadres des services administratifs et commerciaux d’entreprise,Cadres et professions intellectuelles supérieures,http://www.wikidata.org/entity/Q112651467,https://fr.wikipedia.org/wiki/Violette_Spillebout,bac+5,sciences | gestion-commerce,1,1,0,mixte_public_prive,haute,"Alterne emplois publics/privés (CDC, SNCF) et postes politiques de cabinet à la mairie de Lille."
PA793744,Mme,Anne,Stambach-Terrenoir,1980-06-23,Amiens,La France insoumise - Nouveau Front Populaire,Haute-Garonne,2,Professeure de piano,Cadres administratifs et techniques de la fonction publique,Cadres et professions intellectuelles supérieures,http://www.wikidata.org/entity/Q112637266,https://fr.wikipedia.org/wiki/Anne_Stambach-Terrenoir,bac+3_4,arts,0,1,0,public_uniquement,moyenne,Niveau de diplôme et statut exact de l'école de musique non précisés par la source.
PA267794,Mme,Michèle,Tabarot,1962-10-13,Alicante,Droite Républicaine,Alpes-Maritimes,9,Chef d'entreprise,Chefs d'entreprise de plus de 10 personnes,"Artisans, commerçants et chefs d'entreprise",http://www.wikidata.org/entity/Q2254052,https://fr.wikipedia.org/wiki/Mich%C3%A8le_Tabarot,bac_ou_moins,droit,1,0,0,politique_principalement,moyenne,"Le wikitexte de sa fiche Wikipédia est explicite : « À 20 ans, elle aurait été la plus jeune adjointe de France et abandonne ses études de droit pour faire carrière en politique », désignée par Pierre Bachelet, maire RPR du Cannet, en 1983. Aucun diplôme n'est mentionné comme obtenu : conformément à la règle du projet sur les études inachevées, le niveau retenu est donc bac_ou_moins (le baccalauréat étant supposé acquis pour l'entrée en fac de droit, mais aucune licence). Sa carrière documentée est ensuite exclusivement politique : adjointe puis maire du Cannet (1983-2017), députée des Alpes-Maritimes depuis 2002, secrétaire générale de l'UMP/LR (2012-2014). La profession déclarée à l'Assemblée nationale, « Chef d'entreprise » (catégorie INSEE « chefs d'entreprise de plus de 10 personnes »), n'a pu être corroborée par aucune source (pas de nom d'entreprise, pas de dates) malgré la recherche ; elle est retenue à titre indicatif avec une confiance faible, sans remettre en cause le caractère très majoritairement politique de son parcours documenté."
PA720952,M.,Aurélien,Taché,1984-05-26,Niort,La France insoumise - Nouveau Front Populaire,Val-d'Oise,10,Fonctionnaire de catégorie A,Cadres administratifs et techniques de la fonction publique,Cadres et professions intellectuelles supérieures,http://www.wikidata.org/entity/Q30390884,https://fr.wikipedia.org/wiki/Aur%C3%A9lien_Tach%C3%A9,bac+3_4,droit,0,1,0,politique_principalement,moyenne,Parcours d'études en droit atypique (capacité en droit) ; carrière dominée par des postes de cabinet politique et de collectivité.
PA793382,M.,Emmanuel,Taché,1975-02-20,Montreuil,Rassemblement National,Bouches-du-Rhône,16,Cadre de la fonction publique,Cadres administratifs et techniques de la fonction publique,Cadres et professions intellectuelles supérieures,http://www.wikidata.org/entity/Q56556893,https://fr.wikipedia.org/wiki/Emmanuel_Tach%C3%A9,inconnu,,1,1,0,mixte_public_prive,haute,"Parcours bien documenté et concordant entre la déclaration HATVP (trois déclarations, employeurs nommés) et sa fiche Wikipédia : assistant parlementaire de Brigitte Le Brethon (UMP), rejoint le Front national en 2012, chargé de mission pour la campagne présidentielle de 2016-2017 (AFMLP), puis collaborateur du groupe des eurodéputés RN au Parlement européen comme chargé de communication (2018-2021, confirmé par les deux sources), puis agent contractuel au Conseil régional des Hauts-de-France (2021-2022). La HATVP mentionne aussi une mission ponctuelle de correcteur-examinateur de jury pour l'école de commerce INSEEC en août 2023, activité isolée qui ne permet toutefois pas d'inférer un diplôme personnel (rôle d'examinateur externe, pas nécessairement un ancien élève). Aucune information sur ses études (établissement, diplôme) n'a été trouvée dans aucune source consultée."
PA736201,Mme,Sophie,Taillé-Polian,1974-10-04,Ermont,Écologiste et Social,Val-de-Marne,11,Cadre de la fonction publique,Cadres administratifs et techniques de la fonction publique,Cadres et professions intellectuelles supérieures,http://www.wikidata.org/entity/Q41075996,https://fr.wikipedia.org/wiki/Sophie_Taill%C3%A9-Polian,bac+5,lettres-sciences humaines,0,1,0,public_uniquement,moyenne,"Profession de cadre de la fonction publique tirée des données officielles, sans détail biographique du poste."
PA794178,M.,Jean-Pierre,Taite,1962-03-14,Feurs,Droite Républicaine,Loire,6,"Ancien artisan, commerçant, chef d'entreprise",Sans profession déclarée,Sans profession déclarée,http://www.wikidata.org/entity/Q62887880,https://fr.wikipedia.org/wiki/Jean-Pierre_Taite,inconnu,,1,0,0,prive_uniquement,moyenne,"Wikipédia indique explicitement « Jean-Pierre Taite est photographe de métier » (confirmé dans l'extrait et dans l'infobox du wikitexte brut : profession = Photographe), cohérent avec la profession déclarée officielle « Ancien artisan, commerçant, chef d'entreprise ». Aucune déclaration HATVP trouvée pour cet uid (entrée absente de l'index local). Aucune mention d'études ou de diplôme nulle part dans l'article Wikipédia ; la fiche AN (assemblee-nationale.fr) ne restitue aucun texte en statique (rendu JavaScript). Photographe artisan indépendant n'implique aucun diplôme précis, donc niveau laissé inconnu plutôt que déduit."
PA795778,M.,Jean-Philippe,Tanguy,1986-03-25,Boulogne-sur-Mer,Rassemblement National,Somme,4,Cadre administratif et commercial d'entreprise,Cadres des services administratifs et commerciaux d’entreprise,Cadres et professions intellectuelles supérieures,http://www.wikidata.org/entity/Q46138822,https://fr.wikipedia.org/wiki/Jean-Philippe_Tanguy,bac+5,gestion-commerce | sciences politiques,1,0,0,politique_principalement,haute,"Bref passage en alternance dans le privé pendant ses études, puis carrière longue et principalement politique."
PA719550,Mme,Liliana,Tanguy,1967-03-12,Pancevo,Ensemble pour la République,Finistère,7,Cadre supérieur du secteur public,Cadres administratifs et techniques de la fonction publique,Cadres et professions intellectuelles supérieures,http://www.wikidata.org/entity/Q30339307,https://fr.wikipedia.org/wiki/Liliana_Tanguy,bac+5,economie | sciences politiques,,1,0,public_uniquement,moyenne,La section carrière de la biographie est vide ; l'emploi indiqué provient uniquement de l'indice Wikidata (hôpital du Scorff).
PA793796,M.,David,Taupiac,1975-05-13,Montauban,"Libertés, Indépendants, Outre-mer et Territoires",Gers,2,Consultant aéronautique,Professions libérales,Cadres et professions intellectuelles supérieures,http://www.wikidata.org/entity/Q65603176,https://fr.wikipedia.org/wiki/David_Taupiac,bac+5,ingenierie,1,0,0,prive_uniquement,haute,
PA794106,Mme,Andrée,Taurinya,1963-06-03,Toulouse,La France insoumise - Nouveau Front Populaire,Loire,2,"Professeur, profession scientifique",Cadres administratifs et techniques de la fonction publique,Cadres et professions intellectuelles supérieures,http://www.wikidata.org/entity/Q112650830,https://fr.wikipedia.org/wiki/Andr%C3%A9e_Taurinya,bac+3_4,lettres-sciences humaines | education,0,1,0,public_uniquement,haute,
PA794166,M.,Matthias,Tavel,1987-07-06,Villeurbanne,La France insoumise - Nouveau Front Populaire,Loire-Atlantique,8,Cadre de la fonction publique,Cadres administratifs et techniques de la fonction publique,Cadres et professions intellectuelles supérieures,http://www.wikidata.org/entity/Q50384786,https://fr.wikipedia.org/wiki/Matthias_Tavel,bac+5,sciences politiques,0,1,0,politique_principalement,moyenne,A surtout eu une carrière politique (directeur de cabinet adjoint de Mélenchon pendant 6 ans) avant un emploi public bref à la préfecture juste avant son élection.
PA794502,M.,Michaël,Taverne,1979-03-10,Maubeuge,Rassemblement National,Nord,12,Policier et militaire,"Employés administratifs de la fonction publique, agents de service et auxiliaires de santé",Employés,http://www.wikidata.org/entity/Q112637395,https://fr.wikipedia.org/wiki/Micha%C3%ABl_Taverne,bac+3_4,sport,0,1,0,public_uniquement,moyenne,Niveau exact du diplôme STAPS non précisé dans la source.
PA841713,M.,Boris,Tavernier,1979-08-23,Doullens,Écologiste et Social,Rhône,2,(37) - Cadre administratif et commercial d'entreprise,Cadres des services administratifs et commerciaux d’entreprise,Cadres et professions intellectuelles supérieures,http://www.wikidata.org/entity/Q126599155,https://fr.wikipedia.org/wiki/Boris_Tavernier,bac+5,economie,1,0,0,prive_uniquement,haute,A aussi dirigé pendant plus de dix ans l'association VRAC (secteur associatif).
PA721584,M.,Jean,Terlier,1977-03-02,Toulon,Ensemble pour la République,Tarn,3,Avocat,Professions libérales,Cadres et professions intellectuelles supérieures,http://www.wikidata.org/entity/Q30391203,https://fr.wikipedia.org/wiki/Jean_Terlier,bac+5,droit,1,0,0,prive_uniquement,moyenne,"La bio ne précise pas l'établissement de formation, mais confirme le métier d'avocat spécialisé en droit rural et agro-alimentaire."
PA841553,M.,Thierry,Tesson,1957-04-22,Les Sables d'Olonne,Rassemblement National,Nord,17,(74) - Ancien cadre,Cadres administratifs et techniques de la fonction publique,Cadres et professions intellectuelles supérieures,http://www.wikidata.org/entity/Q123369490,https://fr.wikipedia.org/wiki/Thierry_Tesson,bac+5,lettres-sciences humaines,0,1,0,public_uniquement,haute,A occupé un poste en cabinet ministériel (secteur politique) entre deux périodes de carrière de haut fonctionnaire.
PA795920,Mme,Prisca,Thevenot,1985-03-01,Strasbourg,Ensemble pour la République,Hauts-de-Seine,8,Collaboratrice parlementaire,Professions intermédiaires administratives et commerciales des entreprises,Professions intermédiaires,http://www.wikidata.org/entity/Q106020252,https://fr.wikipedia.org/wiki/Prisca_Thevenot,bac+5,gestion-commerce,1,0,0,prive_uniquement,moyenne,"Postes en entreprise identifiés via wikidata (BearingPoint, EY, Veolia Eau, Webhelp) sans détails précis; a aussi été collaboratrice parlementaire avant son élection."
PA793948,M.,Nicolas,Thierry,1975-12-08,Creon,Écologiste et Social,Gironde,2,Consultant en développement durable,Professions libérales,Cadres et professions intellectuelles supérieures,http://www.wikidata.org/entity/Q63349080,https://fr.wikipedia.org/wiki/Nicolas_Thierry,bac+5,lettres-sciences humaines,1,1,0,mixte_public_prive,moyenne,Le secteur du premier emploi (gestion des déchets en Polynésie) est incertain.
PA719822,Mme,Sabine,Thillaye,1959-05-18,Remscheid,Les Démocrates,Indre-et-Loire,5,Ancien Chef d'entreprise,Commerçants et assimilés,"Artisans, commerçants et chefs d'entreprise",http://www.wikidata.org/entity/Q30335895,https://fr.wikipedia.org/wiki/Sabine_Thillaye,bac+5,droit,1,1,0,mixte_public_prive,moyenne,"Le diplôme obtenu à Münster n'est pas précisé, seules des études supérieures de droit sont mentionnées."
PA841893,Mme,Céline,Thiébault-Martinez,1974-08-04,Charleville-Mézières,Socialistes et apparentés,Seine-et-Marne,9,(37) - Cadre administratif et commercial d'entreprise,Cadres des services administratifs et commerciaux d’entreprise,Cadres et professions intellectuelles supérieures,http://www.wikidata.org/entity/Q127256524,https://fr.wikipedia.org/wiki/C%C3%A9line_Thi%C3%A9bault-Martinez,bac+5,economie,1,0,0,prive_uniquement,haute,
PA722336,M.,Vincent,Thiébaut,1972-05-23,Toulouse,Horizons & Indépendants,Bas-Rhin,9,Autre cadre (secteur privé),Cadres des services administratifs et commerciaux d’entreprise,Cadres et professions intellectuelles supérieures,http://www.wikidata.org/entity/Q30348526,https://fr.wikipedia.org/wiki/Vincent_Thi%C3%A9baut,bac+3_4,gestion-commerce | informatique,1,0,0,prive_uniquement,moyenne,"Bac scientifique et technique série E, puis BTS technico-commercial en alternance (CESI) et formation à l'ICSV du CNAM (1999-2001) ; niveau exact du diplôme ICSV non confirmé, estimé bac+3/4 (source: https://vincentthiebaut.fr/vincent-thiebaut/biographie/)."
PA643089,M.,Jean-Louis,Thiériot,1969-06-26,Paris 14ème,Droite Républicaine,Seine-et-Marne,3,Sans profession déclarée,Professions libérales,Cadres et professions intellectuelles supérieures,http://www.wikidata.org/entity/Q3166993,https://fr.wikipedia.org/wiki/Jean-Louis_Thi%C3%A9riot,bac+5,sciences politiques | droit,1,0,0,prive_uniquement,haute,
PA793816,Mme,Mélanie,Thomin,1984-06-04,Landerneau,Socialistes et apparentés,Finistère,6,"Professeur, profession scientifique",Cadres administratifs et techniques de la fonction publique,Cadres et professions intellectuelles supérieures,http://www.wikidata.org/entity/Q112639913,https://fr.wikipedia.org/wiki/M%C3%A9lanie_Thomin,bac+3_4,lettres-sciences humaines,1,0,0,prive_uniquement,moyenne,"Enseigne dans des lycées privés sous contrat (Diwan, enseignement catholique), non fonction publique d'État."
PA793298,M.,Lionel,Tivoli,1988-02-29,Marseille,Rassemblement National,Alpes-Maritimes,2,Chef d'entreprise de 10 salariés ou plus,Chefs d'entreprise de plus de 10 personnes,"Artisans, commerçants et chefs d'entreprise",http://www.wikidata.org/entity/Q63371180,https://fr.wikipedia.org/wiki/Lionel_Tivoli,inconnu,,0,0,1,politique_principalement,moyenne,"Déclaration d'intérêts HATVP consultée directement (déposée le 8 septembre 2024, page fetchée et vérifiée) : seule activité professionnelle rémunérée déclarée = « Assistant de groupe », Ville d'Antibes, 06/2020-06/2022 (4 500 à 9 000 €/an). Les rubriques « participations aux organes dirigeants » et « participations financières directes dans le capital d'une société » y sont explicitement « Néant ». Ceci contredit une note d'un passage de recherche antérieur évoquant une entreprise d'e-liquides fondée en 2013 : je n'ai trouvé aucune trace de cette société ni dans la déclaration HATVP actuelle ni dans Wikipédia (infobox « profession = Chef d'entreprise » sans nom d'entreprise, section biographie muette sur ce point) ; par prudence je ne retiens pas cette information non vérifiable. Seules activités rémunérées confirmées : conseiller régional (25 800 €/an, 2016-2022) et assistant de groupe municipal — carrière donc classée comme essentiellement politique. Aucune information sur ses études (infobox Wikipédia : champ « université » vide)."
PA842299,M.,Emmanuel,Tjibaou,1976-03-17,Nouméa,Gauche Démocrate et Républicaine,Nouvelle-Calédonie,2,(33) - Cadre de la fonction publique,Cadres administratifs et techniques de la fonction publique,Cadres et professions intellectuelles supérieures,http://www.wikidata.org/entity/Q127233075,https://fr.wikipedia.org/wiki/Emmanuel_Tjibaou,bac+5,lettres-langues,0,1,0,public_uniquement,haute,"Biographie Wikipédia très détaillée et richement sourcée (interview Mwà Véé, portraits bouturesdeparoles.nc, etc., vérifiée via récupération du wikitexte brut) : études d'anglais puis DEA d'ethnolinguistique des langues kanak à l'INALCO (Paris), mémoire sur les récits traditionnels de la région de Hienghène. Carrière : instituteur remplaçant, puis collecteur du patrimoine kanak, puis directeur de l'ADCK-Centre culturel Tjibaou (Gouvernement de Nouvelle-Calédonie — confirmé par la déclaration HATVP locale : « directeur centre culturel tjibaou », Gouvernement NC, 01/2018-09/2022), puis directeur à la Province Nord (10/2022-07/2024, également confirmé par HATVP). Carrière entièrement dans le secteur public / les institutions calédoniennes."
PA840067,M.,Gabriel,Tomatis,1999-11-02,Nice,Rassemblement National,Alpes-Maritimes,4,Sans profession déclarée,Sans profession déclarée,Sans profession déclarée,http://www.wikidata.org/entity/Q138726860,https://fr.wikipedia.org/wiki/Gabriel_Tomatis,bac+3_4,lettres-sciences humaines,,,1,politique_principalement,moyenne,"Engagement militant dès 16 ans, aucun emploi hors politique mentionné avant son entrée à l'Assemblée."
PA840781,M.,Romain,Tonussi,1996-04-09,Istres,Rassemblement National,Bouches-du-Rhône,8,(45) - Profession intermédiaire administrative de la fonction publique,"Professions de l’enseignement primaire et professionnel, de la formation continue et du sport",Professions intermédiaires,http://www.wikidata.org/entity/Q126960558,https://fr.wikipedia.org/wiki/Romain_Tonussi,bac+2,,0,1,0,public_uniquement,moyenne,"Wikipédia confirme la profession de « gestionnaire RH » (affirmation sourcée à un article de presse locale, mesinfos.fr, cité dans le wikitexte, vérifié directement). La déclaration HATVP (fichier local) confirme le poste précis : Gestionnaire RH, Département des Hautes-Alpes, 10/2020-07/2024, secteur public territorial. La profession déclarée officielle et le code INSEE (« (45) Profession intermédiaire administrative de la fonction publique ») correspondent à la catégorie B de la fonction publique, ce qui suppose usuellement un niveau bac+2 — inférence de catégorie statutaire (pas de diplôme nommé), confiance ramenée à moyenne conformément à la règle sur les inférences de profession réglementée. Aucune information sur l'établissement de formation."
PA607395,M.,Stéphane,Travert,1969-10-12,Carentan,Ensemble pour la République,Manche,3,Cadre secteur privé,Cadres des services administratifs et commerciaux d’entreprise,Cadres et professions intellectuelles supérieures,http://www.wikidata.org/entity/Q3502105,https://fr.wikipedia.org/wiki/St%C3%A9phane_Travert,bac+2,gestion-commerce,1,0,0,politique_principalement,moyenne,Le passage dans l'industrie n'est pas détaillé; l'essentiel de la carrière connue avant le mandat est un poste de cabinet politique.
PA793334,M.,Cyril,Tribuiani,1981-07-25,Gap,Rassemblement National,Alpes-Maritimes,6,Agent d'assurances,Agents de maîtrise (hors maîtrise administrative),Professions intermédiaires,http://www.wikidata.org/entity/Q138712983,https://fr.wikipedia.org/wiki/Cyril_Tribuiani,bac_ou_moins,economie-gestion,1,0,0,prive_uniquement,haute,"Entré dans la vie active à 18 ans avec un bac professionnel de comptabilité ; dix ans chez Carrefour dans la grande distribution, puis agent d'assurances chez Axa, avant de devenir collaborateur du député Bryan Masson puis son suppléant. Confirmé par nicepresse.com, texte vérifié directement par curl+grep (« Entré dans la vie active à 18 ans avec un bac professionnel de comptabilité, il débute dans la grande distribution, chez Carrefour, où il reste pendant dix ans. Il rejoint ensuite le secteur des assurances au sein d'Axa »), et non un simple résumé WebFetch."
PA795164,Mme,Aurélie,Trouvé,1979-09-20,Chauny,La France insoumise - Nouveau Front Populaire,Seine-Saint-Denis,9,Cadre de la fonction publique,Cadres administratifs et techniques de la fonction publique,Cadres et professions intellectuelles supérieures,http://www.wikidata.org/entity/Q2872015,https://fr.wikipedia.org/wiki/Aur%C3%A9lie_Trouv%C3%A9,doctorat,agriculture | economie | ingenierie,0,1,0,public_uniquement,haute,Engagement associatif de longue durée (Attac) en parallèle de sa carrière académique publique.
PA842121,M.,Nicolas,Tryzna,1987-12-15,Paris,Droite Républicaine,Val-de-Marne,7,Formateur,Professions libérales,Cadres et professions intellectuelles supérieures,http://www.wikidata.org/entity/Q63766698,https://fr.wikipedia.org/wiki/Nicolas_Tryzna,doctorat,communication-journalisme | histoire-geographie,0,0,0,politique_principalement,moyenne,"Diplôme bien documenté et vérifié : master 2 en communication politique et sociale puis doctorat en histoire des médias, tous deux à Paris 1 Panthéon-Sorbonne (thèse sur l'hebdomadaire Le Point, dir. Patrick Eveno, soutenue en septembre 2017, référencée sur theses.fr et citée par l'IDHES-CNRS). En revanche la carrière hors politique reste quasi inconnue : la profession déclarée à l'Assemblée nationale et sur Wikidata est « formateur » (catégorie INSEE « Professions libérales »), mais aucun employeur, établissement ni période n'a pu être retrouvé malgré recherches sur Wikipédia (recherche plein texte), l'article 94.citoyens.com consacré à sa nomination, et un essai de sites personnels (nicolastryzna.fr, variantes — tous injoignables). Aucune déclaration HATVP n'existe pour lui dans l'index local (probablement car il n'est député que depuis le 13 novembre 2025, suppléant devenu titulaire). Sa trajectoire documentée est presque exclusivement politique : conseiller départemental du Val-de-Marne dès mai 2017 (à la sortie de sa thèse), vice-président du conseil départemental depuis 2021, puis député depuis 2025 ; d'où un profil classé « politique_principalement » malgré l'activité libérale déclarée mais non vérifiable."
PA840685,M.,Vincent,Trébuchet,1988-07-05,Paris,Union des droites pour la République,Ardèche,2,(37) - Cadre administratif et commercial d'entreprise,Cadres des services administratifs et commerciaux d’entreprise,Cadres et professions intellectuelles supérieures,http://www.wikidata.org/entity/Q126913711,https://fr.wikipedia.org/wiki/Vincent_Tr%C3%A9buchet,inconnu,,1,0,0,prive_uniquement,haute,"Carrière très bien documentée et convergente entre Wikipédia (sources Le Monde, France Bleu) et sa déclaration HATVP (fichier local) : Leroy Merlin (directeur adjoint et financier puis chef de secteur), Caisse d'Épargne (banquier privé), puis Fonds du Bien Commun et Otium Impact France, structures liées au milliardaire Pierre-Édouard Stérin (« projet Périclès » selon Le Monde), consacrées au montage d'un réseau de collèges/lycées catholiques. Entièrement secteur privé. Aucune information sur ses études : l'infobox Wikipédia ne comporte pas de champ formation/université et aucune biographie ne mentionne son parcours scolaire ; recherche jugée exhaustive (article complet lu en wikitexte brut) plutôt qu'insuffisante."
PA722162,M.,Nicolas,Turquois,1972-07-26,Tours,Les Démocrates,Vienne,4,Agriculteur-propriétaire exploitant,Agriculteurs exploitants,Agriculteurs exploitants,http://www.wikidata.org/entity/Q30392038,https://fr.wikipedia.org/wiki/Nicolas_Turquois,bac+5,agriculture,1,0,0,prive_uniquement,haute,
PA878242,M.,Antoine,Valentin,1992-10-16,Bonneville,Union des droites pour la République,Haute-Savoie,3,chef d'entreprise,Chefs d'entreprise de plus de 10 personnes,"Artisans, commerçants et chefs d'entreprise",http://www.wikidata.org/entity/Q98233970,https://fr.wikipedia.org/wiki/Antoine_Valentin,bac+5,gestion-commerce,,1,0,politique_principalement,moyenne,"A suivi un apprentissage en menuiserie avant ses études ; engagement politique et mandat de maire très précoces, peu de carrière professionnelle distincte documentée."
PA719930,M.,Boris,Vallaud,1975-07-25,Beyrouth,Socialistes et apparentés,Landes,3,Fonctionnaire de catégorie A,Cadres administratifs et techniques de la fonction publique,Cadres et professions intellectuelles supérieures,http://www.wikidata.org/entity/Q29021094,https://fr.wikipedia.org/wiki/Boris_Vallaud,bac+5,droit | sciences politiques,0,0,1,politique_principalement,haute,
PA795350,M.,Frédéric,Valletoux,1966-08-23,Paris,Horizons & Indépendants,Seine-et-Marne,2,Profession de l'information,Professions libérales,Cadres et professions intellectuelles supérieures,http://www.wikidata.org/entity/Q33112205,https://fr.wikipedia.org/wiki/Fr%C3%A9d%C3%A9ric_Valletoux,bac+2,lettres-sciences humaines,1,0,0,prive_uniquement,haute,"N'a obtenu qu'un DEUG en histoire, la licence engagée n'étant pas mentionnée comme achevée."
PA795596,M.,Paul,Vannier,1985-09-19,Vitry Sur Seine,La France insoumise - Nouveau Front Populaire,Val-d'Oise,5,Professeur d'histoire-géographie,Cadres administratifs et techniques de la fonction publique,Cadres et professions intellectuelles supérieures,http://www.wikidata.org/entity/Q112654146,https://fr.wikipedia.org/wiki/Paul_Vannier_(homme_politique),bac+5,lettres-sciences humaines | education,0,1,0,public_uniquement,haute,
PA794118,M.,Antoine,Vermorel-Marques,1993-02-17,Roanne,Droite Républicaine,Loire,5,Conseiller parlementaire,Cadres administratifs et techniques de la fonction publique,Cadres et professions intellectuelles supérieures,http://www.wikidata.org/entity/Q112650653,https://fr.wikipedia.org/wiki/Antoine_Vermorel-Marques,bac+5,sciences politiques,0,0,1,politique_principalement,haute,
PA840809,M.,Gérault,Verny,1984-12-23,Bourgoin-Jallieu,Union des droites pour la République,Bouches-du-Rhône,14,(23) - Chef d'entreprise de 10 salariés ou plus,Chefs d'entreprise de plus de 10 personnes,"Artisans, commerçants et chefs d'entreprise",http://www.wikidata.org/entity/Q126708305,https://fr.wikipedia.org/wiki/G%C3%A9rault_Verny,inconnu,,1,0,0,prive_uniquement,haute,"Carrière professionnelle bien documentée par Le Monde (article cité et vérifié dans le wikitexte de l'article Wikipédia) : industriel lyonnais, dirige depuis 2014 Mont Blanc composite, et salarié de l'ISSEP où il enseigne et gère les partenariats avec les entreprises. La déclaration HATVP locale confirme « gérant, MAJI, depuis 01/2018 » et « dirigeant, Foncière de la tour, depuis 01/2018 » (MAJI identifiée par un article de La Lettre, cité dans Wikipédia, comme sa holding personnelle). Aucune mention d'études, de diplôme ou d'établissement de formation dans l'article Wikipédia (infobox « profession » et « université » toutes deux vides) : recherche jugée exhaustive, diplôme laissé inconnu plutôt que deviné."
PA794494,M.,Roger,Vicot,1963-06-01,Denain,Socialistes et apparentés,Nord,11,sans profession,Cadres des services administratifs et commerciaux d’entreprise,Cadres et professions intellectuelles supérieures,http://www.wikidata.org/entity/Q63764974,https://fr.wikipedia.org/wiki/Roger_Vicot,bac+3_4,communication-journalisme,1,1,0,mixte_public_prive,haute,"Carrière et formation intégralement recoupées avec un entretien à la première personne publié sur lagazettefrance.fr (« Homme de foi et de loi, Roger Vicot se dévoile »), dont le texte a été vérifié directement par curl+grep et non par simple résumé WebFetch. Il y raconte : bac B puis DEUG d'anglais, puis départ à Paris pour l'École supérieure de journalisme ; débute au Matin de Paris puis à Nord Éclair (où il rencontre André Diligent) ; recruté en juillet 1989 par Pierre Mauroy, alors élu président de la Communauté urbaine de Lille, pour écrire ses discours ; en 1991 devient directeur de la communication à Lomme ; en 1993 attaché de presse de Pierre Mauroy ; en mars 1995 directeur de la communication de la Ville de Lille jusqu'en octobre 2000, date à laquelle il démissionne pour rejoindre les listes municipales de Martine Aubry/Yves Durand tout en devenant directeur de la communication du MIN (Marché d'Intérêt National) de Lille — la fin de ce poste n'est pas précisée dans l'entretien. La déclaration HATVP couvre la période plus récente (2017 et après, fenêtre réglementaire) : « Directeur consultant » à l'EFAP (école privée de communication, 2017-2022) et « Directeur de cabinet » au Centre de gestion de la fonction publique territoriale du Nord (Cdg59, établissement public, 2017-2020, démission fin août 2020 selon son propre commentaire dans la déclaration). Le niveau de diplôme « bac+3_4 » retenu pour le diplôme de journalisme est une estimation raisonnable (durée exacte du cursus à l'École supérieure de journalisme non précisée dans la source) plutôt qu'une certitude absolue, mais la matière (institution nommée, DEUG + diplôme professionnel) justifie une confiance globale « haute » compte tenu de la qualité et de la vérification directe des sources sur la carrière."
PA722102,Mme,Annie,Vidal,1956-09-17,La Bohalle,Ensemble pour la République,Seine-Maritime,2,Retraitée de la fonction publique hospitalière,Sans profession déclarée,Sans profession déclarée,http://www.wikidata.org/entity/Q30339397,https://fr.wikipedia.org/wiki/Annie_Vidal,bac+2,medecine-sante,1,1,0,mixte_public_prive,moyenne,
PA607090,M.,Jean-Pierre,Vigier,1969-10-22,Brioude,Droite Républicaine,Haute-Loire,2,Fonctionnaire de catégorie A,Cadres administratifs et techniques de la fonction publique,Cadres et professions intellectuelles supérieures,http://www.wikidata.org/entity/Q3169815,https://fr.wikipedia.org/wiki/Jean-Pierre_Vigier_(homme_politique),bac+5,ingenierie | informatique,0,1,0,public_uniquement,haute,
PA331582,M.,Philippe,Vigier,1958-02-03,Valence,Les Démocrates,Eure-et-Loir,4,Biologiste A.I.H.P.,Professions libérales,Cadres et professions intellectuelles supérieures,http://www.wikidata.org/entity/Q3380857,https://fr.wikipedia.org/wiki/Philippe_Vigier_(homme_politique),doctorat,medecine-sante,1,1,0,mixte_public_prive,moyenne,Sources Wikipédia partiellement marquées comme non référencées.
PA719512,Mme,Corinne,Vignon,1963-06-10,Agen,Ensemble pour la République,Haute-Garonne,3,Cadre supérieur (secteur privé),Cadres des services administratifs et commerciaux d’entreprise,Cadres et professions intellectuelles supérieures,http://www.wikidata.org/entity/Q30342372,https://fr.wikipedia.org/wiki/Corinne_Vignon,bac+5,arts,1,,0,prive_uniquement,moyenne,Périodes d'emploi peu précisées dans la biographie.
PA794946,M.,Antoine,Villedieu,1989-03-08,Lure,Rassemblement National,Haute-Saône,1,Policier,"Employés administratifs de la fonction publique, agents de service et auxiliaires de santé",Employés,http://www.wikidata.org/entity/Q112652488,"https://fr.wikipedia.org/wiki/Antoine_Villedieu_(homme_politique,_1989)",bac+2,gestion-commerce,1,1,0,mixte_public_prive,haute,
PA795026,Mme,Anne-Cécile,Violland,1973-06-10,Évian-les-Bains,Horizons & Indépendants,Haute-Savoie,5,Profession libérale,"Professions de l’enseignement primaire et professionnel, de la formation continue et du sport",Professions intermédiaires,http://www.wikidata.org/entity/Q65605995,https://fr.wikipedia.org/wiki/Anne-C%C3%A9cile_Violland,bac+5,medecine-sante,0,1,0,public_uniquement,moyenne,"Niveau de diplôme déduit du titre de psychologue, non détaillé explicitement dans la biographie."
PA721474,M.,Stéphane,Viry,1969-10-14,Epinal,"Libertés, Indépendants, Outre-mer et Territoires",Vosges,1,Avocat,Professions libérales,Cadres et professions intellectuelles supérieures,http://www.wikidata.org/entity/Q30509463,https://fr.wikipedia.org/wiki/St%C3%A9phane_Viry,bac+5,droit,1,0,0,prive_uniquement,moyenne,Le domaine exact de la maîtrise n'est pas précisé mais la profession d'avocat implique une formation en droit et le CAPA.
PA841575,M.,Frédéric-Pierre,Vos,1963-03-10,Draveil,Rassemblement National,Oise,5,avocat,Professions libérales,Cadres et professions intellectuelles supérieures,http://www.wikidata.org/entity/Q127256587,https://fr.wikipedia.org/wiki/Fr%C3%A9d%C3%A9ric-Pierre_Vos,bac+5,droit,1,1,0,mixte_public_prive,haute,Le diplôme de droit n'est pas explicitement cité mais est nécessaire à l'exercice de la profession d'avocat.
PA2940,Mme,Dominique,Voynet,1958-11-04,Montbéliard,Écologiste et Social,Doubs,2,Médecin,Professions libérales,Cadres et professions intellectuelles supérieures,http://www.wikidata.org/entity/Q268669,https://fr.wikipedia.org/wiki/Dominique_Voynet,doctorat,medecine-sante,1,1,0,mixte_public_prive,haute,
PA793194,M.,Lionel,Vuibert,1968-08-31,Villers-Semeuse,Non inscrit,Ardennes,1,Directeur général,Cadres des services administratifs et commerciaux d’entreprise,Cadres et professions intellectuelles supérieures,http://www.wikidata.org/entity/Q65606314,https://fr.wikipedia.org/wiki/Lionel_Vuibert,bac+5,gestion-commerce | agriculture,1,0,0,prive_uniquement,moyenne,Carrière essentiellement au sein d'une organisation patronale (UIMM) complétée par une activité d'éleveur.
PA2952,M.,Jean-Luc,Warsmann,1965-10-22,Villers Semeuse,"Libertés, Indépendants, Outre-mer et Territoires",Ardennes,3,Directeur de mutuelle,Cadres des services administratifs et commerciaux d’entreprise,Cadres et professions intellectuelles supérieures,http://www.wikidata.org/entity/Q509407,https://fr.wikipedia.org/wiki/Jean-Luc_Warsmann,bac+5,sciences politiques,1,0,0,prive_uniquement,haute,
PA267285,M.,Laurent,Wauquiez,1975-04-12,Lyon,Droite Républicaine,Haute-Loire,1,(33) - Cadre de la fonction publique,Cadres administratifs et techniques de la fonction publique,Cadres et professions intellectuelles supérieures,http://www.wikidata.org/entity/Q984375,https://fr.wikipedia.org/wiki/Laurent_Wauquiez,bac+5,sciences politiques | droit | lettres-sciences humaines,0,1,0,public_uniquement,haute,"Selon Wikidata il a aussi été lié à l'EM Lyon Business School, mais la biographie ne confirme pas la période, possiblement postérieure à son entrée en politique."
PA841479,M.,Frédéric,Weber,1973-05-21,Metz,Rassemblement National,Meurthe-et-Moselle,3,(43) - Profession intermédiaire de la santé et du travail social,"Professions de l’enseignement primaire et professionnel, de la formation continue et du sport",Professions intermédiaires,http://www.wikidata.org/entity/Q127274678,https://fr.wikipedia.org/wiki/Fr%C3%A9d%C3%A9ric_Weber,bac+3_4,medecine-sante,1,0,0,prive_uniquement,moyenne,"Biographie Wikipédia quasiment vide, mais déclaration HATVP (fichier local, 6 déclarations) très documentée : poste « Infirmier Santé au Travail » chez ArcelorMittal France, 01/2018-07/2024 (secteur privé, sidérurgie), avec un mandat syndical FO ArcelorMittal Florange en parallèle (01/2018-04/2023). Cohérent avec la profession déclarée officielle et le code INSEE (« profession intermédiaire de la santé et du travail social »). L'exercice de la profession d'infirmier suppose le diplôme d'État d'infirmier (bac+3, formation en IFSI) — inférence de profession réglementée, confiance ramenée à moyenne. Une activité ultérieure de dirigeant syndical au CH de Briey (hôpital public) apparaît à partir de 03/2026, donc après son mandat de député (élu en 2024) : non retenue dans le profil de carrière pré-mandat."
PA795326,M.,Christopher,Weissberg,1985-11-26,Neuilly-sur-Seine,Ensemble pour la République,Français établis hors de France,1,Cadre dirigeant,Cadres des services administratifs et commerciaux d’entreprise,Cadres et professions intellectuelles supérieures,http://www.wikidata.org/entity/Q112893812,https://fr.wikipedia.org/wiki/Christopher_Weissberg,bac+5,sciences politiques,1,0,0,politique_principalement,haute,Il est aussi resté restaurateur indépendant en parallèle de ses fonctions politiques.
PA720992,M.,Jiovanny,William,1985-06-03,Fort-de-France,Socialistes et apparentés,Martinique,1,Profession libérale,Professions libérales,Cadres et professions intellectuelles supérieures,http://www.wikidata.org/entity/Q112630933,https://fr.wikipedia.org/wiki/Jiovanny_William,bac+5,droit,1,0,0,prive_uniquement,haute,
PA795046,Mme,Caroline,Yadan,1968-08-14,Boulogne-Billancourt,Ensemble pour la République,Français établis hors de France,8,Avocat,Professions libérales,Cadres et professions intellectuelles supérieures,http://www.wikidata.org/entity/Q113015802,https://fr.wikipedia.org/wiki/Caroline_Yadan,bac+5,droit,1,0,0,prive_uniquement,moyenne,"Le niveau de diplôme (bac+5) est déduit de sa profession d'avocate, non explicité dans la biographie."
PA796078,Mme,Estelle,Youssouffa,1978-07-31,Chatenay-Malabry,"Libertés, Indépendants, Outre-mer et Territoires",Mayotte,1,Consultante,Professions libérales,Cadres et professions intellectuelles supérieures,http://www.wikidata.org/entity/Q107449933,https://fr.wikipedia.org/wiki/Estelle_Youssouffa,bac+5,communication-journalisme | sciences politiques,1,1,0,mixte_public_prive,moyenne,Le diplôme obtenu à l'UQAM n'est pas précisé mais son poste de chercheuse suggère un niveau avancé.
PA942,M.,Charles,de Courson,1952-04-02,Paris 16,"Libertés, Indépendants, Outre-mer et Territoires",Marne,5,Conseiller référendaire honoraire à la Cour des comptes,Cadres administratifs et techniques de la fonction publique,Cadres et professions intellectuelles supérieures,http://www.wikidata.org/entity/Q2960570,https://fr.wikipedia.org/wiki/Charles_de_Courson,bac+5,gestion-commerce | sciences politiques,0,1,0,public_uniquement,haute,"Carrière de haut fonctionnaire (Cour des comptes, Direction du Budget) avec un passage en cabinet ministériel avant d'entrer en politique élective."
PA841613,M.,Marc,de Fleurian,1989-02-07,Ploemeur,Rassemblement National,Pas-de-Calais,7,(33) - Cadre de la fonction publique,Cadres administratifs et techniques de la fonction publique,Cadres et professions intellectuelles supérieures,http://www.wikidata.org/entity/Q127256568,https://fr.wikipedia.org/wiki/Marc_de_Fleurian,bac+5,autre,0,1,0,public_uniquement,moyenne,"Décrit comme ancien militaire formé à Saint-Cyr, mais son parcours militaire n'est pas détaillé dans la biographie."
PA642988,M.,Hervé,de Lépinau,1969-06-08,Boulogne-Billancourt,Rassemblement National,Vaucluse,3,Avocat,Professions libérales,Cadres et professions intellectuelles supérieures,http://www.wikidata.org/entity/Q45029395,https://fr.wikipedia.org/wiki/Herv%C3%A9_de_L%C3%A9pinau,bac+5,droit,1,0,0,prive_uniquement,moyenne,"Le niveau de diplôme est déduit de sa profession d'avocat (CAPA obligatoire), non détaillé explicitement par la source."
PA842141,Mme,Élisabeth,de Maistre,1975-10-07,Paris,Droite Républicaine,Hauts-de-Seine,9,Avocat,Professions libérales,Cadres et professions intellectuelles supérieures,http://www.wikidata.org/entity/Q130316329,https://fr.wikipedia.org/wiki/%C3%89lisabeth_de_Maistre,bac+5,droit,1,0,0,prive_uniquement,haute,"Avocate au Barreau de Paris, en parallèle assistante parlementaire d'une sénatrice de 2017 à 2025."
PA841359,Mme,Constance,de Pélichy,1986-04-01,Blois,"Libertés, Indépendants, Outre-mer et Territoires",Loiret,3,Cadre supérieur,Cadres des services administratifs et commerciaux d’entreprise,Cadres et professions intellectuelles supérieures,http://www.wikidata.org/entity/Q63488178,https://fr.wikipedia.org/wiki/Constance_de_P%C3%A9lichy,bac+5,droit | sciences politiques | arts,1,0,0,politique_principalement,moyenne,Sa carrière combine un rôle dans l'entreprise familiale et une trajectoire essentiellement politique dès 2009.
